BCC_Name,B2_Name,Misfit,a_BCC,a_B2,B2_Formation_Energy,B2_VEC,B2_delta_r,B2_chi_avg,B2_delta_chi,B2_Hmix,BCC_Name,BCC_Mo,BCC_Ta,BCC_V,BCC_Nb,B2_Name,B2_Ru,B2_Hf,B2_Ti,B2_Zr,B2_Al,B2_Mo,B2_Nb,B2_Ta,B2_W,B2_V,B2_Cr,B2_Cu,B2_Si
Mo25-Ta75,B2_014_RuHf,-0.2376205031382724,3.26436851,2.571059804,-1.190557465,6.0,0.0821917808219178,1.75,0.45,-15.0,Mo25-Ta75,0.25,0.75,0.0,0.0,B2_014_RuHf,0.5,0.5,0.0,0.0,0.0,0.0,0.0,0.0,0.0,0.0,0.0,0.0,0.0
Mo25-Ta75,B2_015_RuTi,-0.28912599370661696,3.26436851,2.43976227,-1.048598035,6.0,0.0462633451957295,1.87,0.33,-10.0,Mo25-Ta75,0.25,0.75,0.0,0.0,B2_015_RuTi,0.5,0.0,0.5,0.0,0.0,0.0,0.0,0.0,0.0,0.0,0.0,0.0,0.0
Mo25-Ta75,B2_016_RuZr,-0.2285841389811153,3.26436851,2.59472104,-0.959079125,6.0,0.0884353741496598,1.765,0.435,-18.0,Mo25-Ta75,0.25,0.75,0.0,0.0,B2_016_RuZr,0.5,0.0,0.0,0.5,0.0,0.0,0.0,0.0,0.0,0.0,0.0,0.0,0.0
Mo25-Ta75,B2_017_RuAl,-0.30989395756301574,3.26436851,2.388477153,-1.00191235,5.5,0.0324909747292418,1.905,0.295,-20.0,Mo25-Ta75,0.25,0.75,0.0,0.0,B2_017_RuAl,0.5,0.0,0.0,0.0,0.5,0.0,0.0,0.0,0.0,0.0,0.0,0.0,0.0
Mo25-Ta75,MATRIX_BIN_018_Nb12_Mo87,-0.2587578322959795,3.26436851,2.516452193,-0.074598622,5.875,0.0162666672861703,2.0928,0.1819784602638455,-0.8448,Mo25-Ta75,0.25,0.75,0.0,0.0,MATRIX_BIN_018_Nb12_Mo87,0.0,0.0,0.0,0.0,0.0,0.875,0.125,0.0,0.0,0.0,0.0,0.0,0.0
Mo25-Ta75,MATRIX_BIN_019_Nb25_Mo75,-0.023524893988160763,3.26436851,3.18846737,-0.093096702,5.75,0.0215352675896663,2.02,0.2424871130596428,-1.5,Mo25-Ta75,0.25,0.75,0.0,0.0,MATRIX_BIN_019_Nb25_Mo75,0.0,0.0,0.0,0.0,0.0,0.75,0.25,0.0,0.0,0.0,0.0,0.0,0.0
Mo25-Ta75,MATRIX_BIN_020_Nb50_Mo50,0.21928857931966275,3.26436851,4.068360358,-0.068167471,5.5,0.0245614035087719,1.88,0.28,-2.0,Mo25-Ta75,0.25,0.75,0.0,0.0,MATRIX_BIN_020_Nb50_Mo50,0.0,0.0,0.0,0.0,0.0,0.5,0.5,0.0,0.0,0.0,0.0,0.0,0.0
Mo25-Ta75,MATRIX_BIN_021_Nb75_Mo25,0.0036456327095291,3.26436851,3.276290931,-0.003897255,5.25,0.0210127480987559,1.7400000000000002,0.2424871130596428,-1.5,Mo25-Ta75,0.25,0.75,0.0,0.0,MATRIX_BIN_021_Nb75_Mo25,0.0,0.0,0.0,0.0,0.0,0.25,0.75,0.0,0.0,0.0,0.0,0.0,0.0
Mo25-Ta75,MATRIX_BIN_022_Nb87_Mo12,-0.21944392711189156,3.26436851,2.618850201,0.026755452,5.125,0.0156705067050018,1.6672000000000002,0.1819784602638455,-0.8448,Mo25-Ta75,0.25,0.75,0.0,0.0,MATRIX_BIN_022_Nb87_Mo12,0.0,0.0,0.0,0.0,0.0,0.125,0.875,0.0,0.0,0.0,0.0,0.0,0.0
Mo25-Ta75,MATRIX_BIN_023_Nb12_Ta87,-0.2155689766304423,3.26436851,2.629139739,0.01664066,5.0,0.0,1.512,0.0324961536185438,-0.4224,Mo25-Ta75,0.25,0.75,0.0,0.0,MATRIX_BIN_023_Nb12_Ta87,0.0,0.0,0.0,0.0,0.0,0.0,0.125,0.875,0.0,0.0,0.0,0.0,0.0
Mo25-Ta75,MATRIX_BIN_024_Nb25_Ta75,0.015288191810434294,3.26436851,3.314659229,0.02257152,5.0,0.0,1.525,0.0433012701892219,-0.75,Mo25-Ta75,0.25,0.75,0.0,0.0,MATRIX_BIN_024_Nb25_Ta75,0.0,0.0,0.0,0.0,0.0,0.0,0.25,0.75,0.0,0.0,0.0,0.0,0.0
Mo25-Ta75,MATRIX_BIN_025_Nb50_Ta50,0.24635339334890294,3.26436851,4.181529649,0.032388069,5.0,0.0,1.55,0.05,-1.0,Mo25-Ta75,0.25,0.75,0.0,0.0,MATRIX_BIN_025_Nb50_Ta50,0.0,0.0,0.0,0.0,0.0,0.0,0.5,0.5,0.0,0.0,0.0,0.0,0.0
Mo25-Ta75,MATRIX_BIN_026_Nb75_Ta25,0.017585364971482564,3.26436851,3.322282844,0.043369138,5.0,0.0,1.5750000000000002,0.0433012701892219,-0.75,Mo25-Ta75,0.25,0.75,0.0,0.0,MATRIX_BIN_026_Nb75_Ta25,0.0,0.0,0.0,0.0,0.0,0.0,0.75,0.25,0.0,0.0,0.0,0.0,0.0
Mo25-Ta75,MATRIX_BIN_027_Nb87_Ta12,-0.2122104641011126,3.26436851,2.638087089,0.04776952,5.0,0.0,1.588,0.0324961536185438,-0.4224,Mo25-Ta75,0.25,0.75,0.0,0.0,MATRIX_BIN_027_Nb87_Ta12,0.0,0.0,0.0,0.0,0.0,0.0,0.875,0.125,0.0,0.0,0.0,0.0,0.0
Mo25-Ta75,MATRIX_BIN_028_Nb12_W87,-0.253462628460051,3.26436851,2.53003601,-0.064576028,5.875,0.0162666672861703,2.2688,0.2469707675009331,-0.8448,Mo25-Ta75,0.25,0.75,0.0,0.0,MATRIX_BIN_028_Nb12_W87,0.0,0.0,0.0,0.0,0.0,0.0,0.125,0.0,0.875,0.0,0.0,0.0,0.0
Mo25-Ta75,MATRIX_BIN_029_Nb25_W75,-0.01926065495158467,3.26436851,3.202094355,-0.067975525,5.75,0.0215352675896663,2.17,0.3290896534380866,-1.5,Mo25-Ta75,0.25,0.75,0.0,0.0,MATRIX_BIN_029_Nb25_W75,0.0,0.0,0.0,0.0,0.0,0.0,0.25,0.0,0.75,0.0,0.0,0.0,0.0
Mo25-Ta75,MATRIX_BIN_030_Nb50_W50,0.2214005847401943,3.26436851,4.077067638,-0.024208031,5.5,0.0245614035087719,1.98,0.3799999999999999,-2.0,Mo25-Ta75,0.25,0.75,0.0,0.0,MATRIX_BIN_030_Nb50_W50,0.0,0.0,0.0,0.0,0.0,0.0,0.5,0.0,0.5,0.0,0.0,0.0,0.0
Mo25-Ta75,MATRIX_BIN_031_Nb75_W25,0.004212377417366559,3.26436851,3.278148285,0.026336168,5.25,0.0210127480987559,1.79,0.3290896534380866,-1.5,Mo25-Ta75,0.25,0.75,0.0,0.0,MATRIX_BIN_031_Nb75_W25,0.0,0.0,0.0,0.0,0.0,0.0,0.75,0.0,0.25,0.0,0.0,0.0,0.0
Mo25-Ta75,MATRIX_BIN_032_Nb87_W12,-0.21899661130002257,3.26436851,2.620036168,0.042204846,5.125,0.0156705067050018,1.6912,0.2469707675009331,-0.8448,Mo25-Ta75,0.25,0.75,0.0,0.0,MATRIX_BIN_032_Nb87_W12,0.0,0.0,0.0,0.0,0.0,0.0,0.875,0.0,0.125,0.0,0.0,0.0,0.0
Mo25-Ta75,MATRIX_BIN_033_Nb12_V87,-0.3024920296992569,3.26436851,2.406649618,0.08248568,5.0,0.0287916304948704,1.6263999999999998,0.009748846085563,-0.4224,Mo25-Ta75,0.25,0.75,0.0,0.0,MATRIX_BIN_033_Nb12_V87,0.0,0.0,0.0,0.0,0.0,0.0,0.125,0.0,0.0,0.875,0.0,0.0,0.0
Mo25-Ta75,MATRIX_BIN_034_Nb25_V75,-0.05786293337310784,3.26436851,3.080793662,0.119704924,5.0,0.0379281198737709,1.6225,0.0129903810567664,-0.75,Mo25-Ta75,0.25,0.75,0.0,0.0,MATRIX_BIN_034_Nb25_V75,0.0,0.0,0.0,0.0,0.0,0.0,0.25,0.0,0.0,0.75,0.0,0.0,0.0
Mo25-Ta75,MATRIX_BIN_035_Nb50_V50,0.20195899682576507,3.26436851,3.997687259,0.146260085,5.0,0.0428571428571428,1.615,0.0149999999999999,-1.0,Mo25-Ta75,0.25,0.75,0.0,0.0,MATRIX_BIN_035_Nb50_V50,0.0,0.0,0.0,0.0,0.0,0.0,0.5,0.0,0.0,0.5,0.0,0.0,0.0
Mo25-Ta75,MATRIX_BIN_036_Nb75_V25,-0.0036341498197881177,3.26436851,3.252526823,0.114812331,5.0,0.0363367302287176,1.6075000000000002,0.0129903810567664,-0.75,Mo25-Ta75,0.25,0.75,0.0,0.0,MATRIX_BIN_036_Nb75_V25,0.0,0.0,0.0,0.0,0.0,0.0,0.75,0.0,0.0,0.25,0.0,0.0,0.0
Mo25-Ta75,MATRIX_BIN_037_Nb87_V12,-0.22271570533628354,3.26436851,2.61019026,0.086073827,5.0,0.0269752243651442,1.6036,0.009748846085563,-0.4224,Mo25-Ta75,0.25,0.75,0.0,0.0,MATRIX_BIN_037_Nb87_V12,0.0,0.0,0.0,0.0,0.0,0.0,0.875,0.0,0.0,0.125,0.0,0.0,0.0
Mo25-Ta75,MATRIX_BIN_038_Mo12_Ta87,-0.2229993949868051,3.26436851,2.609440574,-0.021898875,5.125,0.0156705067050018,1.5792000000000002,0.2144746138823893,-0.8448,Mo25-Ta75,0.25,0.75,0.0,0.0,MATRIX_BIN_038_Mo12_Ta87,0.0,0.0,0.0,0.0,0.0,0.125,0.0,0.875,0.0,0.0,0.0,0.0,0.0
Mo25-Ta75,MATRIX_BIN_039_Mo25_Ta75,0.00019571977523288607,3.26436851,3.265007474,-0.045341345,5.25,0.0210127480987559,1.665,0.2857883832488648,-1.5,Mo25-Ta75,0.25,0.75,0.0,0.0,MATRIX_BIN_039_Mo25_Ta75,0.0,0.0,0.0,0.0,0.0,0.25,0.0,0.75,0.0,0.0,0.0,0.0,0.0
Mo25-Ta75,MATRIX_BIN_040_Mo50_Ta50,0.21643090775203494,3.26436851,4.056611707,-0.115010835,5.5,0.0245614035087719,1.83,0.33,-2.0,Mo25-Ta75,0.25,0.75,0.0,0.0,MATRIX_BIN_040_Mo50_Ta50,0.0,0.0,0.0,0.0,0.0,0.5,0.0,0.5,0.0,0.0,0.0,0.0,0.0
Mo25-Ta75,MATRIX_BIN_041_Mo75_Ta25,-0.025041770444784006,3.26436851,3.183633813,-0.13445637,5.75,0.0215352675896663,1.995,0.2857883832488648,-1.5,Mo25-Ta75,0.25,0.75,0.0,0.0,MATRIX_BIN_041_Mo75_Ta25,0.0,0.0,0.0,0.0,0.0,0.75,0.0,0.25,0.0,0.0,0.0,0.0,0.0
Mo25-Ta75,MATRIX_BIN_042_Mo87_Ta12,-0.2595298743976785,3.26436851,2.514476987,-0.10635318,5.875,0.0162666672861703,2.0808,0.2144746138823893,-0.8448,Mo25-Ta75,0.25,0.75,0.0,0.0,MATRIX_BIN_042_Mo87_Ta12,0.0,0.0,0.0,0.0,0.0,0.875,0.0,0.125,0.0,0.0,0.0,0.0,0.0
Mo25-Ta75,MATRIX_BIN_043_Mo12_W87,-0.2591487490588994,3.26436851,2.515451896,-0.03228228,6.0,0.0,2.336,0.0649923072370876,-0.4224,Mo25-Ta75,0.25,0.75,0.0,0.0,MATRIX_BIN_043_Mo12_W87,0.0,0.0,0.0,0.0,0.0,0.125,0.0,0.0,0.875,0.0,0.0,0.0,0.0
Mo25-Ta75,MATRIX_BIN_044_Mo25_W75,-0.03029747001045151,3.26436851,3.166942287,-0.031021756,6.0,0.0,2.31,0.0866025403784437,-0.75,Mo25-Ta75,0.25,0.75,0.0,0.0,MATRIX_BIN_044_Mo25_W75,0.0,0.0,0.0,0.0,0.0,0.25,0.0,0.0,0.75,0.0,0.0,0.0,0.0
Mo25-Ta75,MATRIX_BIN_045_Mo50_W50,0.19861384395829734,3.26436851,3.984201707,-0.031400886,6.0,0.0,2.26,0.0999999999999998,-1.0,Mo25-Ta75,0.25,0.75,0.0,0.0,MATRIX_BIN_045_Mo50_W50,0.0,0.0,0.0,0.0,0.0,0.5,0.0,0.0,0.5,0.0,0.0,0.0,0.0
Mo25-Ta75,MATRIX_BIN_046_Mo75_W25,-0.03325980598642609,3.26436851,3.157572258,-0.029765179,6.0,0.0,2.21,0.0866025403784437,-0.75,Mo25-Ta75,0.25,0.75,0.0,0.0,MATRIX_BIN_046_Mo75_W25,0.0,0.0,0.0,0.0,0.0,0.75,0.0,0.0,0.25,0.0,0.0,0.0,0.0
Mo25-Ta75,MATRIX_BIN_047_Mo87_W12,-0.2636371401245856,3.26436851,2.503991537,-0.029998622,6.0,0.0,2.184,0.0649923072370876,-0.4224,Mo25-Ta75,0.25,0.75,0.0,0.0,MATRIX_BIN_047_Mo87_W12,0.0,0.0,0.0,0.0,0.0,0.875,0.0,0.0,0.125,0.0,0.0,0.0,0.0
Mo25-Ta75,MATRIX_BIN_048_Mo12_V87,-0.31212252168616633,3.26436851,2.383028597,-0.006338223,5.125,0.0120713795016878,1.6936,0.1722296141782824,-0.4224,Mo25-Ta75,0.25,0.75,0.0,0.0,MATRIX_BIN_048_Mo12_V87,0.0,0.0,0.0,0.0,0.0,0.125,0.0,0.0,0.0,0.875,0.0,0.0,0.0
Mo25-Ta75,MATRIX_BIN_049_Mo25_V75,-0.07672858645561419,3.26436851,3.023152221,-0.037424369,5.25,0.0160078632862187,1.7625,0.2294967320028763,-0.75,Mo25-Ta75,0.25,0.75,0.0,0.0,MATRIX_BIN_049_Mo25_V75,0.0,0.0,0.0,0.0,0.0,0.25,0.0,0.0,0.0,0.75,0.0,0.0,0.0
Mo25-Ta75,MATRIX_BIN_050_Mo50_V50,0.16760657568632625,3.26436851,3.861543353,-0.097449414,5.5,0.0183150183150182,1.895,0.2650000000000001,-1.0,Mo25-Ta75,0.25,0.75,0.0,0.0,MATRIX_BIN_050_Mo50_V50,0.0,0.0,0.0,0.0,0.0,0.5,0.0,0.0,0.0,0.5,0.0,0.0,0.0
Mo25-Ta75,MATRIX_BIN_051_Mo75_V25,-0.049235367542147156,3.26436851,3.107507677,-0.114008179,5.75,0.0157173394516231,2.0275,0.2294967320028763,-0.75,Mo25-Ta75,0.25,0.75,0.0,0.0,MATRIX_BIN_051_Mo75_V25,0.0,0.0,0.0,0.0,0.0,0.75,0.0,0.0,0.0,0.25,0.0,0.0,0.0
Mo25-Ta75,MATRIX_BIN_052_Mo87_V12,-0.27133043181975897,3.26436851,2.484453351,-0.088360288,5.875,0.0117399398910924,2.0964,0.1722296141782824,-0.4224,Mo25-Ta75,0.25,0.75,0.0,0.0,MATRIX_BIN_052_Mo87_V12,0.0,0.0,0.0,0.0,0.0,0.875,0.0,0.0,0.0,0.125,0.0,0.0,0.0
Mo25-Ta75,MATRIX_BIN_053_Ta12_W87,-0.2541168007011836,3.26436851,2.528354403,-0.093051999,5.875,0.0162666672861703,2.2568,0.279466921119477,-0.4224,Mo25-Ta75,0.25,0.75,0.0,0.0,MATRIX_BIN_053_Ta12_W87,0.0,0.0,0.0,0.0,0.0,0.0,0.0,0.125,0.875,0.0,0.0,0.0,0.0
Mo25-Ta75,MATRIX_BIN_054_Ta25_W75,-0.02060469273071614,3.26436851,3.197793083,-0.107372831,5.75,0.0215352675896663,2.145,0.3723909236273086,-0.75,Mo25-Ta75,0.25,0.75,0.0,0.0,MATRIX_BIN_054_Ta25_W75,0.0,0.0,0.0,0.0,0.0,0.0,0.0,0.25,0.75,0.0,0.0,0.0,0.0
Mo25-Ta75,MATRIX_BIN_055_Ta50_W50,0.2192830587230398,3.26436851,4.068337625,-0.070797609,5.5,0.0245614035087719,1.93,0.4299999999999999,-1.0,Mo25-Ta75,0.25,0.75,0.0,0.0,MATRIX_BIN_055_Ta50_W50,0.0,0.0,0.0,0.0,0.0,0.0,0.0,0.5,0.5,0.0,0.0,0.0,0.0
Mo25-Ta75,MATRIX_BIN_056_Ta75_W25,0.0012929293230113123,3.26436851,3.268591838,-0.021707099,5.25,0.0210127480987559,1.715,0.3723909236273086,-0.75,Mo25-Ta75,0.25,0.75,0.0,0.0,MATRIX_BIN_056_Ta75_W25,0.0,0.0,0.0,0.0,0.0,0.0,0.0,0.75,0.25,0.0,0.0,0.0,0.0
Mo25-Ta75,MATRIX_BIN_057_Ta87_W12,-0.22250544090838756,3.26436851,2.610746034,-0.005622646,5.125,0.0156705067050018,1.6032,0.279466921119477,-0.4224,Mo25-Ta75,0.25,0.75,0.0,0.0,MATRIX_BIN_057_Ta87_W12,0.0,0.0,0.0,0.0,0.0,0.0,0.0,0.875,0.125,0.0,0.0,0.0,0.0
Mo25-Ta75,MATRIX_BIN_058_Ta12_V87,-0.3027980271704992,3.26436851,2.405896049,0.06873568,5.0,0.0287916304948704,1.6143999999999998,0.0422449997041069,0.0,Mo25-Ta75,0.25,0.75,0.0,0.0,MATRIX_BIN_058_Ta12_V87,0.0,0.0,0.0,0.0,0.0,0.0,0.0,0.125,0.0,0.875,0.0,0.0,0.0
Mo25-Ta75,MATRIX_BIN_059_Ta25_V75,-0.05810775079106935,3.26436851,3.080038888,0.103170482,5.0,0.0379281198737709,1.5975,0.0562916512459884,0.0,Mo25-Ta75,0.25,0.75,0.0,0.0,MATRIX_BIN_059_Ta25_V75,0.0,0.0,0.0,0.0,0.0,0.0,0.0,0.25,0.0,0.75,0.0,0.0,0.0
Mo25-Ta75,MATRIX_BIN_060_Ta50_V50,0.20059361219389915,3.26436851,3.992176831,0.118279576,5.0,0.0428571428571428,1.565,0.0649999999999999,0.0,Mo25-Ta75,0.25,0.75,0.0,0.0,MATRIX_BIN_060_Ta50_V50,0.0,0.0,0.0,0.0,0.0,0.0,0.0,0.5,0.0,0.5,0.0,0.0,0.0
Mo25-Ta75,MATRIX_BIN_061_Ta75_V25,-0.006183535023668219,3.26436851,3.244245389,0.083356798,5.0,0.0363367302287176,1.5325,0.0562916512459884,0.0,Mo25-Ta75,0.25,0.75,0.0,0.0,MATRIX_BIN_061_Ta75_V25,0.0,0.0,0.0,0.0,0.0,0.0,0.0,0.75,0.0,0.25,0.0,0.0,0.0
Mo25-Ta75,MATRIX_BIN_062_Ta87_V12,-0.22598393808045594,3.26436851,2.601565119,0.048231505,5.0,0.0269752243651442,1.5156,0.0422449997041069,0.0,Mo25-Ta75,0.25,0.75,0.0,0.0,MATRIX_BIN_062_Ta87_V12,0.0,0.0,0.0,0.0,0.0,0.0,0.0,0.875,0.0,0.125,0.0,0.0,0.0
Mo25-Ta75,MATRIX_BIN_063_W12_V87,-0.31066618709947347,3.26436851,2.38658796,0.007573578,5.125,0.0120713795016878,1.7175999999999998,0.23722192141537,0.0,Mo25-Ta75,0.25,0.75,0.0,0.0,MATRIX_BIN_063_W12_V87,0.0,0.0,0.0,0.0,0.0,0.0,0.0,0.0,0.125,0.875,0.0,0.0,0.0
Mo25-Ta75,MATRIX_BIN_064_W25_V75,-0.07365030551893532,3.26436851,3.032485885,-0.010397496,5.25,0.0160078632862187,1.8125,0.3160992723813201,0.0,Mo25-Ta75,0.25,0.75,0.0,0.0,MATRIX_BIN_064_W25_V75,0.0,0.0,0.0,0.0,0.0,0.0,0.0,0.0,0.25,0.75,0.0,0.0,0.0
Mo25-Ta75,MATRIX_BIN_065_W50_V50,0.17278974476333403,3.26436851,3.881757122,-0.05491275,5.5,0.0183150183150182,1.995,0.365,0.0,Mo25-Ta75,0.25,0.75,0.0,0.0,MATRIX_BIN_065_W50_V50,0.0,0.0,0.0,0.0,0.0,0.0,0.0,0.0,0.5,0.5,0.0,0.0,0.0
Mo25-Ta75,MATRIX_BIN_066_W75_V25,-0.0429525626160261,3.26436851,3.12710346,-0.09208095,5.75,0.0157173394516231,2.1775,0.3160992723813201,0.0,Mo25-Ta75,0.25,0.75,0.0,0.0,MATRIX_BIN_066_W75_V25,0.0,0.0,0.0,0.0,0.0,0.0,0.0,0.0,0.75,0.25,0.0,0.0,0.0
Mo25-Ta75,MATRIX_BIN_067_W87_V12,-0.26512985981043097,3.26436851,2.50019019,-0.084931073,5.875,0.0117399398910924,2.2724,0.23722192141537,0.0,Mo25-Ta75,0.25,0.75,0.0,0.0,MATRIX_BIN_067_W87_V12,0.0,0.0,0.0,0.0,0.0,0.0,0.0,0.0,0.875,0.125,0.0,0.0,0.0
Mo25-Ta75,MATRIX_TERN_068_Nb33_Mo33_Ta33,0.13196539619582617,3.26436851,3.725584467,-0.065262171,5.333333333,0.0229686657461987,1.7533333333333334,0.2904402788105596,-2.2222222222222228,Mo25-Ta75,0.25,0.75,0.0,0.0,MATRIX_TERN_068_Nb33_Mo33_Ta33,0.0,0.0,0.0,0.0,0.0,0.333333333,0.333333333,0.333333333,0.0,0.0,0.0,0.0,0.0
Mo25-Ta75,MATRIX_TERN_069_Nb33_Mo33_W33,0.11830320947521877,3.26436851,3.674833441,-0.049686914,5.666666667,0.0233478654165369,2.0400000000000005,0.3216623488483951,-2.2222222222222223,Mo25-Ta75,0.25,0.75,0.0,0.0,MATRIX_TERN_069_Nb33_Mo33_W33,0.0,0.0,0.0,0.0,0.0,0.333333333,0.333333333,0.0,0.333333333,0.0,0.0,0.0,0.0
Mo25-Ta75,MATRIX_TERN_070_Nb33_Mo33_V33,0.10159875974931612,3.26436851,3.613773878,-0.013214523,5.333333333,0.0352382411938744,1.7966666666666669,0.2572072229848058,-1.777777777777778,Mo25-Ta75,0.25,0.75,0.0,0.0,MATRIX_TERN_070_Nb33_Mo33_V33,0.0,0.0,0.0,0.0,0.0,0.333333333,0.333333333,0.0,0.0,0.333333333,0.0,0.0,0.0
Mo25-Ta75,MATRIX_TERN_071_Nb33_Ta33_W33,0.13322751674323183,3.26436851,3.730310358,-0.031019427,5.333333333,0.0229686657461987,1.82,0.3840138886377244,-1.777777777777778,Mo25-Ta75,0.25,0.75,0.0,0.0,MATRIX_TERN_071_Nb33_Ta33_W33,0.0,0.0,0.0,0.0,0.0,0.0,0.333333333,0.333333333,0.333333333,0.0,0.0,0.0,0.0
Mo25-Ta75,MATRIX_TERN_072_Nb33_Ta33_V33,0.121081655946086,3.26436851,3.685094771,0.08652521,5.0,0.0398370017569885,1.5766666666666669,0.0555777733351102,-0.8888888888888891,Mo25-Ta75,0.25,0.75,0.0,0.0,MATRIX_TERN_072_Nb33_Ta33_V33,0.0,0.0,0.0,0.0,0.0,0.0,0.333333333,0.333333333,0.0,0.333333333,0.0,0.0,0.0
Mo25-Ta75,MATRIX_TERN_073_Nb33_W33_V33,0.10396164105705687,3.26436851,3.622345558,0.018775382,5.333333333,0.0352382411938744,1.8633333333333333,0.351409858838492,-1.3333333333333337,Mo25-Ta75,0.25,0.75,0.0,0.0,MATRIX_TERN_073_Nb33_W33_V33,0.0,0.0,0.0,0.0,0.0,0.0,0.333333333,0.0,0.333333333,0.333333333,0.0,0.0,0.0
Mo25-Ta75,MATRIX_TERN_074_Mo33_Ta33_W33,0.1165182703981984,3.26436851,3.668257294,-0.093088097,5.666666667,0.0233478654165369,2.006666666666667,0.3674537007872178,-1.777777777777778,Mo25-Ta75,0.25,0.75,0.0,0.0,MATRIX_TERN_074_Mo33_Ta33_W33,0.0,0.0,0.0,0.0,0.0,0.333333333,0.0,0.333333333,0.333333333,0.0,0.0,0.0,0.0
Mo25-Ta75,MATRIX_TERN_075_Mo33_Ta33_V33,0.09989441496449436,3.26436851,3.607604365,-0.042224622,5.333333333,0.0352382411938744,1.7633333333333336,0.2854625875467553,-1.3333333333333337,Mo25-Ta75,0.25,0.75,0.0,0.0,MATRIX_TERN_075_Mo33_Ta33_V33,0.0,0.0,0.0,0.0,0.0,0.333333333,0.0,0.333333333,0.0,0.333333333,0.0,0.0,0.0
Mo25-Ta75,MATRIX_TERN_076_Mo33_W33_V33,0.08491151194425757,3.26436851,3.553840738,-0.074437179,5.666666667,0.0171627859511297,2.0500000000000003,0.3080043289739069,-0.8888888888888891,Mo25-Ta75,0.25,0.75,0.0,0.0,MATRIX_TERN_076_Mo33_W33_V33,0.0,0.0,0.0,0.0,0.0,0.333333333,0.0,0.0,0.333333333,0.333333333,0.0,0.0,0.0
Mo25-Ta75,MATRIX_TERN_077_Ta33_W33_V33,0.10234617212462745,3.26436851,3.616482912,-0.005449438,5.333333333,0.0352382411938744,1.83,0.3785058343892028,-0.4444444444444445,Mo25-Ta75,0.25,0.75,0.0,0.0,MATRIX_TERN_077_Ta33_W33_V33,0.0,0.0,0.0,0.0,0.0,0.0,0.0,0.333333333,0.333333333,0.333333333,0.0,0.0,0.0
Mo25-Ta75,B2_TERN_SOL_078_Ru_Hf87_Nb12,-0.24109659707532913,3.26436851,2.562008656,-1.091011246,6.0625,0.079929319846275,1.7680000000000002,0.4374654272053965,-14.1168,Mo25-Ta75,0.25,0.75,0.0,0.0,B2_TERN_SOL_078_Ru_Hf87_Nb12,0.5,0.4375,0.0,0.0,0.0,0.0,0.0625,0.0,0.0,0.0,0.0,0.0,0.0
Mo25-Ta75,B2_TERN_SOL_079_Ru_Hf75_Nb25,-0.013324093864503483,3.26436851,3.221161604,-0.990479496,6.125,0.0772310128363896,1.786,0.4237971212738473,-13.1472,Mo25-Ta75,0.25,0.75,0.0,0.0,B2_TERN_SOL_079_Ru_Hf75_Nb25,0.5,0.375,0.0,0.0,0.0,0.0,0.125,0.0,0.0,0.0,0.0,0.0,0.0
Mo25-Ta75,B2_TERN_SOL_080_Ru_Hf87_Mo12,-0.24402809943218343,3.26436851,2.554397326,-1.011580317,6.125,0.0808002001785193,1.8016,0.4447172584912801,-14.16,Mo25-Ta75,0.25,0.75,0.0,0.0,B2_TERN_SOL_080_Ru_Hf87_Mo12,0.5,0.4375,0.0,0.0,0.0,0.0625,0.0,0.0,0.0,0.0,0.0,0.0,0.0
Mo25-Ta75,B2_TERN_SOL_081_Ru_Hf75_Mo25,-0.019874944727847264,3.26436851,3.200127757,-0.833822359,6.25,0.0785362630419332,1.8532,0.4332686926146408,-13.32,Mo25-Ta75,0.25,0.75,0.0,0.0,B2_TERN_SOL_081_Ru_Hf75_Mo25,0.5,0.375,0.0,0.0,0.0,0.125,0.0,0.0,0.0,0.0,0.0,0.0,0.0
Mo25-Ta75,B2_TERN_SOL_082_Ru_Hf87_Ta12,-0.241755541660289,3.26436851,2.560296043,-1.113680888,6.0625,0.079929319846275,1.7620000000000002,0.4404043596514458,-13.68,Mo25-Ta75,0.25,0.75,0.0,0.0,B2_TERN_SOL_082_Ru_Hf87_Ta12,0.5,0.4375,0.0,0.0,0.0,0.0,0.0,0.0625,0.0,0.0,0.0,0.0,0.0
Mo25-Ta75,B2_TERN_SOL_083_Ru_Hf75_Ta25,-0.014752621241768155,3.26436851,3.216563145,-1.032519678,6.125,0.0772310128363896,1.774,0.4302603862778911,-12.36,Mo25-Ta75,0.25,0.75,0.0,0.0,B2_TERN_SOL_083_Ru_Hf75_Ta25,0.5,0.375,0.0,0.0,0.0,0.0,0.0,0.125,0.0,0.0,0.0,0.0,0.0
Mo25-Ta75,B2_TERN_SOL_084_Ru_Hf87_W12,-0.2440470806925281,3.26436851,2.554348108,-1.017173511,6.125,0.0808002001785193,1.8136,0.4567614694783263,-13.92,Mo25-Ta75,0.25,0.75,0.0,0.0,B2_TERN_SOL_084_Ru_Hf87_W12,0.5,0.4375,0.0,0.0,0.0,0.0,0.0,0.0,0.0625,0.0,0.0,0.0,0.0
Mo25-Ta75,B2_TERN_SOL_085_Ru_Hf75_W25,-0.019635676887353234,3.26436851,3.200893611,-0.836868509,6.25,0.0785362630419332,1.8772,0.4546120983871855,-12.84,Mo25-Ta75,0.25,0.75,0.0,0.0,B2_TERN_SOL_085_Ru_Hf75_W25,0.5,0.375,0.0,0.0,0.0,0.0,0.0,0.0,0.125,0.0,0.0,0.0,0.0
Mo25-Ta75,B2_TERN_SOL_086_Ru_Hf87_V12,-0.24728275772909478,3.26436851,2.545970218,-1.063735031,6.0625,0.0824106716944606,1.7698,0.4368317296167943,-13.44,Mo25-Ta75,0.25,0.75,0.0,0.0,B2_TERN_SOL_086_Ru_Hf87_V12,0.5,0.4375,0.0,0.0,0.0,0.0,0.0,0.0,0.0,0.0625,0.0,0.0,0.0
Mo25-Ta75,B2_TERN_SOL_087_Ru_Hf75_V25,-0.02592800051560624,3.26436851,3.180813173,-0.946727169,6.125,0.0813951555025931,1.7896,0.4223266981851847,-11.88,Mo25-Ta75,0.25,0.75,0.0,0.0,B2_TERN_SOL_087_Ru_Hf75_V25,0.5,0.375,0.0,0.0,0.0,0.0,0.0,0.0,0.0,0.125,0.0,0.0,0.0
Mo25-Ta75,B2_TERN_SOL_088_Ru_Ti87_Nb12,-0.2841756158782478,3.26436851,2.452124543,-0.983188993,6.0625,0.04588506177003,1.8736,0.3266910467092724,-9.6112,Mo25-Ta75,0.25,0.75,0.0,0.0,B2_TERN_SOL_088_Ru_Ti87_Nb12,0.5,0.0,0.4375,0.0,0.0,0.0,0.0625,0.0,0.0,0.0,0.0,0.0,0.0
Mo25-Ta75,B2_TERN_SOL_089_Ru_Ti75_Nb25,-0.0507168712718505,3.26436851,3.102904429,-0.903188944,6.125,0.0454989552387946,1.8772,0.3233081502220444,-9.1648,Mo25-Ta75,0.25,0.75,0.0,0.0,B2_TERN_SOL_089_Ru_Ti75_Nb25,0.5,0.0,0.375,0.0,0.0,0.0,0.125,0.0,0.0,0.0,0.0,0.0,0.0
Mo25-Ta75,B2_TERN_SOL_090_Ru_Ti87_Mo12,-0.2878195419303802,3.26436851,2.443019595,-0.92145562,6.125,0.0449536510398423,1.9072,0.3256196554263886,-9.760000000000002,Mo25-Ta75,0.25,0.75,0.0,0.0,B2_TERN_SOL_090_Ru_Ti87_Mo12,0.5,0.0,0.4375,0.0,0.0,0.0625,0.0,0.0,0.0,0.0,0.0,0.0,0.0
Mo25-Ta75,B2_TERN_SOL_091_Ru_Ti75_Mo25,-0.0568605142275998,3.26436851,3.083886002,-0.762838311,6.25,0.0433128345312989,1.9444,0.3168416639269527,-9.52,Mo25-Ta75,0.25,0.75,0.0,0.0,B2_TERN_SOL_091_Ru_Ti75_Mo25,0.5,0.0,0.375,0.0,0.0,0.125,0.0,0.0,0.0,0.0,0.0,0.0,0.0
Mo25-Ta75,B2_TERN_SOL_092_Ru_Ti87_Ta12,-0.284816853415156,3.26436851,2.4505202,-1.012091649,6.0625,0.04588506177003,1.8676,0.3325270515311499,-9.28,Mo25-Ta75,0.25,0.75,0.0,0.0,B2_TERN_SOL_092_Ru_Ti87_Ta12,0.5,0.0,0.4375,0.0,0.0,0.0,0.0,0.0625,0.0,0.0,0.0,0.0,0.0
Mo25-Ta75,B2_TERN_SOL_093_Ru_Ti75_Ta25,-0.052040173222130275,3.26436851,3.098798357,-0.958150623,6.125,0.0454989552387946,1.8652,0.3350178502706983,-8.559999999999999,Mo25-Ta75,0.25,0.75,0.0,0.0,B2_TERN_SOL_093_Ru_Ti75_Ta25,0.5,0.0,0.375,0.0,0.0,0.0,0.0,0.125,0.0,0.0,0.0,0.0,0.0
Mo25-Ta75,B2_TERN_SOL_094_Ru_Ti87_W12,-0.2875198439018233,3.26436851,2.443767345,-0.933472753,6.125,0.0449536510398423,1.9192,0.338158779273879,-9.52,Mo25-Ta75,0.25,0.75,0.0,0.0,B2_TERN_SOL_094_Ru_Ti87_W12,0.5,0.0,0.4375,0.0,0.0,0.0,0.0,0.0,0.0625,0.0,0.0,0.0,0.0
Mo25-Ta75,B2_TERN_SOL_095_Ru_Ti75_W25,-0.057411467123461374,3.26436851,3.082186007,-0.789613358,6.25,0.0433128345312989,1.9684,0.3390596407713546,-9.04,Mo25-Ta75,0.25,0.75,0.0,0.0,B2_TERN_SOL_095_Ru_Ti75_W25,0.5,0.0,0.375,0.0,0.0,0.0,0.0,0.0,0.125,0.0,0.0,0.0,0.0
Mo25-Ta75,B2_TERN_SOL_096_Ru_Ti87_V12,-0.2920029556142073,3.26436851,2.432602346,-0.982724607,6.0625,0.0461854444311139,1.8754,0.3252581128888256,-9.04,Mo25-Ta75,0.25,0.75,0.0,0.0,B2_TERN_SOL_096_Ru_Ti87_V12,0.5,0.0,0.4375,0.0,0.0,0.0,0.0,0.0,0.0,0.0625,0.0,0.0,0.0
Mo25-Ta75,B2_TERN_SOL_097_Ru_Ti75_V25,-0.06626364905943166,3.26436851,3.05499642,-0.905306641,6.125,0.0454154582679287,1.8808,0.3203550530271062,-8.08,Mo25-Ta75,0.25,0.75,0.0,0.0,B2_TERN_SOL_097_Ru_Ti75_V25,0.5,0.0,0.375,0.0,0.0,0.0,0.0,0.0,0.0,0.125,0.0,0.0,0.0
Mo25-Ta75,B2_TERN_SOL_098_Ru_Zr87_Nb12,-0.23140038639209268,3.26436851,2.587326291,-0.890146496,6.0625,0.0860586382926536,1.7812,0.423370476060861,-16.756800000000002,Mo25-Ta75,0.25,0.75,0.0,0.0,B2_TERN_SOL_098_Ru_Zr87_Nb12,0.5,0.0,0.0,0.4375,0.0,0.0,0.0625,0.0,0.0,0.0,0.0,0.0,0.0
Mo25-Ta75,B2_TERN_SOL_099_Ru_Zr75_Nb25,-0.004817858269743576,3.26436851,3.24867904,-0.818094975,6.125,0.0831528643327092,1.7974,0.4107739524361301,-15.4272,Mo25-Ta75,0.25,0.75,0.0,0.0,B2_TERN_SOL_099_Ru_Zr75_Nb25,0.5,0.0,0.0,0.375,0.0,0.0,0.125,0.0,0.0,0.0,0.0,0.0,0.0
Mo25-Ta75,B2_TERN_SOL_100_Ru_Zr87_Mo12,-0.23453096640826288,3.26436851,2.579128061,-0.806967569,6.125,0.0870934949098326,1.8148,0.4298289892503762,-16.8,Mo25-Ta75,0.25,0.75,0.0,0.0,B2_TERN_SOL_100_Ru_Zr87_Mo12,0.5,0.0,0.0,0.4375,0.0,0.0625,0.0,0.0,0.0,0.0,0.0,0.0,0.0
Mo25-Ta75,B2_TERN_SOL_101_Ru_Zr75_Mo25,-0.01127925213344387,3.26436851,3.227755359,-0.655458039,6.25,0.084783177312234,1.8646000000000005,0.4187133148109814,-15.6,Mo25-Ta75,0.25,0.75,0.0,0.0,B2_TERN_SOL_101_Ru_Zr75_Mo25,0.5,0.0,0.0,0.375,0.0,0.125,0.0,0.0,0.0,0.0,0.0,0.0,0.0
Mo25-Ta75,B2_TERN_SOL_102_Ru_Zr87_Ta12,-0.23205847289676568,3.26436851,2.585601013,-0.911972703,6.0625,0.0860586382926536,1.7752,0.4265922643461787,-16.32,Mo25-Ta75,0.25,0.75,0.0,0.0,B2_TERN_SOL_102_Ru_Zr87_Ta12,0.5,0.0,0.0,0.4375,0.0,0.0,0.0,0.0625,0.0,0.0,0.0,0.0,0.0
Mo25-Ta75,B2_TERN_SOL_103_Ru_Zr75_Ta25,-0.006106006093227299,3.26436851,3.244496924,-0.863325979,6.125,0.0831528643327091,1.7854,0.4177664898002233,-14.64,Mo25-Ta75,0.25,0.75,0.0,0.0,B2_TERN_SOL_103_Ru_Zr75_Ta25,0.5,0.0,0.0,0.375,0.0,0.0,0.0,0.125,0.0,0.0,0.0,0.0,0.0
Mo25-Ta75,B2_TERN_SOL_104_Ru_Zr87_W12,-0.2343906358110975,3.26436851,2.579495061,-0.814514579,6.125,0.0870934949098326,1.8268,0.4419205358432667,-16.56,Mo25-Ta75,0.25,0.75,0.0,0.0,B2_TERN_SOL_104_Ru_Zr87_W12,0.5,0.0,0.0,0.4375,0.0,0.0,0.0,0.0,0.0625,0.0,0.0,0.0,0.0
Mo25-Ta75,B2_TERN_SOL_105_Ru_Zr75_W25,-0.010761524060397907,3.26436851,3.229426942,-0.661370427,6.25,0.084783177312234,1.8886,0.4401409319752027,-15.12,Mo25-Ta75,0.25,0.75,0.0,0.0,B2_TERN_SOL_105_Ru_Zr75_W25,0.5,0.0,0.0,0.375,0.0,0.0,0.0,0.0,0.125,0.0,0.0,0.0,0.0
Mo25-Ta75,B2_TERN_SOL_106_Ru_Zr87_V12,-0.2372159709532,3.26436851,2.572114963,-0.856520623,6.0625,0.0887380403728719,1.783,0.4226594373724548,-16.08,Mo25-Ta75,0.25,0.75,0.0,0.0,B2_TERN_SOL_106_Ru_Zr87_V12,0.5,0.0,0.0,0.4375,0.0,0.0,0.0,0.0,0.0,0.0625,0.0,0.0,0.0
Mo25-Ta75,B2_TERN_SOL_107_Ru_Zr75_V25,-0.01730009909112124,3.26436851,3.208378924,-0.759667971,6.125,0.0877123126458997,1.8010000000000002,0.4091564492953766,-14.16,Mo25-Ta75,0.25,0.75,0.0,0.0,B2_TERN_SOL_107_Ru_Zr75_V25,0.5,0.0,0.0,0.375,0.0,0.0,0.0,0.0,0.0,0.125,0.0,0.0,0.0
Mo25-Ta75,B2_PENALTY_108_Ru100Al0_Hf,0.4454374807827727,3.26436851,5.135083991,-1.187745448,6.0,0.0821917808219178,1.75,0.45,-15.0,Mo25-Ta75,0.25,0.75,0.0,0.0,B2_PENALTY_108_Ru100Al0_Hf,0.5,0.5,0.0,0.0,0.0,0.0,0.0,0.0,0.0,0.0,0.0,0.0,0.0
Mo25-Ta75,B2_PENALTY_109_Ru87Al12_Hf,-0.23458173715996833,3.26436851,2.578995294,-1.06443911,5.6875,0.0794670531912796,1.7146,0.4362027510229618,-15.312,Mo25-Ta75,0.25,0.75,0.0,0.0,B2_PENALTY_109_Ru87Al12_Hf,0.4375,0.5,0.0,0.0,0.0625,0.0,0.0,0.0,0.0,0.0,0.0,0.0,0.0
Mo25-Ta75,B2_PENALTY_110_Ru75Al25_Hf,0.00012326984390910873,3.26436851,3.264770933,-0.95574225,5.375,0.0765104674756606,1.6792000000000002,0.4189741758151689,-15.048,Mo25-Ta75,0.25,0.75,0.0,0.0,B2_PENALTY_110_Ru75Al25_Hf,0.375,0.5,0.0,0.0,0.125,0.0,0.0,0.0,0.0,0.0,0.0,0.0,0.0
Mo25-Ta75,B2_PENALTY_111_Ru62Al37_Hf,-0.22504622524617743,3.26436851,2.60403723,-0.842813539,5.0625,0.072734714189907,1.6379,0.3939322149812072,-14.012,Mo25-Ta75,0.25,0.75,0.0,0.0,B2_PENALTY_111_Ru62Al37_Hf,0.3125,0.5,0.0,0.0,0.1875,0.0,0.0,0.0,0.0,0.0,0.0,0.0,0.0
Mo25-Ta75,B2_PENALTY_112_Ru50Al50_Hf,0.23953749718843995,3.26436851,4.152701731,-0.729649314,4.75,0.0691810843061248,1.6025,0.3674489760497368,-12.5,Mo25-Ta75,0.25,0.75,0.0,0.0,B2_PENALTY_112_Ru50Al50_Hf,0.25,0.5,0.0,0.0,0.25,0.0,0.0,0.0,0.0,0.0,0.0,0.0,0.0
Mo25-Ta75,B2_PENALTY_113_Ru87Cr12_Hf,-0.2409066242640446,3.26436851,2.562502587,-1.035615577,5.875,0.0853931303142513,1.7176,0.4356446258132884,-12.672,Mo25-Ta75,0.25,0.75,0.0,0.0,B2_PENALTY_113_Ru87Cr12_Hf,0.4375,0.5,0.0,0.0,0.0,0.0,0.0,0.0,0.0,0.0,0.0625,0.0,0.0
Mo25-Ta75,B2_PENALTY_114_Ru75Cr25_Hf,-0.012001566438824999,3.26436851,3.225424668,-0.878162691,5.75,0.0884389348964152,1.6852000000000005,0.4182976930369089,-10.488,Mo25-Ta75,0.25,0.75,0.0,0.0,B2_PENALTY_114_Ru75Cr25_Hf,0.375,0.5,0.0,0.0,0.0,0.0,0.0,0.0,0.0,0.0,0.125,0.0,0.0
Mo25-Ta75,B2_PENALTY_115_Ru62Cr37_Hf,-0.24313138670572815,3.26436851,2.556723432,-0.716377173,5.625,0.0918154837201231,1.6474000000000002,0.3937476857074846,-8.122,Mo25-Ta75,0.25,0.75,0.0,0.0,B2_PENALTY_115_Ru62Cr37_Hf,0.3125,0.5,0.0,0.0,0.0,0.0,0.0,0.0,0.0,0.0,0.1875,0.0,0.0
Mo25-Ta75,B2_PENALTY_116_Ru50Cr50_Hf,0.21568891115548952,3.26436851,4.053567315,-0.552796357,5.5,0.09457197487001,1.615,0.3683408747342603,-6.25,Mo25-Ta75,0.25,0.75,0.0,0.0,B2_PENALTY_116_Ru50Cr50_Hf,0.25,0.5,0.0,0.0,0.0,0.0,0.0,0.0,0.0,0.0,0.25,0.0,0.0
Mo25-Ta75,B2_PENALTY_117_Ru87Cu12_Hf,-0.23824252587595507,3.26436851,2.569438099,-1.045192975,6.1875,0.0853931303142513,1.7320000000000002,0.4374654272053965,-14.4672,Mo25-Ta75,0.25,0.75,0.0,0.0,B2_PENALTY_117_Ru87Cu12_Hf,0.4375,0.5,0.0,0.0,0.0,0.0,0.0,0.0,0.0,0.0,0.0,0.0625,0.0
Mo25-Ta75,B2_PENALTY_118_Ru75Cu25_Hf,-0.00864737312061641,3.26436851,3.236261822,-0.923389889,6.375,0.0884389348964152,1.7140000000000002,0.4237971212738473,-13.5888,Mo25-Ta75,0.25,0.75,0.0,0.0,B2_PENALTY_118_Ru75Cu25_Hf,0.375,0.5,0.0,0.0,0.0,0.0,0.0,0.0,0.0,0.0,0.0,0.125,0.0
Mo25-Ta75,B2_PENALTY_119_Ru62Cu37_Hf,-0.23868888320156875,3.26436851,2.568274935,-0.799684359,6.5625,0.0918154837201231,1.693,0.4062646920420233,-12.1272,Mo25-Ta75,0.25,0.75,0.0,0.0,B2_PENALTY_119_Ru62Cu37_Hf,0.3125,0.5,0.0,0.0,0.0,0.0,0.0,0.0,0.0,0.0,0.0,0.1875,0.0
Mo25-Ta75,B2_PENALTY_120_Ru50Cu50_Hf,0.221306763458673,3.26436851,4.076680397,-0.677358279,6.75,0.09457197487001,1.675,0.3897114317029974,-10.5,Mo25-Ta75,0.25,0.75,0.0,0.0,B2_PENALTY_120_Ru50Cu50_Hf,0.25,0.5,0.0,0.0,0.0,0.0,0.0,0.0,0.0,0.0,0.0,0.25,0.0
Mo25-Ta75,B2_PENALTY_121_Ru87Si12_Hf,-0.23643306389170396,3.26436851,2.574158138,-1.089550642,5.75,0.0937602843775687,1.7320000000000002,0.4374654272053965,-12.3552,Mo25-Ta75,0.25,0.75,0.0,0.0,B2_PENALTY_121_Ru87Si12_Hf,0.4375,0.5,0.0,0.0,0.0,0.0,0.0,0.0,0.0,0.0,0.0,0.0,0.0625
Mo25-Ta75,B2_PENALTY_122_Ru75Si25_Hf,-0.004899928663177203,3.26436851,3.248412429,-1.009713639,5.5,0.1038426921242283,1.7140000000000002,0.4237971212738473,-9.9408,Mo25-Ta75,0.25,0.75,0.0,0.0,B2_PENALTY_122_Ru75Si25_Hf,0.375,0.5,0.0,0.0,0.0,0.0,0.0,0.0,0.0,0.0,0.0,0.0,0.125
Mo25-Ta75,B2_PENALTY_123_Ru62Si37_Hf,-0.23300278568450827,3.26436851,2.583127124,-0.920694427,5.25,0.1142356063938751,1.693,0.4062646920420233,-7.4152,Mo25-Ta75,0.25,0.75,0.0,0.0,B2_PENALTY_123_Ru62Si37_Hf,0.3125,0.5,0.0,0.0,0.0,0.0,0.0,0.0,0.0,0.0,0.0,0.0,0.1875
Mo25-Ta75,B2_PENALTY_124_Ru50Si50_Hf,0.22884065620164362,3.26436851,4.107906653,-0.838327211,5.0,0.1222287117389678,1.6750000000000005,0.3897114317029974,-5.5,Mo25-Ta75,0.25,0.75,0.0,0.0,B2_PENALTY_124_Ru50Si50_Hf,0.25,0.5,0.0,0.0,0.0,0.0,0.0,0.0,0.0,0.0,0.0,0.0,0.25
Mo25-Ta75,B2_PENALTY_125_Ru100Al0_Ti,0.3970838529692145,3.26436851,4.881705796,-1.057956866,6.0,0.0462633451957295,1.87,0.33,-10.0,Mo25-Ta75,0.25,0.75,0.0,0.0,B2_PENALTY_125_Ru100Al0_Ti,0.5,0.0,0.5,0.0,0.0,0.0,0.0,0.0,0.0,0.0,0.0,0.0,0.0
Mo25-Ta75,B2_PENALTY_126_Ru87Al12_Ti,-0.28486313608832464,3.26436851,2.450404438,-0.970267174,5.6875,0.0447291357659921,1.8346,0.3242974560492266,-10.912,Mo25-Ta75,0.25,0.75,0.0,0.0,B2_PENALTY_126_Ru87Al12_Ti,0.4375,0.0,0.5,0.0,0.0625,0.0,0.0,0.0,0.0,0.0,0.0,0.0,0.0
Mo25-Ta75,B2_PENALTY_127_Ru75Al25_Ti,-0.051750958085143836,3.26436851,3.09969531,-0.88819063,5.375,0.0428259601061415,1.7992,0.3145335594177512,-11.248,Mo25-Ta75,0.25,0.75,0.0,0.0,B2_PENALTY_127_Ru75Al25_Ti,0.375,0.0,0.5,0.0,0.125,0.0,0.0,0.0,0.0,0.0,0.0,0.0,0.0
Mo25-Ta75,B2_PENALTY_128_Ru62Al37_Ti,-0.2765094453738889,3.26436851,2.471374896,-0.804440265,5.0625,0.0400790404298587,1.7579,0.2974669561480737,-10.912,Mo25-Ta75,0.25,0.75,0.0,0.0,B2_PENALTY_128_Ru62Al37_Ti,0.3125,0.0,0.5,0.0,0.1875,0.0,0.0,0.0,0.0,0.0,0.0,0.0,0.0
Mo25-Ta75,B2_PENALTY_129_Ru50Al50_Ti,0.18744921742639206,3.26436851,3.939553259,-0.713701673,4.75,0.0371922251866817,1.7225,0.2771619562638422,-10.0,Mo25-Ta75,0.25,0.75,0.0,0.0,B2_PENALTY_129_Ru50Al50_Ti,0.25,0.0,0.5,0.0,0.25,0.0,0.0,0.0,0.0,0.0,0.0,0.0,0.0
Mo25-Ta75,B2_PENALTY_130_Ru87Cr12_Ti,-0.29128078140183505,3.26436851,2.434397938,-0.94270459,5.875,0.0499298619726951,1.8376,0.3224317602222213,-8.272,Mo25-Ta75,0.25,0.75,0.0,0.0,B2_PENALTY_130_Ru87Cr12_Ti,0.4375,0.0,0.5,0.0,0.0,0.0,0.0,0.0,0.0,0.0,0.0625,0.0,0.0
Mo25-Ta75,B2_PENALTY_131_Ru75Cr25_Ti,-0.06415604304182221,3.26436851,3.061448806,-0.80961964,5.75,0.0532543770850372,1.8052,0.3113277372801852,-6.688,Mo25-Ta75,0.25,0.75,0.0,0.0,B2_PENALTY_131_Ru75Cr25_Ti,0.375,0.0,0.5,0.0,0.0,0.0,0.0,0.0,0.0,0.0,0.125,0.0,0.0
Mo25-Ta75,B2_PENALTY_132_Ru62Cr37_Ti,-0.2952792960234553,3.26436851,2.424470344,-0.675679922,5.625,0.0567786551293567,1.7674,0.2933619607242902,-5.022,Mo25-Ta75,0.25,0.75,0.0,0.0,B2_PENALTY_132_Ru62Cr37_Ti,0.3125,0.0,0.5,0.0,0.0,0.0,0.0,0.0,0.0,0.0,0.1875,0.0,0.0
Mo25-Ta75,B2_PENALTY_133_Ru50Cr50_Ti,0.16196758317879825,3.26436851,3.839681408,-0.538077974,5.5,0.0595429689109598,1.735,0.2729010809799038,-3.75,Mo25-Ta75,0.25,0.75,0.0,0.0,B2_PENALTY_133_Ru50Cr50_Ti,0.25,0.0,0.5,0.0,0.0,0.0,0.0,0.0,0.0,0.0,0.25,0.0,0.0
Mo25-Ta75,B2_PENALTY_134_Ru87Cu12_Ti,-0.2885100178851072,3.26436851,2.441297595,-0.919729937,6.1875,0.0499298619726951,1.852,0.3195246469366644,-10.0672,Mo25-Ta75,0.25,0.75,0.0,0.0,B2_PENALTY_134_Ru87Cu12_Ti,0.4375,0.0,0.5,0.0,0.0,0.0,0.0,0.0,0.0,0.0,0.0,0.0625,0.0
Mo25-Ta75,B2_PENALTY_135_Ru75Cu25_Ti,-0.059849248963738465,3.26436851,3.074675013,-0.801717189,6.375,0.0532543770850372,1.834,0.3076426498390625,-9.7888,Mo25-Ta75,0.25,0.75,0.0,0.0,B2_PENALTY_135_Ru75Cu25_Ti,0.375,0.0,0.5,0.0,0.0,0.0,0.0,0.0,0.0,0.0,0.0,0.125,0.0
Mo25-Ta75,B2_PENALTY_136_Ru62Cu37_Ti,-0.2889600254377967,3.26436851,2.440175866,-0.680640909,6.5625,0.0567786551293567,1.813,0.2917721713940519,-9.0272,Mo25-Ta75,0.25,0.75,0.0,0.0,B2_PENALTY_136_Ru62Cu37_Ti,0.3125,0.0,0.5,0.0,0.0,0.0,0.0,0.0,0.0,0.0,0.0,0.1875,0.0
Mo25-Ta75,B2_PENALTY_137_Ru50Cu50_Ti,0.170482002248945,3.26436851,3.872743044,-0.557797759,6.75,0.0595429689109598,1.7950000000000002,0.2761792895928295,-8.0,Mo25-Ta75,0.25,0.75,0.0,0.0,B2_PENALTY_137_Ru50Cu50_Ti,0.25,0.0,0.5,0.0,0.0,0.0,0.0,0.0,0.0,0.0,0.0,0.25,0.0
Mo25-Ta75,B2_PENALTY_138_Ru87Si12_Ti,-0.28748724678214105,3.26436851,2.443848687,-0.989505902,5.75,0.0607546208741894,1.852,0.3195246469366644,-7.9552,Mo25-Ta75,0.25,0.75,0.0,0.0,B2_PENALTY_138_Ru87Si12_Ti,0.4375,0.0,0.5,0.0,0.0,0.0,0.0,0.0,0.0,0.0,0.0,0.0,0.0625
Mo25-Ta75,B2_PENALTY_139_Ru75Si25_Ti,-0.05745549366691575,3.26436851,3.0820502,-0.93611645,5.5,0.0719655963958058,1.834,0.3076426498390625,-6.1408,Mo25-Ta75,0.25,0.75,0.0,0.0,B2_PENALTY_139_Ru75Si25_Ti,0.375,0.0,0.5,0.0,0.0,0.0,0.0,0.0,0.0,0.0,0.0,0.0,0.125
Mo25-Ta75,B2_PENALTY_140_Ru62Si37_Ti,-0.2856367010691457,3.26436851,2.448470295,-0.869757039,5.25,0.0826499299050591,1.813,0.2917721713940519,-4.3152,Mo25-Ta75,0.25,0.75,0.0,0.0,B2_PENALTY_140_Ru62Si37_Ti,0.3125,0.0,0.5,0.0,0.0,0.0,0.0,0.0,0.0,0.0,0.0,0.0,0.1875
Mo25-Ta75,B2_PENALTY_141_Ru50Si50_Ti,0.17499825200265254,3.26436851,3.890404933,-0.808674347,5.0,0.090393746324797,1.795,0.2761792895928295,-3.0,Mo25-Ta75,0.25,0.75,0.0,0.0,B2_PENALTY_141_Ru50Si50_Ti,0.25,0.0,0.5,0.0,0.0,0.0,0.0,0.0,0.0,0.0,0.0,0.0,0.25
Mo25-Ta75,B2_PENALTY_142_Ru100Al0_Zr,0.4563359367731023,3.26436851,5.194385147,-0.960777489,6.0,0.0884353741496598,1.765,0.435,-18.0,Mo25-Ta75,0.25,0.75,0.0,0.0,B2_PENALTY_142_Ru100Al0_Zr,0.5,0.0,0.0,0.5,0.0,0.0,0.0,0.0,0.0,0.0,0.0,0.0,0.0
Mo25-Ta75,B2_PENALTY_143_Ru87Al12_Zr,-0.22326691863337741,3.26436851,2.608733784,-0.873588029,5.6875,0.0856069896776228,1.7296,0.421971373436635,-17.951999999999998,Mo25-Ta75,0.25,0.75,0.0,0.0,B2_PENALTY_143_Ru87Al12_Zr,0.4375,0.0,0.0,0.5,0.0625,0.0,0.0,0.0,0.0,0.0,0.0,0.0,0.0
Mo25-Ta75,B2_PENALTY_144_Ru75Al25_Zr,0.011579363810336002,3.26436851,3.302387941,-0.797935587,5.375,0.0825630715605787,1.6942000000000002,0.4054483444287324,-17.328,Mo25-Ta75,0.25,0.75,0.0,0.0,B2_PENALTY_144_Ru75Al25_Zr,0.375,0.0,0.0,0.5,0.125,0.0,0.0,0.0,0.0,0.0,0.0,0.0,0.0
Mo25-Ta75,B2_PENALTY_145_Ru62Al37_Zr,-0.2138066458899592,3.26436851,2.633831346,-0.726652657,5.0625,0.0787099182537501,1.6529,0.381143791763686,-15.872,Mo25-Ta75,0.25,0.75,0.0,0.0,B2_PENALTY_145_Ru62Al37_Zr,0.3125,0.0,0.0,0.5,0.1875,0.0,0.0,0.0,0.0,0.0,0.0,0.0,0.0
Mo25-Ta75,B2_PENALTY_146_Ru50Al50_Zr,0.2505271477998479,3.26436851,4.199293486,-0.654418284,4.75,0.0751158704347694,1.6175000000000002,0.3552024070864386,-14.0,Mo25-Ta75,0.25,0.75,0.0,0.0,B2_PENALTY_146_Ru50Al50_Zr,0.25,0.0,0.0,0.5,0.25,0.0,0.0,0.0,0.0,0.0,0.0,0.0,0.0
Mo25-Ta75,B2_PENALTY_147_Ru87Cr12_Zr,-0.2295514412892959,3.26436851,2.592179044,-0.824075051,5.875,0.0915913075118357,1.7326,0.4212875977286776,-15.312,Mo25-Ta75,0.25,0.75,0.0,0.0,B2_PENALTY_147_Ru87Cr12_Zr,0.4375,0.0,0.0,0.5,0.0,0.0,0.0,0.0,0.0,0.0,0.0625,0.0,0.0
Mo25-Ta75,B2_PENALTY_148_Ru75Cr25_Zr,-0.0007240914900077959,3.26436851,3.262005664,-0.675888976,5.75,0.0946071432924222,1.7002000000000002,0.4045268347093924,-12.768,Mo25-Ta75,0.25,0.75,0.0,0.0,B2_PENALTY_148_Ru75Cr25_Zr,0.375,0.0,0.0,0.5,0.0,0.0,0.0,0.0,0.0,0.0,0.125,0.0,0.0
Mo25-Ta75,B2_PENALTY_149_Ru62Cr37_Zr,-0.23209671330056963,3.26436851,2.585500791,-0.525764636,5.625,0.097964971374696,1.6624,0.3805788223219995,-9.982,Mo25-Ta75,0.25,0.75,0.0,0.0,B2_PENALTY_149_Ru62Cr37_Zr,0.3125,0.0,0.0,0.5,0.0,0.0,0.0,0.0,0.0,0.0,0.1875,0.0,0.0
Mo25-Ta75,B2_PENALTY_150_Ru50Cr50_Zr,0.22653522047818406,3.26436851,4.09832298,-0.377855166,5.5,0.100717188245724,1.63,0.355598087733891,-7.75,Mo25-Ta75,0.25,0.75,0.0,0.0,B2_PENALTY_150_Ru50Cr50_Zr,0.25,0.0,0.0,0.5,0.0,0.0,0.0,0.0,0.0,0.0,0.25,0.0,0.0
Mo25-Ta75,B2_PENALTY_151_Ru87Cu12_Zr,-0.22710202922471814,3.26436851,2.598620194,-0.842497728,6.1875,0.0915913075118357,1.747,0.4226594373724548,-17.1072,Mo25-Ta75,0.25,0.75,0.0,0.0,B2_PENALTY_151_Ru87Cu12_Zr,0.4375,0.0,0.0,0.5,0.0,0.0,0.0,0.0,0.0,0.0,0.0,0.0625,0.0
Mo25-Ta75,B2_PENALTY_152_Ru75Cu25_Zr,0.0026619818383535766,3.26436851,3.273069781,-0.744916574,6.375,0.0946071432924222,1.729,0.4091564492953766,-15.8688,Mo25-Ta75,0.25,0.75,0.0,0.0,B2_PENALTY_152_Ru75Cu25_Zr,0.375,0.0,0.0,0.5,0.0,0.0,0.0,0.0,0.0,0.0,0.0,0.125,0.0
Mo25-Ta75,B2_PENALTY_153_Ru62Cu37_Zr,-0.227470844474651,3.26436851,2.597649425,-0.643740809,6.5625,0.097964971374696,1.708,0.3917728933961614,-13.9872,Mo25-Ta75,0.25,0.75,0.0,0.0,B2_PENALTY_153_Ru62Cu37_Zr,0.3125,0.0,0.0,0.5,0.0,0.0,0.0,0.0,0.0,0.0,0.0,0.1875,0.0
Mo25-Ta75,B2_PENALTY_154_Ru50Cu50_Zr,0.23277511975664658,3.26436851,4.124319928,-0.545283305,6.75,0.100717188245724,1.6900000000000002,0.3752998800959041,-12.0,Mo25-Ta75,0.25,0.75,0.0,0.0,B2_PENALTY_154_Ru50Cu50_Zr,0.25,0.0,0.0,0.5,0.0,0.0,0.0,0.0,0.0,0.0,0.0,0.25,0.0
Mo25-Ta75,B2_PENALTY_155_Ru87Si12_Zr,-0.22525452545949093,3.26436851,2.603487904,-0.898605077,5.75,0.0996987498196708,1.747,0.4226594373724548,-14.9952,Mo25-Ta75,0.25,0.75,0.0,0.0,B2_PENALTY_155_Ru87Si12_Zr,0.4375,0.0,0.0,0.5,0.0,0.0,0.0,0.0,0.0,0.0,0.0,0.0,0.0625
Mo25-Ta75,B2_PENALTY_156_Ru75Si25_Zr,0.006428847140975139,3.26436851,3.285422312,-0.857108746,5.5,0.1096308366502065,1.729,0.4091564492953766,-12.2208,Mo25-Ta75,0.25,0.75,0.0,0.0,B2_PENALTY_156_Ru75Si25_Zr,0.375,0.0,0.0,0.5,0.0,0.0,0.0,0.0,0.0,0.0,0.0,0.0,0.125
Mo25-Ta75,B2_PENALTY_157_Ru62Si37_Zr,-0.22204318399956477,3.26436851,2.611968248,-0.806319256,5.25,0.1199620550667942,1.708,0.3917728933961614,-9.2752,Mo25-Ta75,0.25,0.75,0.0,0.0,B2_PENALTY_157_Ru62Si37_Zr,0.3125,0.0,0.0,0.5,0.0,0.0,0.0,0.0,0.0,0.0,0.0,0.0,0.1875
Mo25-Ta75,B2_PENALTY_158_Ru50Si50_Zr,0.23899976256463804,3.26436851,4.150436873,-0.770078956,5.0,0.127965781170799,1.69,0.3752998800959041,-7.0,Mo25-Ta75,0.25,0.75,0.0,0.0,B2_PENALTY_158_Ru50Si50_Zr,0.25,0.0,0.0,0.5,0.0,0.0,0.0,0.0,0.0,0.0,0.0,0.0,0.25
Mo25-Ta75,B2_MULTI_159_A_Ru87_Al12_B_HfTi,-0.2580046364709981,3.26436851,2.518380484,-0.993246203,5.6875,0.0678797217863284,1.7746000000000002,0.3889997943444186,-13.112,Mo25-Ta75,0.25,0.75,0.0,0.0,B2_MULTI_159_A_Ru87_Al12_B_HfTi,0.4375,0.25,0.25,0.0,0.0625,0.0,0.0,0.0,0.0,0.0,0.0,0.0,0.0
Mo25-Ta75,B2_MULTI_160_A_Ru75_Al25_B_HfTi,-0.024158579645136558,3.26436851,3.186447237,-0.900034303,5.375,0.0654597746128897,1.7392,0.3752803751863399,-13.148,Mo25-Ta75,0.25,0.75,0.0,0.0,B2_MULTI_160_A_Ru75_Al25_B_HfTi,0.375,0.25,0.25,0.0,0.125,0.0,0.0,0.0,0.0,0.0,0.0,0.0,0.0
Mo25-Ta75,B2_MULTI_161_A_Ru87_Al12_B_HfZr,-0.2288646041515057,3.26436851,2.593983772,-0.966894404,5.6875,0.0826853853075511,1.7221000000000002,0.4292115911761937,-16.631999999999998,Mo25-Ta75,0.25,0.75,0.0,0.0,B2_MULTI_161_A_Ru87_Al12_B_HfZr,0.4375,0.25,0.0,0.25,0.0625,0.0,0.0,0.0,0.0,0.0,0.0,0.0,0.0
Mo25-Ta75,B2_MULTI_162_A_Ru75_Al25_B_HfZr,0.005940563109262333,3.26436851,3.283818469,-0.87583034,5.375,0.0796873228030491,1.6867,0.4123349487976978,-16.188,Mo25-Ta75,0.25,0.75,0.0,0.0,B2_MULTI_162_A_Ru75_Al25_B_HfZr,0.375,0.25,0.0,0.25,0.125,0.0,0.0,0.0,0.0,0.0,0.0,0.0,0.0
Mo25-Ta75,B2_MULTI_163_A_Ru87_Al12_B_HfAl,-0.267055492356779,3.26436851,2.495293785,-4.954411074,2.8125,0.0553065594713224,1.8678,0.3451393341825878,-18.8,Mo25-Ta75,0.25,0.75,0.0,0.0,B2_MULTI_163_A_Ru87_Al12_B_HfAl,0.25,0.0625,0.0,0.0,0.1875,0.0,0.0,0.0,0.0,0.0,0.0,0.0,0.0
Mo25-Ta75,B2_MULTI_163_A_Ru87_Al13_B_HfAl,-0.26718805663174877,3.26436851,2.494957013,-1.044063929,5.4375,0.0671169315930914,1.7921,0.3795109879832204,-17.512,Mo25-Ta75,0.25,0.75,0.0,0.0,B2_MULTI_163_A_Ru87_Al13_B_HfAl,0.4375,0.25,0.0,0.0,0.3125,0.0,0.0,0.0,0.0,0.0,0.0,0.0,0.0
Mo25-Ta75,B2_MULTI_164_A_Ru75_Al25_B_HfAl,-0.03222093531535658,3.26436851,3.160855152,-0.932800309,5.125,0.0647257979106258,1.7552475247524757,0.3655934929642944,-16.912067444368198,Mo25-Ta75,0.25,0.75,0.0,0.0,B2_MULTI_164_A_Ru75_Al25_B_HfAl,0.375,0.25,0.0,0.0,0.375,0.0,0.0,0.0,0.0,0.0,0.0,0.0,0.0
Mo25-Ta75,B2_MULTI_165_A_Ru87_Al12_B_TiZr,-0.25205152013405563,3.26436851,2.533666714,-0.881935538,5.6875,0.0727621617453034,1.7821000000000002,0.3799613006610016,-14.432,Mo25-Ta75,0.25,0.75,0.0,0.0,B2_MULTI_165_A_Ru87_Al12_B_TiZr,0.4375,0.0,0.25,0.25,0.0625,0.0,0.0,0.0,0.0,0.0,0.0,0.0,0.0
Mo25-Ta75,B2_MULTI_166_A_Ru75_Al25_B_TiZr,-0.01792897988077222,3.26436851,3.206361714,-0.808063227,5.375,0.0703058182976203,1.7467,0.3666280267519111,-14.288,Mo25-Ta75,0.25,0.75,0.0,0.0,B2_MULTI_166_A_Ru75_Al25_B_TiZr,0.375,0.0,0.25,0.25,0.125,0.0,0.0,0.0,0.0,0.0,0.0,0.0,0.0
Mo25-Ta75,B2_MULTI_167_A_Ru87_Al12_B_TiAl,-0.2952381572832878,3.26436851,2.424572308,-5.952786629,1.5,0.0273038199437399,1.694324324324325,0.2239032192052839,-9.817384952520088,Mo25-Ta75,0.25,0.75,0.0,0.0,B2_MULTI_167_A_Ru87_Al12_B_TiAl,0.0625,0.0,0.0625,0.0,0.25,0.0,0.0,0.0,0.0,0.0,0.0,0.0,0.0
Mo25-Ta75,B2_MULTI_167_A_Ru87_Al13_B_TiAl,-0.2952793767175807,3.26436851,2.424470144,-1.021190861,5.4375,0.0396803315535911,1.8521,0.309477931361834,-15.312,Mo25-Ta75,0.25,0.75,0.0,0.0,B2_MULTI_167_A_Ru87_Al13_B_TiAl,0.4375,0.0,0.25,0.0,0.3125,0.0,0.0,0.0,0.0,0.0,0.0,0.0,0.0
Mo25-Ta75,B2_MULTI_168_A_Ru75_Al25_B_TiAl,-0.06107603760780462,3.26436851,3.070901903,-0.941385339,5.125,0.0380980563492807,1.814653465346535,0.3004965012116891,-15.049504950495049,Mo25-Ta75,0.25,0.75,0.0,0.0,B2_MULTI_168_A_Ru75_Al25_B_TiAl,0.375,0.0,0.25,0.0,0.375,0.0,0.0,0.0,0.0,0.0,0.0,0.0,0.0
Mo25-Ta75,B2_MULTI_169_A_Ru87_Al12_B_ZrAl,-0.26032874498161046,3.26436851,2.512434563,-3.978965604,3.1875,0.0773292902137734,1.9146938775510205,0.3828683476015858,-17.35276967930029,Mo25-Ta75,0.25,0.75,0.0,0.0,B2_MULTI_169_A_Ru87_Al12_B_ZrAl,0.3125,0.0,0.0,0.125,0.0625,0.0,0.0,0.0,0.0,0.0,0.0,0.0,0.0
Mo25-Ta75,B2_MULTI_169_A_Ru87_Al13_B_ZrAl,-0.26032909713074237,3.26436851,2.512433663,-0.95203949,5.4375,0.0724611766706071,1.7996,0.3698862527859072,-18.832,Mo25-Ta75,0.25,0.75,0.0,0.0,B2_MULTI_169_A_Ru87_Al13_B_ZrAl,0.4375,0.0,0.0,0.25,0.3125,0.0,0.0,0.0,0.0,0.0,0.0,0.0,0.0
Mo25-Ta75,B2_MULTI_170_A_Ru75_Al25_B_ZrAl,-0.02614735205503681,3.26436851,3.180115415,-0.885427863,5.125,0.0699929276125827,1.762673267326733,0.356461962724668,-18.02960494069209,Mo25-Ta75,0.25,0.75,0.0,0.0,B2_MULTI_170_A_Ru75_Al25_B_ZrAl,0.375,0.0,0.0,0.25,0.375,0.0,0.0,0.0,0.0,0.0,0.0,0.0,0.0
Mo25-V75,B2_014_RuHf,-0.16089765680481638,3.02092873,2.571059804,-1.190557465,6.0,0.0821917808219178,1.75,0.45,-15.0,Mo25-V75,0.25,0.0,0.75,0.0,B2_014_RuHf,0.5,0.5,0.0,0.0,0.0,0.0,0.0,0.0,0.0,0.0,0.0,0.0,0.0
Mo25-V75,B2_015_RuTi,-0.21285454899389103,3.02092873,2.43976227,-1.048598035,6.0,0.0462633451957295,1.87,0.33,-10.0,Mo25-V75,0.25,0.0,0.75,0.0,B2_015_RuTi,0.5,0.0,0.5,0.0,0.0,0.0,0.0,0.0,0.0,0.0,0.0,0.0,0.0
Mo25-V75,B2_016_RuZr,-0.15179283162454058,3.02092873,2.59472104,-0.959079125,6.0,0.0884353741496598,1.765,0.435,-18.0,Mo25-V75,0.25,0.0,0.75,0.0,B2_016_RuZr,0.5,0.0,0.0,0.5,0.0,0.0,0.0,0.0,0.0,0.0,0.0,0.0,0.0
Mo25-V75,B2_017_RuAl,-0.23383402565061318,3.02092873,2.388477153,-1.00191235,5.5,0.0324909747292418,1.905,0.295,-20.0,Mo25-V75,0.25,0.0,0.75,0.0,B2_017_RuAl,0.5,0.0,0.0,0.0,0.5,0.0,0.0,0.0,0.0,0.0,0.0,0.0,0.0
Mo25-V75,MATRIX_BIN_018_Nb12_Mo87,-0.18220763354191946,3.02092873,2.516452193,-0.074598622,5.875,0.0162666672861703,2.0928,0.1819784602638455,-0.8448,Mo25-V75,0.25,0.0,0.75,0.0,MATRIX_BIN_018_Nb12_Mo87,0.0,0.0,0.0,0.0,0.0,0.875,0.125,0.0,0.0,0.0,0.0,0.0,0.0
Mo25-V75,MATRIX_BIN_019_Nb25_Mo75,0.053962941742434524,3.02092873,3.18846737,-0.093096702,5.75,0.0215352675896663,2.02,0.2424871130596428,-1.5,Mo25-V75,0.25,0.0,0.75,0.0,MATRIX_BIN_019_Nb25_Mo75,0.0,0.0,0.0,0.0,0.0,0.75,0.25,0.0,0.0,0.0,0.0,0.0,0.0
Mo25-V75,MATRIX_BIN_020_Nb50_Mo50,0.2954969433459785,3.02092873,4.068360358,-0.068167471,5.5,0.0245614035087719,1.88,0.28,-2.0,Mo25-V75,0.25,0.0,0.75,0.0,MATRIX_BIN_020_Nb50_Mo50,0.0,0.0,0.0,0.0,0.0,0.5,0.5,0.0,0.0,0.0,0.0,0.0,0.0
Mo25-V75,MATRIX_BIN_021_Nb75_Mo25,0.08110315813866607,3.02092873,3.276290931,-0.003897255,5.25,0.0210127480987559,1.7400000000000002,0.2424871130596428,-1.5,Mo25-V75,0.25,0.0,0.75,0.0,MATRIX_BIN_021_Nb75_Mo25,0.0,0.0,0.0,0.0,0.0,0.25,0.75,0.0,0.0,0.0,0.0,0.0,0.0
Mo25-V75,MATRIX_BIN_022_Nb87_Mo12,-0.14258662756793797,3.02092873,2.618850201,0.026755452,5.125,0.0156705067050018,1.6672000000000002,0.1819784602638455,-0.8448,Mo25-V75,0.25,0.0,0.75,0.0,MATRIX_BIN_022_Nb87_Mo12,0.0,0.0,0.0,0.0,0.0,0.125,0.875,0.0,0.0,0.0,0.0,0.0,0.0
Mo25-V75,MATRIX_BIN_023_Nb12_Ta87,-0.13868468785807198,3.02092873,2.629139739,0.01664066,5.0,0.0,1.512,0.0324961536185438,-0.4224,Mo25-V75,0.25,0.0,0.75,0.0,MATRIX_BIN_023_Nb12_Ta87,0.0,0.0,0.0,0.0,0.0,0.0,0.125,0.875,0.0,0.0,0.0,0.0,0.0
Mo25-V75,MATRIX_BIN_024_Nb25_Ta75,0.09272399054384277,3.02092873,3.314659229,0.02257152,5.0,0.0,1.525,0.0433012701892219,-0.75,Mo25-V75,0.25,0.0,0.75,0.0,MATRIX_BIN_024_Nb25_Ta75,0.0,0.0,0.0,0.0,0.0,0.0,0.25,0.75,0.0,0.0,0.0,0.0,0.0
Mo25-V75,MATRIX_BIN_025_Nb50_Ta50,0.3222791046967881,3.02092873,4.181529649,0.032388069,5.0,0.0,1.55,0.05,-1.0,Mo25-V75,0.25,0.0,0.75,0.0,MATRIX_BIN_025_Nb50_Ta50,0.0,0.0,0.0,0.0,0.0,0.0,0.5,0.5,0.0,0.0,0.0,0.0,0.0
Mo25-V75,MATRIX_BIN_026_Nb75_Ta25,0.09501625808453604,3.02092873,3.322282844,0.043369138,5.0,0.0,1.5750000000000002,0.0433012701892219,-0.75,Mo25-V75,0.25,0.0,0.75,0.0,MATRIX_BIN_026_Nb75_Ta25,0.0,0.0,0.0,0.0,0.0,0.0,0.75,0.25,0.0,0.0,0.0,0.0,0.0
Mo25-V75,MATRIX_BIN_027_Nb87_Ta12,-0.13530325881564748,3.02092873,2.638087089,0.04776952,5.0,0.0,1.588,0.0324961536185438,-0.4224,Mo25-V75,0.25,0.0,0.75,0.0,MATRIX_BIN_027_Nb87_Ta12,0.0,0.0,0.0,0.0,0.0,0.0,0.875,0.125,0.0,0.0,0.0,0.0,0.0
Mo25-V75,MATRIX_BIN_028_Nb12_W87,-0.1768675331200177,3.02092873,2.53003601,-0.064576028,5.875,0.0162666672861703,2.2688,0.2469707675009331,-0.8448,Mo25-V75,0.25,0.0,0.75,0.0,MATRIX_BIN_028_Nb12_W87,0.0,0.0,0.0,0.0,0.0,0.0,0.125,0.0,0.875,0.0,0.0,0.0,0.0
Mo25-V75,MATRIX_BIN_029_Nb25_W75,0.05822431397906337,3.02092873,3.202094355,-0.067975525,5.75,0.0215352675896663,2.17,0.3290896534380866,-1.5,Mo25-V75,0.25,0.0,0.75,0.0,MATRIX_BIN_029_Nb25_W75,0.0,0.0,0.0,0.0,0.0,0.0,0.25,0.0,0.75,0.0,0.0,0.0,0.0
Mo25-V75,MATRIX_BIN_030_Nb50_W50,0.29758789755413406,3.02092873,4.077067638,-0.024208031,5.5,0.0245614035087719,1.98,0.3799999999999999,-2.0,Mo25-V75,0.25,0.0,0.75,0.0,MATRIX_BIN_030_Nb50_W50,0.0,0.0,0.0,0.0,0.0,0.0,0.5,0.0,0.5,0.0,0.0,0.0,0.0
Mo25-V75,MATRIX_BIN_031_Nb75_W25,0.0816689665446168,3.02092873,3.278148285,0.026336168,5.25,0.0210127480987559,1.79,0.3290896534380866,-1.5,Mo25-V75,0.25,0.0,0.75,0.0,MATRIX_BIN_031_Nb75_W25,0.0,0.0,0.0,0.0,0.0,0.0,0.75,0.0,0.25,0.0,0.0,0.0,0.0
Mo25-V75,MATRIX_BIN_032_Nb87_W12,-0.1421361661520483,3.02092873,2.620036168,0.042204846,5.125,0.0156705067050018,1.6912,0.2469707675009331,-0.8448,Mo25-V75,0.25,0.0,0.75,0.0,MATRIX_BIN_032_Nb87_W12,0.0,0.0,0.0,0.0,0.0,0.0,0.875,0.0,0.125,0.0,0.0,0.0,0.0
Mo25-V75,MATRIX_BIN_033_Nb12_V87,-0.2263547654641798,3.02092873,2.406649618,0.08248568,5.0,0.0287916304948704,1.6263999999999998,0.009748846085563,-0.4224,Mo25-V75,0.25,0.0,0.75,0.0,MATRIX_BIN_033_Nb12_V87,0.0,0.0,0.0,0.0,0.0,0.0,0.125,0.0,0.0,0.875,0.0,0.0,0.0
Mo25-V75,MATRIX_BIN_034_Nb25_V75,0.019622306015917475,3.02092873,3.080793662,0.119704924,5.0,0.0379281198737709,1.6225,0.0129903810567664,-0.75,Mo25-V75,0.25,0.0,0.75,0.0,MATRIX_BIN_034_Nb25_V75,0.0,0.0,0.0,0.0,0.0,0.0,0.25,0.0,0.0,0.75,0.0,0.0,0.0
Mo25-V75,MATRIX_BIN_035_Nb50_V50,0.2783336573851127,3.02092873,3.997687259,0.146260085,5.0,0.0428571428571428,1.615,0.0149999999999999,-1.0,Mo25-V75,0.25,0.0,0.75,0.0,MATRIX_BIN_035_Nb50_V50,0.0,0.0,0.0,0.0,0.0,0.0,0.5,0.0,0.0,0.5,0.0,0.0,0.0
Mo25-V75,MATRIX_BIN_036_Nb75_V25,0.07383429787407952,3.02092873,3.252526823,0.114812331,5.0,0.0363367302287176,1.6075000000000002,0.0129903810567664,-0.75,Mo25-V75,0.25,0.0,0.75,0.0,MATRIX_BIN_036_Nb75_V25,0.0,0.0,0.0,0.0,0.0,0.0,0.75,0.0,0.0,0.25,0.0,0.0,0.0
Mo25-V75,MATRIX_BIN_037_Nb87_V12,-0.145881651845542,3.02092873,2.61019026,0.086073827,5.0,0.0269752243651442,1.6036,0.009748846085563,-0.4224,Mo25-V75,0.25,0.0,0.75,0.0,MATRIX_BIN_037_Nb87_V12,0.0,0.0,0.0,0.0,0.0,0.0,0.875,0.0,0.0,0.125,0.0,0.0,0.0
Mo25-V75,MATRIX_BIN_038_Mo12_Ta87,-0.1461673768744317,3.02092873,2.609440574,-0.021898875,5.125,0.0156705067050018,1.5792000000000002,0.2144746138823893,-0.8448,Mo25-V75,0.25,0.0,0.75,0.0,MATRIX_BIN_038_Mo12_Ta87,0.0,0.0,0.0,0.0,0.0,0.125,0.0,0.875,0.0,0.0,0.0,0.0,0.0
Mo25-V75,MATRIX_BIN_039_Mo25_Ta75,0.0776586767917506,3.02092873,3.265007474,-0.045341345,5.25,0.0210127480987559,1.665,0.2857883832488648,-1.5,Mo25-V75,0.25,0.0,0.75,0.0,MATRIX_BIN_039_Mo25_Ta75,0.0,0.0,0.0,0.0,0.0,0.25,0.0,0.75,0.0,0.0,0.0,0.0,0.0
Mo25-V75,MATRIX_BIN_040_Mo50_Ta50,0.29266748419709526,3.02092873,4.056611707,-0.115010835,5.5,0.0245614035087719,1.83,0.33,-2.0,Mo25-V75,0.25,0.0,0.75,0.0,MATRIX_BIN_040_Mo50_Ta50,0.0,0.0,0.0,0.0,0.0,0.5,0.0,0.5,0.0,0.0,0.0,0.0,0.0
Mo25-V75,MATRIX_BIN_041_Mo75_Ta25,0.052446915273201423,3.02092873,3.183633813,-0.13445637,5.75,0.0215352675896663,1.995,0.2857883832488648,-1.5,Mo25-V75,0.25,0.0,0.75,0.0,MATRIX_BIN_041_Mo75_Ta25,0.0,0.0,0.0,0.0,0.0,0.75,0.0,0.25,0.0,0.0,0.0,0.0,0.0
Mo25-V75,MATRIX_BIN_042_Mo87_Ta12,-0.18298631352156042,3.02092873,2.514476987,-0.10635318,5.875,0.0162666672861703,2.0808,0.2144746138823893,-0.8448,Mo25-V75,0.25,0.0,0.75,0.0,MATRIX_BIN_042_Mo87_Ta12,0.0,0.0,0.0,0.0,0.0,0.875,0.0,0.125,0.0,0.0,0.0,0.0,0.0
Mo25-V75,MATRIX_BIN_043_Mo12_W87,-0.18260190841149007,3.02092873,2.515451896,-0.03228228,6.0,0.0,2.336,0.0649923072370876,-0.4224,Mo25-V75,0.25,0.0,0.75,0.0,MATRIX_BIN_043_Mo12_W87,0.0,0.0,0.0,0.0,0.0,0.125,0.0,0.0,0.875,0.0,0.0,0.0,0.0
Mo25-V75,MATRIX_BIN_044_Mo25_W75,0.04719347142138398,3.02092873,3.166942287,-0.031021756,6.0,0.0,2.31,0.0866025403784437,-0.75,Mo25-V75,0.25,0.0,0.75,0.0,MATRIX_BIN_044_Mo25_W75,0.0,0.0,0.0,0.0,0.0,0.25,0.0,0.0,0.75,0.0,0.0,0.0,0.0
Mo25-V75,MATRIX_BIN_045_Mo50_W50,0.2750192835559901,3.02092873,3.984201707,-0.031400886,6.0,0.0,2.26,0.0999999999999998,-1.0,Mo25-V75,0.25,0.0,0.75,0.0,MATRIX_BIN_045_Mo50_W50,0.0,0.0,0.0,0.0,0.0,0.5,0.0,0.0,0.5,0.0,0.0,0.0,0.0
Mo25-V75,MATRIX_BIN_046_Mo75_W25,0.04423193530773618,3.02092873,3.157572258,-0.029765179,6.0,0.0,2.21,0.0866025403784437,-0.75,Mo25-V75,0.25,0.0,0.75,0.0,MATRIX_BIN_046_Mo75_W25,0.0,0.0,0.0,0.0,0.0,0.75,0.0,0.0,0.25,0.0,0.0,0.0,0.0
Mo25-V75,MATRIX_BIN_047_Mo87_W12,-0.18712928622251188,3.02092873,2.503991537,-0.029998622,6.0,0.0,2.184,0.0649923072370876,-0.4224,Mo25-V75,0.25,0.0,0.75,0.0,MATRIX_BIN_047_Mo87_W12,0.0,0.0,0.0,0.0,0.0,0.875,0.0,0.0,0.125,0.0,0.0,0.0,0.0
Mo25-V75,MATRIX_BIN_048_Mo12_V87,-0.23608629543125184,3.02092873,2.383028597,-0.006338223,5.125,0.0120713795016878,1.6936,0.1722296141782824,-0.4224,Mo25-V75,0.25,0.0,0.75,0.0,MATRIX_BIN_048_Mo12_V87,0.0,0.0,0.0,0.0,0.0,0.125,0.0,0.0,0.0,0.875,0.0,0.0,0.0
Mo25-V75,MATRIX_BIN_049_Mo25_V75,0.0007357581799536283,3.02092873,3.023152221,-0.037424369,5.25,0.0160078632862187,1.7625,0.2294967320028763,-0.75,Mo25-V75,0.25,0.0,0.75,0.0,MATRIX_BIN_049_Mo25_V75,0.0,0.0,0.0,0.0,0.0,0.25,0.0,0.0,0.0,0.75,0.0,0.0,0.0
Mo25-V75,MATRIX_BIN_050_Mo50_V50,0.24427694376744485,3.02092873,3.861543353,-0.097449414,5.5,0.0183150183150182,1.895,0.2650000000000001,-1.0,Mo25-V75,0.25,0.0,0.75,0.0,MATRIX_BIN_050_Mo50_V50,0.0,0.0,0.0,0.0,0.0,0.5,0.0,0.0,0.0,0.5,0.0,0.0,0.0
Mo25-V75,MATRIX_BIN_051_Mo75_V25,0.02825482431411318,3.02092873,3.107507677,-0.114008179,5.75,0.0157173394516231,2.0275,0.2294967320028763,-0.75,Mo25-V75,0.25,0.0,0.75,0.0,MATRIX_BIN_051_Mo75_V25,0.0,0.0,0.0,0.0,0.0,0.75,0.0,0.0,0.0,0.25,0.0,0.0,0.0
Mo25-V75,MATRIX_BIN_052_Mo87_V12,-0.1948912431896296,3.02092873,2.484453351,-0.088360288,5.875,0.0117399398910924,2.0964,0.1722296141782824,-0.4224,Mo25-V75,0.25,0.0,0.75,0.0,MATRIX_BIN_052_Mo87_V12,0.0,0.0,0.0,0.0,0.0,0.875,0.0,0.0,0.0,0.125,0.0,0.0,0.0
Mo25-V75,MATRIX_BIN_053_Ta12_W87,-0.17752719232176192,3.02092873,2.528354403,-0.093051999,5.875,0.0162666672861703,2.2568,0.279466921119477,-0.4224,Mo25-V75,0.25,0.0,0.75,0.0,MATRIX_BIN_053_Ta12_W87,0.0,0.0,0.0,0.0,0.0,0.0,0.0,0.125,0.875,0.0,0.0,0.0,0.0
Mo25-V75,MATRIX_BIN_054_Ta25_W75,0.05688125576875681,3.02092873,3.197793083,-0.107372831,5.75,0.0215352675896663,2.145,0.3723909236273086,-0.75,Mo25-V75,0.25,0.0,0.75,0.0,MATRIX_BIN_054_Ta25_W75,0.0,0.0,0.0,0.0,0.0,0.0,0.0,0.25,0.75,0.0,0.0,0.0,0.0
Mo25-V75,MATRIX_BIN_055_Ta50_W50,0.295491477552193,3.02092873,4.068337625,-0.070797609,5.5,0.0245614035087719,1.93,0.4299999999999999,-1.0,Mo25-V75,0.25,0.0,0.75,0.0,MATRIX_BIN_055_Ta50_W50,0.0,0.0,0.0,0.0,0.0,0.0,0.0,0.5,0.5,0.0,0.0,0.0,0.0
Mo25-V75,MATRIX_BIN_056_Ta75_W25,0.07875420878979779,3.02092873,3.268591838,-0.021707099,5.25,0.0210127480987559,1.715,0.3723909236273086,-0.75,Mo25-V75,0.25,0.0,0.75,0.0,MATRIX_BIN_056_Ta75_W25,0.0,0.0,0.0,0.0,0.0,0.0,0.0,0.75,0.25,0.0,0.0,0.0,0.0
Mo25-V75,MATRIX_BIN_057_Ta87_W12,-0.14566988087524443,3.02092873,2.610746034,-0.005622646,5.125,0.0156705067050018,1.6032,0.279466921119477,-0.4224,Mo25-V75,0.25,0.0,0.75,0.0,MATRIX_BIN_057_Ta87_W12,0.0,0.0,0.0,0.0,0.0,0.0,0.0,0.875,0.125,0.0,0.0,0.0,0.0
Mo25-V75,MATRIX_BIN_058_Ta12_V87,-0.22666391713252704,3.02092873,2.405896049,0.06873568,5.0,0.0287916304948704,1.6143999999999998,0.0422449997041069,0.0,Mo25-V75,0.25,0.0,0.75,0.0,MATRIX_BIN_058_Ta12_V87,0.0,0.0,0.0,0.0,0.0,0.0,0.0,0.125,0.0,0.875,0.0,0.0,0.0
Mo25-V75,MATRIX_BIN_059_Ta25_V75,0.019377305929506653,3.02092873,3.080038888,0.103170482,5.0,0.0379281198737709,1.5975,0.0562916512459884,0.0,Mo25-V75,0.25,0.0,0.75,0.0,MATRIX_BIN_059_Ta25_V75,0.0,0.0,0.0,0.0,0.0,0.0,0.0,0.25,0.0,0.75,0.0,0.0,0.0
Mo25-V75,MATRIX_BIN_060_Ta50_V50,0.27698088744054483,3.02092873,3.992176831,0.118279576,5.0,0.0428571428571428,1.565,0.0649999999999999,0.0,Mo25-V75,0.25,0.0,0.75,0.0,MATRIX_BIN_060_Ta50_V50,0.0,0.0,0.0,0.0,0.0,0.0,0.0,0.5,0.0,0.5,0.0,0.0,0.0
Mo25-V75,MATRIX_BIN_061_Ta75_V25,0.0712882530503858,3.02092873,3.244245389,0.083356798,5.0,0.0363367302287176,1.5325,0.0562916512459884,0.0,Mo25-V75,0.25,0.0,0.75,0.0,MATRIX_BIN_061_Ta75_V25,0.0,0.0,0.0,0.0,0.0,0.0,0.0,0.75,0.0,0.25,0.0,0.0,0.0
Mo25-V75,MATRIX_BIN_062_Ta87_V12,-0.14917352415586435,3.02092873,2.601565119,0.048231505,5.0,0.0269752243651442,1.5156,0.0422449997041069,0.0,Mo25-V75,0.25,0.0,0.75,0.0,MATRIX_BIN_062_Ta87_V12,0.0,0.0,0.0,0.0,0.0,0.0,0.0,0.875,0.0,0.125,0.0,0.0,0.0
Mo25-V75,MATRIX_BIN_063_W12_V87,-0.23461444739433626,3.02092873,2.38658796,0.007573578,5.125,0.0120713795016878,1.7175999999999998,0.23722192141537,0.0,Mo25-V75,0.25,0.0,0.75,0.0,MATRIX_BIN_063_W12_V87,0.0,0.0,0.0,0.0,0.0,0.0,0.0,0.0,0.125,0.875,0.0,0.0,0.0
Mo25-V75,MATRIX_BIN_064_W25_V75,0.0038183920101431098,3.02092873,3.032485885,-0.010397496,5.25,0.0160078632862187,1.8125,0.3160992723813201,0.0,Mo25-V75,0.25,0.0,0.75,0.0,MATRIX_BIN_064_W25_V75,0.0,0.0,0.0,0.0,0.0,0.0,0.0,0.0,0.25,0.75,0.0,0.0,0.0
Mo25-V75,MATRIX_BIN_065_W50_V50,0.24941838885818088,3.02092873,3.881757122,-0.05491275,5.5,0.0183150183150182,1.995,0.365,0.0,Mo25-V75,0.25,0.0,0.75,0.0,MATRIX_BIN_065_W50_V50,0.0,0.0,0.0,0.0,0.0,0.0,0.0,0.0,0.5,0.5,0.0,0.0,0.0
Mo25-V75,MATRIX_BIN_066_W75_V25,0.03453941902669178,3.02092873,3.12710346,-0.09208095,5.75,0.0157173394516231,2.1775,0.3160992723813201,0.0,Mo25-V75,0.25,0.0,0.75,0.0,MATRIX_BIN_066_W75_V25,0.0,0.0,0.0,0.0,0.0,0.0,0.0,0.0,0.75,0.25,0.0,0.0,0.0
Mo25-V75,MATRIX_BIN_067_W87_V12,-0.18863514716687174,3.02092873,2.50019019,-0.084931073,5.875,0.0117399398910924,2.2724,0.23722192141537,0.0,Mo25-V75,0.25,0.0,0.75,0.0,MATRIX_BIN_067_W87_V12,0.0,0.0,0.0,0.0,0.0,0.0,0.0,0.0,0.875,0.125,0.0,0.0,0.0
Mo25-V75,MATRIX_TERN_068_Nb33_Mo33_Ta33,0.20889479244281092,3.02092873,3.725584467,-0.065262171,5.333333333,0.0229686657461987,1.7533333333333334,0.2904402788105596,-2.2222222222222228,Mo25-V75,0.25,0.0,0.75,0.0,MATRIX_TERN_068_Nb33_Mo33_Ta33,0.0,0.0,0.0,0.0,0.0,0.333333333,0.333333333,0.333333333,0.0,0.0,0.0,0.0,0.0
Mo25-V75,MATRIX_TERN_069_Nb33_Mo33_W33,0.19531897767579776,3.02092873,3.674833441,-0.049686914,5.666666667,0.0233478654165369,2.0400000000000005,0.3216623488483951,-2.2222222222222223,Mo25-V75,0.25,0.0,0.75,0.0,MATRIX_TERN_069_Nb33_Mo33_W33,0.0,0.0,0.0,0.0,0.0,0.333333333,0.333333333,0.0,0.333333333,0.0,0.0,0.0,0.0
Mo25-V75,MATRIX_TERN_070_Nb33_Mo33_V33,0.17871039081244075,3.02092873,3.613773878,-0.013214523,5.333333333,0.0352382411938744,1.7966666666666669,0.2572072229848058,-1.777777777777778,Mo25-V75,0.25,0.0,0.75,0.0,MATRIX_TERN_070_Nb33_Mo33_V33,0.0,0.0,0.0,0.0,0.0,0.333333333,0.333333333,0.0,0.0,0.333333333,0.0,0.0,0.0
Mo25-V75,MATRIX_TERN_071_Nb33_Ta33_W33,0.2101485723593737,3.02092873,3.730310358,-0.031019427,5.333333333,0.0229686657461987,1.82,0.3840138886377244,-1.777777777777778,Mo25-V75,0.25,0.0,0.75,0.0,MATRIX_TERN_071_Nb33_Ta33_W33,0.0,0.0,0.0,0.0,0.0,0.0,0.333333333,0.333333333,0.333333333,0.0,0.0,0.0,0.0
Mo25-V75,MATRIX_TERN_072_Nb33_Ta33_V33,0.19808043944401918,3.02092873,3.685094771,0.08652521,5.0,0.0398370017569885,1.5766666666666669,0.0555777733351102,-0.8888888888888891,Mo25-V75,0.25,0.0,0.75,0.0,MATRIX_TERN_072_Nb33_Ta33_V33,0.0,0.0,0.0,0.0,0.0,0.0,0.333333333,0.333333333,0.0,0.333333333,0.0,0.0,0.0
Mo25-V75,MATRIX_TERN_073_Nb33_W33_V33,0.18106036328692982,3.02092873,3.622345558,0.018775382,5.333333333,0.0352382411938744,1.8633333333333333,0.351409858838492,-1.3333333333333337,Mo25-V75,0.25,0.0,0.75,0.0,MATRIX_TERN_073_Nb33_W33_V33,0.0,0.0,0.0,0.0,0.0,0.0,0.333333333,0.0,0.333333333,0.333333333,0.0,0.0,0.0
Mo25-V75,MATRIX_TERN_074_Mo33_Ta33_W33,0.19354479354512266,3.02092873,3.668257294,-0.093088097,5.666666667,0.0233478654165369,2.006666666666667,0.3674537007872178,-1.777777777777778,Mo25-V75,0.25,0.0,0.75,0.0,MATRIX_TERN_074_Mo33_Ta33_W33,0.0,0.0,0.0,0.0,0.0,0.333333333,0.0,0.333333333,0.333333333,0.0,0.0,0.0,0.0
Mo25-V75,MATRIX_TERN_075_Mo33_Ta33_V33,0.17701522390905397,3.02092873,3.607604365,-0.042224622,5.333333333,0.0352382411938744,1.7633333333333336,0.2854625875467553,-1.3333333333333337,Mo25-V75,0.25,0.0,0.75,0.0,MATRIX_TERN_075_Mo33_Ta33_V33,0.0,0.0,0.0,0.0,0.0,0.333333333,0.0,0.333333333,0.0,0.333333333,0.0,0.0,0.0
Mo25-V75,MATRIX_TERN_076_Mo33_W33_V33,0.16210819576069732,3.02092873,3.553840738,-0.074437179,5.666666667,0.0171627859511297,2.0500000000000003,0.3080043289739069,-0.8888888888888891,Mo25-V75,0.25,0.0,0.75,0.0,MATRIX_TERN_076_Mo33_W33_V33,0.0,0.0,0.0,0.0,0.0,0.333333333,0.0,0.0,0.333333333,0.333333333,0.0,0.0,0.0
Mo25-V75,MATRIX_TERN_077_Ta33_W33_V33,0.1794537431523672,3.02092873,3.616482912,-0.005449438,5.333333333,0.0352382411938744,1.83,0.3785058343892028,-0.4444444444444445,Mo25-V75,0.25,0.0,0.75,0.0,MATRIX_TERN_077_Ta33_W33_V33,0.0,0.0,0.0,0.0,0.0,0.0,0.0,0.333333333,0.333333333,0.333333333,0.0,0.0,0.0
Mo25-V75,B2_TERN_SOL_078_Ru_Hf87_Nb12,-0.16440093888597299,3.02092873,2.562008656,-1.091011246,6.0625,0.079929319846275,1.7680000000000002,0.4374654272053965,-14.1168,Mo25-V75,0.25,0.0,0.75,0.0,B2_TERN_SOL_078_Ru_Hf87_Nb12,0.5,0.4375,0.0,0.0,0.0,0.0,0.0625,0.0,0.0,0.0,0.0,0.0,0.0
Mo25-V75,B2_TERN_SOL_079_Ru_Hf75_Nb25,0.06415571172027197,3.02092873,3.221161604,-0.990479496,6.125,0.0772310128363896,1.786,0.4237971212738473,-13.1472,Mo25-V75,0.25,0.0,0.75,0.0,B2_TERN_SOL_079_Ru_Hf75_Nb25,0.5,0.375,0.0,0.0,0.0,0.0,0.125,0.0,0.0,0.0,0.0,0.0,0.0
Mo25-V75,B2_TERN_SOL_080_Ru_Hf87_Mo12,-0.16735573823451375,3.02092873,2.554397326,-1.011580317,6.125,0.0808002001785193,1.8016,0.4447172584912801,-14.16,Mo25-V75,0.25,0.0,0.75,0.0,B2_TERN_SOL_080_Ru_Hf87_Mo12,0.5,0.4375,0.0,0.0,0.0,0.0625,0.0,0.0,0.0,0.0,0.0,0.0,0.0
Mo25-V75,B2_TERN_SOL_081_Ru_Hf75_Mo25,0.05761048059102766,3.02092873,3.200127757,-0.833822359,6.25,0.0785362630419332,1.8532,0.4332686926146408,-13.32,Mo25-V75,0.25,0.0,0.75,0.0,B2_TERN_SOL_081_Ru_Hf75_Mo25,0.5,0.375,0.0,0.0,0.0,0.125,0.0,0.0,0.0,0.0,0.0,0.0,0.0
Mo25-V75,B2_TERN_SOL_082_Ru_Hf87_Ta12,-0.1650650908124606,3.02092873,2.560296043,-1.113680888,6.0625,0.079929319846275,1.7620000000000002,0.4404043596514458,-13.68,Mo25-V75,0.25,0.0,0.75,0.0,B2_TERN_SOL_082_Ru_Hf87_Ta12,0.5,0.4375,0.0,0.0,0.0,0.0,0.0,0.0625,0.0,0.0,0.0,0.0,0.0
Mo25-V75,B2_TERN_SOL_083_Ru_Hf75_Ta25,0.06272855145001685,3.02092873,3.216563145,-1.032519678,6.125,0.0772310128363896,1.774,0.4302603862778911,-12.36,Mo25-V75,0.25,0.0,0.75,0.0,B2_TERN_SOL_083_Ru_Hf75_Ta25,0.5,0.375,0.0,0.0,0.0,0.0,0.0,0.125,0.0,0.0,0.0,0.0,0.0
Mo25-V75,B2_TERN_SOL_084_Ru_Hf87_W12,-0.1673748714395229,3.02092873,2.554348108,-1.017173511,6.125,0.0808002001785193,1.8136,0.4567614694783263,-13.92,Mo25-V75,0.25,0.0,0.75,0.0,B2_TERN_SOL_084_Ru_Hf87_W12,0.5,0.4375,0.0,0.0,0.0,0.0,0.0,0.0,0.0625,0.0,0.0,0.0,0.0
Mo25-V75,B2_TERN_SOL_085_Ru_Hf75_W25,0.05784957240391897,3.02092873,3.200893611,-0.836868509,6.25,0.0785362630419332,1.8772,0.4546120983871855,-12.84,Mo25-V75,0.25,0.0,0.75,0.0,B2_TERN_SOL_085_Ru_Hf75_W25,0.5,0.375,0.0,0.0,0.0,0.0,0.0,0.0,0.125,0.0,0.0,0.0,0.0
Mo25-V75,B2_TERN_SOL_086_Ru_Hf87_V12,-0.17063665657902297,3.02092873,2.545970218,-1.063735031,6.0625,0.0824106716944606,1.7698,0.4368317296167943,-13.44,Mo25-V75,0.25,0.0,0.75,0.0,B2_TERN_SOL_086_Ru_Hf87_V12,0.5,0.4375,0.0,0.0,0.0,0.0,0.0,0.0,0.0,0.0625,0.0,0.0,0.0
Mo25-V75,B2_TERN_SOL_087_Ru_Hf75_V25,0.051561140563640175,3.02092873,3.180813173,-0.946727169,6.125,0.0813951555025931,1.7896,0.4223266981851847,-11.88,Mo25-V75,0.25,0.0,0.75,0.0,B2_TERN_SOL_087_Ru_Hf75_V25,0.5,0.375,0.0,0.0,0.0,0.0,0.0,0.0,0.0,0.125,0.0,0.0,0.0
Mo25-V75,B2_TERN_SOL_088_Ru_Ti87_Nb12,-0.20785625815340023,3.02092873,2.452124543,-0.983188993,6.0625,0.04588506177003,1.8736,0.3266910467092724,-9.6112,Mo25-V75,0.25,0.0,0.75,0.0,B2_TERN_SOL_088_Ru_Ti87_Nb12,0.5,0.0,0.4375,0.0,0.0,0.0,0.0625,0.0,0.0,0.0,0.0,0.0,0.0
Mo25-V75,B2_TERN_SOL_089_Ru_Ti75_Nb25,0.026772675502931678,3.02092873,3.102904429,-0.903188944,6.125,0.0454989552387946,1.8772,0.3233081502220444,-9.1648,Mo25-V75,0.25,0.0,0.75,0.0,B2_TERN_SOL_089_Ru_Ti75_Nb25,0.5,0.0,0.375,0.0,0.0,0.0,0.125,0.0,0.0,0.0,0.0,0.0,0.0
Mo25-V75,B2_TERN_SOL_090_Ru_Ti87_Mo12,-0.2115353589109941,3.02092873,2.443019595,-0.92145562,6.125,0.0449536510398423,1.9072,0.3256196554263886,-9.760000000000002,Mo25-V75,0.25,0.0,0.75,0.0,B2_TERN_SOL_090_Ru_Ti87_Mo12,0.5,0.0,0.4375,0.0,0.0,0.0625,0.0,0.0,0.0,0.0,0.0,0.0,0.0
Mo25-V75,B2_TERN_SOL_091_Ru_Ti75_Mo25,0.02062544885104952,3.02092873,3.083886002,-0.762838311,6.25,0.0433128345312989,1.9444,0.3168416639269527,-9.52,Mo25-V75,0.25,0.0,0.75,0.0,B2_TERN_SOL_091_Ru_Ti75_Mo25,0.5,0.0,0.375,0.0,0.0,0.125,0.0,0.0,0.0,0.0,0.0,0.0,0.0
Mo25-V75,B2_TERN_SOL_092_Ru_Ti87_Ta12,-0.2085036476800305,3.02092873,2.4505202,-1.012091649,6.0625,0.04588506177003,1.8676,0.3325270515311499,-9.28,Mo25-V75,0.25,0.0,0.75,0.0,B2_TERN_SOL_092_Ru_Ti87_Ta12,0.5,0.0,0.4375,0.0,0.0,0.0,0.0,0.0625,0.0,0.0,0.0,0.0,0.0
Mo25-V75,B2_TERN_SOL_093_Ru_Ti75_Ta25,0.025448725373854276,3.02092873,3.098798357,-0.958150623,6.125,0.0454989552387946,1.8652,0.3350178502706983,-8.559999999999999,Mo25-V75,0.25,0.0,0.75,0.0,B2_TERN_SOL_093_Ru_Ti75_Ta25,0.5,0.0,0.375,0.0,0.0,0.0,0.0,0.125,0.0,0.0,0.0,0.0,0.0
Mo25-V75,B2_TERN_SOL_094_Ru_Ti87_W12,-0.21123274819999943,3.02092873,2.443767345,-0.933472753,6.125,0.0449536510398423,1.9192,0.338158779273879,-9.52,Mo25-V75,0.25,0.0,0.75,0.0,B2_TERN_SOL_094_Ru_Ti87_W12,0.5,0.0,0.4375,0.0,0.0,0.0,0.0,0.0,0.0625,0.0,0.0,0.0,0.0
Mo25-V75,B2_TERN_SOL_095_Ru_Ti75_W25,0.020074103024355354,3.02092873,3.082186007,-0.789613358,6.25,0.0433128345312989,1.9684,0.3390596407713546,-9.04,Mo25-V75,0.25,0.0,0.75,0.0,B2_TERN_SOL_095_Ru_Ti75_W25,0.5,0.0,0.375,0.0,0.0,0.0,0.0,0.0,0.125,0.0,0.0,0.0,0.0
Mo25-V75,B2_TERN_SOL_096_Ru_Ti87_V12,-0.21575979885367033,3.02092873,2.432602346,-0.982724607,6.0625,0.0461854444311139,1.8754,0.3252581128888256,-9.04,Mo25-V75,0.25,0.0,0.75,0.0,B2_TERN_SOL_096_Ru_Ti87_V12,0.5,0.0,0.4375,0.0,0.0,0.0,0.0,0.0,0.0,0.0625,0.0,0.0,0.0
Mo25-V75,B2_TERN_SOL_097_Ru_Ti75_V25,0.011213992654270961,3.02092873,3.05499642,-0.905306641,6.125,0.0454154582679287,1.8808,0.3203550530271062,-8.08,Mo25-V75,0.25,0.0,0.75,0.0,B2_TERN_SOL_097_Ru_Ti75_V25,0.5,0.0,0.375,0.0,0.0,0.0,0.0,0.0,0.0,0.125,0.0,0.0,0.0
Mo25-V75,B2_TERN_SOL_098_Ru_Zr87_Nb12,-0.15463007205499188,3.02092873,2.587326291,-0.890146496,6.0625,0.0860586382926536,1.7812,0.423370476060861,-16.756800000000002,Mo25-V75,0.25,0.0,0.75,0.0,B2_TERN_SOL_098_Ru_Zr87_Nb12,0.5,0.0,0.0,0.4375,0.0,0.0,0.0625,0.0,0.0,0.0,0.0,0.0,0.0
Mo25-V75,B2_TERN_SOL_099_Ru_Zr75_Nb25,0.0726521716684678,3.02092873,3.24867904,-0.818094975,6.125,0.0831528643327092,1.7974,0.4107739524361301,-15.4272,Mo25-V75,0.25,0.0,0.75,0.0,B2_TERN_SOL_099_Ru_Zr75_Nb25,0.5,0.0,0.0,0.375,0.0,0.0,0.125,0.0,0.0,0.0,0.0,0.0,0.0
Mo25-V75,B2_TERN_SOL_100_Ru_Zr87_Mo12,-0.15778435308371502,3.02092873,2.579128061,-0.806967569,6.125,0.0870934949098326,1.8148,0.4298289892503762,-16.8,Mo25-V75,0.25,0.0,0.75,0.0,B2_TERN_SOL_100_Ru_Zr87_Mo12,0.5,0.0,0.0,0.4375,0.0,0.0625,0.0,0.0,0.0,0.0,0.0,0.0,0.0
Mo25-V75,B2_TERN_SOL_101_Ru_Zr75_Mo25,0.06619845908487887,3.02092873,3.227755359,-0.655458039,6.25,0.084783177312234,1.8646000000000005,0.4187133148109814,-15.6,Mo25-V75,0.25,0.0,0.75,0.0,B2_TERN_SOL_101_Ru_Zr75_Mo25,0.5,0.0,0.0,0.375,0.0,0.125,0.0,0.0,0.0,0.0,0.0,0.0,0.0
Mo25-V75,B2_TERN_SOL_102_Ru_Zr87_Ta12,-0.15529310891234502,3.02092873,2.585601013,-0.911972703,6.0625,0.0860586382926536,1.7752,0.4265922643461787,-16.32,Mo25-V75,0.25,0.0,0.75,0.0,B2_TERN_SOL_102_Ru_Zr87_Ta12,0.5,0.0,0.0,0.4375,0.0,0.0,0.0,0.0625,0.0,0.0,0.0,0.0,0.0
Mo25-V75,B2_TERN_SOL_103_Ru_Zr75_Ta25,0.07136568410392628,3.02092873,3.244496924,-0.863325979,6.125,0.0831528643327091,1.7854,0.4177664898002233,-14.64,Mo25-V75,0.25,0.0,0.75,0.0,B2_TERN_SOL_103_Ru_Zr75_Ta25,0.5,0.0,0.0,0.375,0.0,0.0,0.0,0.125,0.0,0.0,0.0,0.0,0.0
Mo25-V75,B2_TERN_SOL_104_Ru_Zr87_W12,-0.15764295184567767,3.02092873,2.579495061,-0.814514579,6.125,0.0870934949098326,1.8268,0.4419205358432667,-16.56,Mo25-V75,0.25,0.0,0.75,0.0,B2_TERN_SOL_104_Ru_Zr87_W12,0.5,0.0,0.0,0.4375,0.0,0.0,0.0,0.0,0.0625,0.0,0.0,0.0,0.0
Mo25-V75,B2_TERN_SOL_105_Ru_Zr75_W25,0.06671563121888205,3.02092873,3.229426942,-0.661370427,6.25,0.084783177312234,1.8886,0.4401409319752027,-15.12,Mo25-V75,0.25,0.0,0.75,0.0,B2_TERN_SOL_105_Ru_Zr75_W25,0.5,0.0,0.0,0.375,0.0,0.0,0.0,0.0,0.125,0.0,0.0,0.0,0.0
Mo25-V75,B2_TERN_SOL_106_Ru_Zr87_V12,-0.16048999136613748,3.02092873,2.572114963,-0.856520623,6.0625,0.0887380403728719,1.783,0.4226594373724548,-16.08,Mo25-V75,0.25,0.0,0.75,0.0,B2_TERN_SOL_106_Ru_Zr87_V12,0.5,0.0,0.0,0.4375,0.0,0.0,0.0,0.0,0.0,0.0625,0.0,0.0,0.0
Mo25-V75,B2_TERN_SOL_107_Ru_Zr75_V25,0.060183315518100355,3.02092873,3.208378924,-0.759667971,6.125,0.0877123126458997,1.8010000000000002,0.4091564492953766,-14.16,Mo25-V75,0.25,0.0,0.75,0.0,B2_TERN_SOL_107_Ru_Zr75_V25,0.5,0.0,0.0,0.375,0.0,0.0,0.0,0.0,0.0,0.125,0.0,0.0,0.0
Mo25-V75,B2_PENALTY_108_Ru100Al0_Hf,0.5184286325489659,3.02092873,5.135083991,-1.187745448,6.0,0.0821917808219178,1.75,0.45,-15.0,Mo25-V75,0.25,0.0,0.75,0.0,B2_PENALTY_108_Ru100Al0_Hf,0.5,0.5,0.0,0.0,0.0,0.0,0.0,0.0,0.0,0.0,0.0,0.0,0.0
Mo25-V75,B2_PENALTY_109_Ru87Al12_Hf,-0.15783551137693086,3.02092873,2.578995294,-1.06443911,5.6875,0.0794670531912796,1.7146,0.4362027510229618,-15.312,Mo25-V75,0.25,0.0,0.75,0.0,B2_PENALTY_109_Ru87Al12_Hf,0.4375,0.5,0.0,0.0,0.0625,0.0,0.0,0.0,0.0,0.0,0.0,0.0,0.0
Mo25-V75,B2_PENALTY_110_Ru75Al25_Hf,0.07758633599226734,3.02092873,3.264770933,-0.95574225,5.375,0.0765104674756606,1.6792000000000002,0.4189741758151689,-15.048,Mo25-V75,0.25,0.0,0.75,0.0,B2_PENALTY_110_Ru75Al25_Hf,0.375,0.5,0.0,0.0,0.125,0.0,0.0,0.0,0.0,0.0,0.0,0.0,0.0
Mo25-V75,B2_PENALTY_111_Ru62Al37_Hf,-0.1482289859048321,3.02092873,2.60403723,-0.842813539,5.0625,0.072734714189907,1.6379,0.3939322149812072,-14.012,Mo25-V75,0.25,0.0,0.75,0.0,B2_PENALTY_111_Ru62Al37_Hf,0.3125,0.5,0.0,0.0,0.1875,0.0,0.0,0.0,0.0,0.0,0.0,0.0,0.0
Mo25-V75,B2_PENALTY_112_Ru50Al50_Hf,0.31553702331141015,3.02092873,4.152701731,-0.729649314,4.75,0.0691810843061248,1.6025,0.3674489760497368,-12.5,Mo25-V75,0.25,0.0,0.75,0.0,B2_PENALTY_112_Ru50Al50_Hf,0.25,0.5,0.0,0.0,0.25,0.0,0.0,0.0,0.0,0.0,0.0,0.0,0.0
Mo25-V75,B2_PENALTY_113_Ru87Cr12_Hf,-0.1642094679679213,3.02092873,2.562502587,-1.035615577,5.875,0.0853931303142513,1.7176,0.4356446258132884,-12.672,Mo25-V75,0.25,0.0,0.75,0.0,B2_PENALTY_113_Ru87Cr12_Hf,0.4375,0.5,0.0,0.0,0.0,0.0,0.0,0.0,0.0,0.0,0.0625,0.0,0.0
Mo25-V75,B2_PENALTY_114_Ru75Cr25_Hf,0.06547690307291192,3.02092873,3.225424668,-0.878162691,5.75,0.0884389348964152,1.6852000000000005,0.4182976930369089,-10.488,Mo25-V75,0.25,0.0,0.75,0.0,B2_PENALTY_114_Ru75Cr25_Hf,0.375,0.5,0.0,0.0,0.0,0.0,0.0,0.0,0.0,0.0,0.125,0.0,0.0
Mo25-V75,B2_PENALTY_115_Ru62Cr37_Hf,-0.16645186344268129,3.02092873,2.556723432,-0.716377173,5.625,0.0918154837201231,1.6474000000000002,0.3937476857074846,-8.122,Mo25-V75,0.25,0.0,0.75,0.0,B2_PENALTY_115_Ru62Cr37_Hf,0.3125,0.5,0.0,0.0,0.0,0.0,0.0,0.0,0.0,0.0,0.1875,0.0,0.0
Mo25-V75,B2_PENALTY_116_Ru50Cr50_Hf,0.2919327619752735,3.02092873,4.053567315,-0.552796357,5.5,0.09457197487001,1.615,0.3683408747342603,-6.25,Mo25-V75,0.25,0.0,0.75,0.0,B2_PENALTY_116_Ru50Cr50_Hf,0.25,0.5,0.0,0.0,0.0,0.0,0.0,0.0,0.0,0.0,0.25,0.0,0.0
Mo25-V75,B2_PENALTY_117_Ru87Cu12_Hf,-0.16152450986146188,3.02092873,2.569438099,-1.045192975,6.1875,0.0853931303142513,1.7320000000000002,0.4374654272053965,-14.4672,Mo25-V75,0.25,0.0,0.75,0.0,B2_PENALTY_117_Ru87Cu12_Hf,0.4375,0.5,0.0,0.0,0.0,0.0,0.0,0.0,0.0,0.0,0.0,0.0625,0.0
Mo25-V75,B2_PENALTY_118_Ru75Cu25_Hf,0.06882740431523934,3.02092873,3.236261822,-0.923389889,6.375,0.0884389348964152,1.7140000000000002,0.4237971212738473,-13.5888,Mo25-V75,0.25,0.0,0.75,0.0,B2_PENALTY_118_Ru75Cu25_Hf,0.375,0.5,0.0,0.0,0.0,0.0,0.0,0.0,0.0,0.0,0.0,0.125,0.0
Mo25-V75,B2_PENALTY_119_Ru62Cu37_Hf,-0.1619743427259777,3.02092873,2.568274935,-0.799684359,6.5625,0.0918154837201231,1.693,0.4062646920420233,-12.1272,Mo25-V75,0.25,0.0,0.75,0.0,B2_PENALTY_119_Ru62Cu37_Hf,0.3125,0.5,0.0,0.0,0.0,0.0,0.0,0.0,0.0,0.0,0.0,0.1875,0.0
Mo25-V75,B2_PENALTY_120_Ru50Cu50_Hf,0.29749501504212644,3.02092873,4.076680397,-0.677358279,6.75,0.09457197487001,1.675,0.3897114317029974,-10.5,Mo25-V75,0.25,0.0,0.75,0.0,B2_PENALTY_120_Ru50Cu50_Hf,0.25,0.5,0.0,0.0,0.0,0.0,0.0,0.0,0.0,0.0,0.0,0.25,0.0
Mo25-V75,B2_PENALTY_121_Ru87Si12_Hf,-0.15970103862201554,3.02092873,2.574158138,-1.089550642,5.75,0.0937602843775687,1.7320000000000002,0.4374654272053965,-12.3552,Mo25-V75,0.25,0.0,0.75,0.0,B2_PENALTY_121_Ru87Si12_Hf,0.4375,0.5,0.0,0.0,0.0,0.0,0.0,0.0,0.0,0.0,0.0,0.0,0.0625
Mo25-V75,B2_PENALTY_122_Ru75Si25_Hf,0.07257020896795002,3.02092873,3.248412429,-1.009713639,5.5,0.1038426921242283,1.7140000000000002,0.4237971212738473,-9.9408,Mo25-V75,0.25,0.0,0.75,0.0,B2_PENALTY_122_Ru75Si25_Hf,0.375,0.5,0.0,0.0,0.0,0.0,0.0,0.0,0.0,0.0,0.0,0.0,0.125
Mo25-V75,B2_PENALTY_123_Ru62Si37_Hf,-0.15624455480311128,3.02092873,2.583127124,-0.920694427,5.25,0.1142356063938751,1.693,0.4062646920420233,-7.4152,Mo25-V75,0.25,0.0,0.75,0.0,B2_PENALTY_123_Ru62Si37_Hf,0.3125,0.5,0.0,0.0,0.0,0.0,0.0,0.0,0.0,0.0,0.0,0.0,0.1875
Mo25-V75,B2_PENALTY_124_Ru50Si50_Hf,0.30495245425139017,3.02092873,4.107906653,-0.838327211,5.0,0.1222287117389678,1.6750000000000005,0.3897114317029974,-5.5,Mo25-V75,0.25,0.0,0.75,0.0,B2_PENALTY_124_Ru50Si50_Hf,0.25,0.5,0.0,0.0,0.0,0.0,0.0,0.0,0.0,0.0,0.0,0.0,0.25
Mo25-V75,B2_PENALTY_125_Ru100Al0_Ti,0.4709257551713838,3.02092873,4.881705796,-1.057956866,6.0,0.0462633451957295,1.87,0.33,-10.0,Mo25-V75,0.25,0.0,0.75,0.0,B2_PENALTY_125_Ru100Al0_Ti,0.5,0.0,0.5,0.0,0.0,0.0,0.0,0.0,0.0,0.0,0.0,0.0,0.0
Mo25-V75,B2_PENALTY_126_Ru87Al12_Ti,-0.20855037501163554,3.02092873,2.450404438,-0.970267174,5.6875,0.0447291357659921,1.8346,0.3242974560492266,-10.912,Mo25-V75,0.25,0.0,0.75,0.0,B2_PENALTY_126_Ru87Al12_Ti,0.4375,0.0,0.5,0.0,0.0625,0.0,0.0,0.0,0.0,0.0,0.0,0.0,0.0
Mo25-V75,B2_PENALTY_127_Ru75Al25_Ti,0.02573808797444122,3.02092873,3.09969531,-0.88819063,5.375,0.0428259601061415,1.7992,0.3145335594177512,-11.248,Mo25-V75,0.25,0.0,0.75,0.0,B2_PENALTY_127_Ru75Al25_Ti,0.375,0.0,0.5,0.0,0.125,0.0,0.0,0.0,0.0,0.0,0.0,0.0,0.0
Mo25-V75,B2_PENALTY_128_Ru62Al37_Ti,-0.20011779079309047,3.02092873,2.471374896,-0.804440265,5.0625,0.0400790404298587,1.7579,0.2974669561480737,-10.912,Mo25-V75,0.25,0.0,0.75,0.0,B2_PENALTY_128_Ru62Al37_Ti,0.3125,0.0,0.5,0.0,0.1875,0.0,0.0,0.0,0.0,0.0,0.0,0.0,0.0
Mo25-V75,B2_PENALTY_129_Ru50Al50_Ti,0.2639542866289285,3.02092873,3.939553259,-0.713701673,4.75,0.0371922251866817,1.7225,0.2771619562638422,-10.0,Mo25-V75,0.25,0.0,0.75,0.0,B2_PENALTY_129_Ru50Al50_Ti,0.25,0.0,0.5,0.0,0.25,0.0,0.0,0.0,0.0,0.0,0.0,0.0,0.0
Mo25-V75,B2_PENALTY_130_Ru87Cr12_Ti,-0.21503049320235504,3.02092873,2.434397938,-0.94270459,5.875,0.0499298619726951,1.8376,0.3224317602222213,-8.272,Mo25-V75,0.25,0.0,0.75,0.0,B2_PENALTY_130_Ru87Cr12_Ti,0.4375,0.0,0.5,0.0,0.0,0.0,0.0,0.0,0.0,0.0,0.0625,0.0,0.0
Mo25-V75,B2_PENALTY_131_Ru75Cr25_Ti,0.013323762216393914,3.02092873,3.061448806,-0.80961964,5.75,0.0532543770850372,1.8052,0.3113277372801852,-6.688,Mo25-V75,0.25,0.0,0.75,0.0,B2_PENALTY_131_Ru75Cr25_Ti,0.375,0.0,0.5,0.0,0.0,0.0,0.0,0.0,0.0,0.0,0.125,0.0,0.0
Mo25-V75,B2_PENALTY_132_Ru62Cr37_Ti,-0.21906875066251577,3.02092873,2.424470344,-0.675679922,5.625,0.0567786551293567,1.7674,0.2933619607242902,-5.022,Mo25-V75,0.25,0.0,0.75,0.0,B2_PENALTY_132_Ru62Cr37_Ti,0.3125,0.0,0.5,0.0,0.0,0.0,0.0,0.0,0.0,0.0,0.1875,0.0,0.0
Mo25-V75,B2_PENALTY_133_Ru50Cr50_Ti,0.23868217593797925,3.02092873,3.839681408,-0.538077974,5.5,0.0595429689109598,1.735,0.2729010809799038,-3.75,Mo25-V75,0.25,0.0,0.75,0.0,B2_PENALTY_133_Ru50Cr50_Ti,0.25,0.0,0.5,0.0,0.0,0.0,0.0,0.0,0.0,0.0,0.25,0.0,0.0
Mo25-V75,B2_PENALTY_134_Ru87Cu12_Ti,-0.21223255885501965,3.02092873,2.441297595,-0.919729937,6.1875,0.0499298619726951,1.852,0.3195246469366644,-10.0672,Mo25-V75,0.25,0.0,0.75,0.0,B2_PENALTY_134_Ru87Cu12_Ti,0.4375,0.0,0.5,0.0,0.0,0.0,0.0,0.0,0.0,0.0,0.0,0.0625,0.0
Mo25-V75,B2_PENALTY_135_Ru75Cu25_Ti,0.017634441235364184,3.02092873,3.074675013,-0.801717189,6.375,0.0532543770850372,1.834,0.3076426498390625,-9.7888,Mo25-V75,0.25,0.0,0.75,0.0,B2_PENALTY_135_Ru75Cu25_Ti,0.375,0.0,0.5,0.0,0.0,0.0,0.0,0.0,0.0,0.0,0.0,0.125,0.0
Mo25-V75,B2_PENALTY_136_Ru62Cu37_Ti,-0.21268695876119048,3.02092873,2.440175866,-0.680640909,6.5625,0.0567786551293567,1.813,0.2917721713940519,-9.0272,Mo25-V75,0.25,0.0,0.75,0.0,B2_PENALTY_136_Ru62Cu37_Ti,0.3125,0.0,0.5,0.0,0.0,0.0,0.0,0.0,0.0,0.0,0.0,0.1875,0.0
Mo25-V75,B2_PENALTY_137_Ru50Cu50_Ti,0.2471293504900194,3.02092873,3.872743044,-0.557797759,6.75,0.0595429689109598,1.7950000000000002,0.2761792895928295,-8.0,Mo25-V75,0.25,0.0,0.75,0.0,B2_PENALTY_137_Ru50Cu50_Ti,0.25,0.0,0.5,0.0,0.0,0.0,0.0,0.0,0.0,0.0,0.0,0.25,0.0
Mo25-V75,B2_PENALTY_138_Ru87Si12_Ti,-0.21119983449089852,3.02092873,2.443848687,-0.989505902,5.75,0.0607546208741894,1.852,0.3195246469366644,-7.9552,Mo25-V75,0.25,0.0,0.75,0.0,B2_PENALTY_138_Ru87Si12_Ti,0.4375,0.0,0.5,0.0,0.0,0.0,0.0,0.0,0.0,0.0,0.0,0.0,0.0625
Mo25-V75,B2_PENALTY_139_Ru75Si25_Ti,0.020030044573658652,3.02092873,3.0820502,-0.93611645,5.5,0.0719655963958058,1.834,0.3076426498390625,-6.1408,Mo25-V75,0.25,0.0,0.75,0.0,B2_PENALTY_139_Ru75Si25_Ti,0.375,0.0,0.5,0.0,0.0,0.0,0.0,0.0,0.0,0.0,0.0,0.0,0.125
Mo25-V75,B2_PENALTY_140_Ru62Si37_Ti,-0.20933138444767255,3.02092873,2.448470295,-0.869757039,5.25,0.0826499299050591,1.813,0.2917721713940519,-4.3152,Mo25-V75,0.25,0.0,0.75,0.0,B2_PENALTY_140_Ru62Si37_Ti,0.3125,0.0,0.5,0.0,0.0,0.0,0.0,0.0,0.0,0.0,0.0,0.0,0.1875
Mo25-V75,B2_PENALTY_141_Ru50Si50_Ti,0.251608805303313,3.02092873,3.890404933,-0.808674347,5.0,0.090393746324797,1.795,0.2761792895928295,-3.0,Mo25-V75,0.25,0.0,0.75,0.0,B2_PENALTY_141_Ru50Si50_Ti,0.25,0.0,0.5,0.0,0.0,0.0,0.0,0.0,0.0,0.0,0.0,0.0,0.25
Mo25-V75,B2_PENALTY_142_Ru100Al0_Zr,0.5291231593925867,3.02092873,5.194385147,-0.960777489,6.0,0.0884353741496598,1.765,0.435,-18.0,Mo25-V75,0.25,0.0,0.75,0.0,B2_PENALTY_142_Ru100Al0_Zr,0.5,0.0,0.0,0.5,0.0,0.0,0.0,0.0,0.0,0.0,0.0,0.0,0.0
Mo25-V75,B2_PENALTY_143_Ru87Al12_Zr,-0.14643682280241216,3.02092873,2.608733784,-0.873588029,5.6875,0.0856069896776228,1.7296,0.421971373436635,-17.951999999999998,Mo25-V75,0.25,0.0,0.75,0.0,B2_PENALTY_143_Ru87Al12_Zr,0.4375,0.0,0.0,0.5,0.0625,0.0,0.0,0.0,0.0,0.0,0.0,0.0,0.0
Mo25-V75,B2_PENALTY_144_Ru75Al25_Zr,0.08902265239722328,3.02092873,3.302387941,-0.797935587,5.375,0.0825630715605787,1.6942000000000002,0.4054483444287324,-17.328,Mo25-V75,0.25,0.0,0.75,0.0,B2_PENALTY_144_Ru75Al25_Zr,0.375,0.0,0.0,0.5,0.125,0.0,0.0,0.0,0.0,0.0,0.0,0.0,0.0
Mo25-V75,B2_PENALTY_145_Ru62Al37_Zr,-0.1369102769339139,3.02092873,2.633831346,-0.726652657,5.0625,0.0787099182537501,1.6529,0.381143791763686,-15.872,Mo25-V75,0.25,0.0,0.75,0.0,B2_PENALTY_145_Ru62Al37_Zr,0.3125,0.0,0.0,0.5,0.1875,0.0,0.0,0.0,0.0,0.0,0.0,0.0,0.0
Mo25-V75,B2_PENALTY_146_Ru50Al50_Zr,0.3264067838213472,3.02092873,4.199293486,-0.654418284,4.75,0.0751158704347694,1.6175000000000002,0.3552024070864386,-14.0,Mo25-V75,0.25,0.0,0.75,0.0,B2_PENALTY_146_Ru50Al50_Zr,0.25,0.0,0.0,0.5,0.25,0.0,0.0,0.0,0.0,0.0,0.0,0.0,0.0
Mo25-V75,B2_PENALTY_147_Ru87Cr12_Zr,-0.15276730939889493,3.02092873,2.592179044,-0.824075051,5.875,0.0915913075118357,1.7326,0.4212875977286776,-15.312,Mo25-V75,0.25,0.0,0.75,0.0,B2_PENALTY_147_Ru87Cr12_Zr,0.4375,0.0,0.0,0.5,0.0,0.0,0.0,0.0,0.0,0.0,0.0625,0.0,0.0
Mo25-V75,B2_PENALTY_148_Ru75Cr25_Zr,0.07674023597324868,3.02092873,3.262005664,-0.675888976,5.75,0.0946071432924222,1.7002000000000002,0.4045268347093924,-12.768,Mo25-V75,0.25,0.0,0.75,0.0,B2_PENALTY_148_Ru75Cr25_Zr,0.375,0.0,0.0,0.5,0.0,0.0,0.0,0.0,0.0,0.0,0.125,0.0,0.0
Mo25-V75,B2_PENALTY_149_Ru62Cr37_Zr,-0.15533163749549264,3.02092873,2.585500791,-0.525764636,5.625,0.097964971374696,1.6624,0.3805788223219995,-9.982,Mo25-V75,0.25,0.0,0.75,0.0,B2_PENALTY_149_Ru62Cr37_Zr,0.3125,0.0,0.0,0.5,0.0,0.0,0.0,0.0,0.0,0.0,0.1875,0.0,0.0
Mo25-V75,B2_PENALTY_150_Ru50Cr50_Zr,0.30267064401913096,3.02092873,4.09832298,-0.377855166,5.5,0.100717188245724,1.63,0.355598087733891,-7.75,Mo25-V75,0.25,0.0,0.75,0.0,B2_PENALTY_150_Ru50Cr50_Zr,0.25,0.0,0.0,0.5,0.0,0.0,0.0,0.0,0.0,0.0,0.25,0.0,0.0
Mo25-V75,B2_PENALTY_151_Ru87Cu12_Zr,-0.1502997986889668,3.02092873,2.598620194,-0.842497728,6.1875,0.0915913075118357,1.747,0.4226594373724548,-17.1072,Mo25-V75,0.25,0.0,0.75,0.0,B2_PENALTY_151_Ru87Cu12_Zr,0.4375,0.0,0.0,0.5,0.0,0.0,0.0,0.0,0.0,0.0,0.0,0.0625,0.0
Mo25-V75,B2_PENALTY_152_Ru75Cu25_Zr,0.08012110284402948,3.02092873,3.273069781,-0.744916574,6.375,0.0946071432924222,1.729,0.4091564492953766,-15.8688,Mo25-V75,0.25,0.0,0.75,0.0,B2_PENALTY_152_Ru75Cu25_Zr,0.375,0.0,0.0,0.5,0.0,0.0,0.0,0.0,0.0,0.0,0.0,0.125,0.0
Mo25-V75,B2_PENALTY_153_Ru62Cu37_Zr,-0.15067132406917633,3.02092873,2.597649425,-0.643740809,6.5625,0.097964971374696,1.708,0.3917728933961614,-13.9872,Mo25-V75,0.25,0.0,0.75,0.0,B2_PENALTY_153_Ru62Cu37_Zr,0.3125,0.0,0.0,0.5,0.0,0.0,0.0,0.0,0.0,0.0,0.0,0.1875,0.0
Mo25-V75,B2_PENALTY_154_Ru50Cu50_Zr,0.3088461300124568,3.02092873,4.124319928,-0.545283305,6.75,0.100717188245724,1.6900000000000002,0.3752998800959041,-12.0,Mo25-V75,0.25,0.0,0.75,0.0,B2_PENALTY_154_Ru50Cu50_Zr,0.25,0.0,0.0,0.5,0.0,0.0,0.0,0.0,0.0,0.0,0.0,0.25,0.0
Mo25-V75,B2_PENALTY_155_Ru87Si12_Zr,-0.1484387993153069,3.02092873,2.603487904,-0.898605077,5.75,0.0996987498196708,1.747,0.4226594373724548,-14.9952,Mo25-V75,0.25,0.0,0.75,0.0,B2_PENALTY_155_Ru87Si12_Zr,0.4375,0.0,0.0,0.5,0.0,0.0,0.0,0.0,0.0,0.0,0.0,0.0,0.0625
Mo25-V75,B2_PENALTY_156_Ru75Si25_Zr,0.0838816552515029,3.02092873,3.285422312,-0.857108746,5.5,0.1096308366502065,1.729,0.4091564492953766,-12.2208,Mo25-V75,0.25,0.0,0.75,0.0,B2_PENALTY_156_Ru75Si25_Zr,0.375,0.0,0.0,0.5,0.0,0.0,0.0,0.0,0.0,0.0,0.0,0.0,0.125
Mo25-V75,B2_PENALTY_157_Ru62Si37_Zr,-0.1452043179902801,3.02092873,2.611968248,-0.806319256,5.25,0.1199620550667942,1.708,0.3917728933961614,-9.2752,Mo25-V75,0.25,0.0,0.75,0.0,B2_PENALTY_157_Ru62Si37_Zr,0.3125,0.0,0.0,0.5,0.0,0.0,0.0,0.0,0.0,0.0,0.0,0.0,0.1875
Mo25-V75,B2_PENALTY_158_Ru50Si50_Zr,0.31500503684472386,3.02092873,4.150436873,-0.770078956,5.0,0.127965781170799,1.69,0.3752998800959041,-7.0,Mo25-V75,0.25,0.0,0.75,0.0,B2_PENALTY_158_Ru50Si50_Zr,0.25,0.0,0.0,0.5,0.0,0.0,0.0,0.0,0.0,0.0,0.0,0.0,0.25
Mo25-V75,B2_MULTI_159_A_Ru87_Al12_B_HfTi,-0.18144798442732318,3.02092873,2.518380484,-0.993246203,5.6875,0.0678797217863284,1.7746000000000002,0.3889997943444186,-13.112,Mo25-V75,0.25,0.0,0.75,0.0,B2_MULTI_159_A_Ru87_Al12_B_HfTi,0.4375,0.25,0.25,0.0,0.0625,0.0,0.0,0.0,0.0,0.0,0.0,0.0,0.0
Mo25-V75,B2_MULTI_160_A_Ru75_Al25_B_HfTi,0.05332962201095554,3.02092873,3.186447237,-0.900034303,5.375,0.0654597746128897,1.7392,0.3752803751863399,-13.148,Mo25-V75,0.25,0.0,0.75,0.0,B2_MULTI_160_A_Ru75_Al25_B_HfTi,0.375,0.25,0.25,0.0,0.125,0.0,0.0,0.0,0.0,0.0,0.0,0.0,0.0
Mo25-V75,B2_MULTI_161_A_Ru87_Al12_B_HfZr,-0.15207537351576703,3.02092873,2.593983772,-0.966894404,5.6875,0.0826853853075511,1.7221000000000002,0.4292115911761937,-16.631999999999998,Mo25-V75,0.25,0.0,0.75,0.0,B2_MULTI_161_A_Ru87_Al12_B_HfZr,0.4375,0.25,0.0,0.25,0.0625,0.0,0.0,0.0,0.0,0.0,0.0,0.0,0.0
Mo25-V75,B2_MULTI_162_A_Ru75_Al25_B_HfZr,0.08339422048252686,3.02092873,3.283818469,-0.87583034,5.375,0.0796873228030491,1.6867,0.4123349487976978,-16.188,Mo25-V75,0.25,0.0,0.75,0.0,B2_MULTI_162_A_Ru75_Al25_B_HfZr,0.375,0.25,0.0,0.25,0.125,0.0,0.0,0.0,0.0,0.0,0.0,0.0,0.0
Mo25-V75,B2_MULTI_163_A_Ru87_Al12_B_HfAl,-0.1905778614153676,3.02092873,2.495293785,-4.954411074,2.8125,0.0553065594713224,1.8678,0.3451393341825878,-18.8,Mo25-V75,0.25,0.0,0.75,0.0,B2_MULTI_163_A_Ru87_Al12_B_HfAl,0.25,0.0625,0.0,0.0,0.1875,0.0,0.0,0.0,0.0,0.0,0.0,0.0,0.0
Mo25-V75,B2_MULTI_163_A_Ru87_Al13_B_HfAl,-0.1907116069862363,3.02092873,2.494957013,-1.044063929,5.4375,0.0671169315930914,1.7921,0.3795109879832204,-17.512,Mo25-V75,0.25,0.0,0.75,0.0,B2_MULTI_163_A_Ru87_Al13_B_HfAl,0.4375,0.25,0.0,0.0,0.3125,0.0,0.0,0.0,0.0,0.0,0.0,0.0,0.0
Mo25-V75,B2_MULTI_164_A_Ru75_Al25_B_HfAl,0.04527056418372532,3.02092873,3.160855152,-0.932800309,5.125,0.0647257979106258,1.7552475247524757,0.3655934929642944,-16.912067444368198,Mo25-V75,0.25,0.0,0.75,0.0,B2_MULTI_164_A_Ru75_Al25_B_HfAl,0.375,0.25,0.0,0.0,0.375,0.0,0.0,0.0,0.0,0.0,0.0,0.0,0.0
Mo25-V75,B2_MULTI_165_A_Ru87_Al12_B_TiZr,-0.17544464611777758,3.02092873,2.533666714,-0.881935538,5.6875,0.0727621617453034,1.7821000000000002,0.3799613006610016,-14.432,Mo25-V75,0.25,0.0,0.75,0.0,B2_MULTI_165_A_Ru87_Al12_B_TiZr,0.4375,0.0,0.25,0.25,0.0625,0.0,0.0,0.0,0.0,0.0,0.0,0.0,0.0
Mo25-V75,B2_MULTI_166_A_Ru75_Al25_B_TiZr,0.059554949513769544,3.02092873,3.206361714,-0.808063227,5.375,0.0703058182976203,1.7467,0.3666280267519111,-14.288,Mo25-V75,0.25,0.0,0.75,0.0,B2_MULTI_166_A_Ru75_Al25_B_TiZr,0.375,0.0,0.25,0.25,0.125,0.0,0.0,0.0,0.0,0.0,0.0,0.0,0.0
Mo25-V75,B2_MULTI_167_A_Ru87_Al12_B_TiAl,-0.21902719982550115,3.02092873,2.424572308,-5.952786629,1.5,0.0273038199437399,1.694324324324325,0.2239032192052839,-9.817384952520088,Mo25-V75,0.25,0.0,0.75,0.0,B2_MULTI_167_A_Ru87_Al12_B_TiAl,0.0625,0.0,0.0625,0.0,0.25,0.0,0.0,0.0,0.0,0.0,0.0,0.0,0.0
Mo25-V75,B2_MULTI_167_A_Ru87_Al13_B_TiAl,-0.21906883216503936,3.02092873,2.424470144,-1.021190861,5.4375,0.0396803315535911,1.8521,0.309477931361834,-15.312,Mo25-V75,0.25,0.0,0.75,0.0,B2_MULTI_167_A_Ru87_Al13_B_TiAl,0.4375,0.0,0.25,0.0,0.3125,0.0,0.0,0.0,0.0,0.0,0.0,0.0,0.0
Mo25-V75,B2_MULTI_168_A_Ru75_Al25_B_TiAl,0.01640661929413826,3.02092873,3.070901903,-0.941385339,5.125,0.0380980563492807,1.814653465346535,0.3004965012116891,-15.049504950495049,Mo25-V75,0.25,0.0,0.75,0.0,B2_MULTI_168_A_Ru75_Al25_B_TiAl,0.375,0.0,0.25,0.0,0.375,0.0,0.0,0.0,0.0,0.0,0.0,0.0,0.0
Mo25-V75,B2_MULTI_169_A_Ru87_Al12_B_ZrAl,-0.18379207728625827,3.02092873,2.512434563,-3.978965604,3.1875,0.0773292902137734,1.9146938775510205,0.3828683476015858,-17.35276967930029,Mo25-V75,0.25,0.0,0.75,0.0,B2_MULTI_169_A_Ru87_Al12_B_ZrAl,0.3125,0.0,0.0,0.125,0.0625,0.0,0.0,0.0,0.0,0.0,0.0,0.0,0.0
Mo25-V75,B2_MULTI_169_A_Ru87_Al13_B_ZrAl,-0.18379243247948973,3.02092873,2.512433663,-0.95203949,5.4375,0.0724611766706071,1.7996,0.3698862527859072,-18.832,Mo25-V75,0.25,0.0,0.75,0.0,B2_MULTI_169_A_Ru87_Al13_B_ZrAl,0.4375,0.0,0.0,0.25,0.3125,0.0,0.0,0.0,0.0,0.0,0.0,0.0,0.0
Mo25-V75,B2_MULTI_170_A_Ru75_Al25_B_ZrAl,0.051341897034664595,3.02092873,3.180115415,-0.885427863,5.125,0.0699929276125827,1.762673267326733,0.356461962724668,-18.02960494069209,Mo25-V75,0.25,0.0,0.75,0.0,B2_MULTI_170_A_Ru75_Al25_B_ZrAl,0.375,0.0,0.0,0.25,0.375,0.0,0.0,0.0,0.0,0.0,0.0,0.0,0.0
Mo50-Ta50,B2_014_RuHf,-0.22466592703983018,3.22178751,2.571059804,-1.190557465,6.0,0.0821917808219178,1.75,0.45,-15.0,Mo50-Ta50,0.5,0.5,0.0,0.0,B2_014_RuHf,0.5,0.5,0.0,0.0,0.0,0.0,0.0,0.0,0.0,0.0,0.0,0.0,0.0
Mo50-Ta50,B2_015_RuTi,-0.2762583640128304,3.22178751,2.43976227,-1.048598035,6.0,0.0462633451957295,1.87,0.33,-10.0,Mo50-Ta50,0.5,0.5,0.0,0.0,B2_015_RuTi,0.5,0.0,0.5,0.0,0.0,0.0,0.0,0.0,0.0,0.0,0.0,0.0,0.0
Mo50-Ta50,B2_016_RuZr,-0.21561610873932263,3.22178751,2.59472104,-0.959079125,6.0,0.0884353741496598,1.765,0.435,-18.0,Mo50-Ta50,0.5,0.5,0.0,0.0,B2_016_RuZr,0.5,0.0,0.0,0.5,0.0,0.0,0.0,0.0,0.0,0.0,0.0,0.0,0.0
Mo50-Ta50,B2_017_RuAl,-0.2970663264767977,3.22178751,2.388477153,-1.00191235,5.5,0.0324909747292418,1.905,0.295,-20.0,Mo50-Ta50,0.5,0.5,0.0,0.0,B2_017_RuAl,0.5,0.0,0.0,0.0,0.5,0.0,0.0,0.0,0.0,0.0,0.0,0.0,0.0
Mo50-Ta50,MATRIX_BIN_018_Nb12_Mo87,-0.24583682575380902,3.22178751,2.516452193,-0.074598622,5.875,0.0162666672861703,2.0928,0.1819784602638455,-0.8448,Mo50-Ta50,0.5,0.5,0.0,0.0,MATRIX_BIN_018_Nb12_Mo87,0.0,0.0,0.0,0.0,0.0,0.875,0.125,0.0,0.0,0.0,0.0,0.0,0.0
Mo50-Ta50,MATRIX_BIN_019_Nb25_Mo75,-0.010395886161705892,3.22178751,3.18846737,-0.093096702,5.75,0.0215352675896663,2.02,0.2424871130596428,-1.5,Mo50-Ta50,0.5,0.5,0.0,0.0,MATRIX_BIN_019_Nb25_Mo75,0.0,0.0,0.0,0.0,0.0,0.75,0.25,0.0,0.0,0.0,0.0,0.0,0.0
Mo50-Ta50,MATRIX_BIN_020_Nb50_Mo50,0.23225121446878166,3.22178751,4.068360358,-0.068167471,5.5,0.0245614035087719,1.88,0.28,-2.0,Mo50-Ta50,0.5,0.5,0.0,0.0,MATRIX_BIN_020_Nb50_Mo50,0.0,0.0,0.0,0.0,0.0,0.5,0.5,0.0,0.0,0.0,0.0,0.0,0.0
Mo50-Ta50,MATRIX_BIN_021_Nb75_Mo25,0.016775242556663423,3.22178751,3.276290931,-0.003897255,5.25,0.0210127480987559,1.7400000000000002,0.2424871130596428,-1.5,Mo50-Ta50,0.5,0.5,0.0,0.0,MATRIX_BIN_021_Nb75_Mo25,0.0,0.0,0.0,0.0,0.0,0.25,0.75,0.0,0.0,0.0,0.0,0.0,0.0
Mo50-Ta50,MATRIX_BIN_022_Nb87_Mo12,-0.20646283465398121,3.22178751,2.618850201,0.026755452,5.125,0.0156705067050018,1.6672000000000002,0.1819784602638455,-0.8448,Mo50-Ta50,0.5,0.5,0.0,0.0,MATRIX_BIN_022_Nb87_Mo12,0.0,0.0,0.0,0.0,0.0,0.125,0.875,0.0,0.0,0.0,0.0,0.0,0.0
Mo50-Ta50,MATRIX_BIN_023_Nb12_Ta87,-0.2025825124047786,3.22178751,2.629139739,0.01664066,5.0,0.0,1.512,0.0324961536185438,-0.4224,Mo50-Ta50,0.5,0.5,0.0,0.0,MATRIX_BIN_023_Nb12_Ta87,0.0,0.0,0.0,0.0,0.0,0.0,0.125,0.875,0.0,0.0,0.0,0.0,0.0
Mo50-Ta50,MATRIX_BIN_024_Nb25_Ta75,0.028416576378073086,3.22178751,3.314659229,0.02257152,5.0,0.0,1.525,0.0433012701892219,-0.75,Mo50-Ta50,0.5,0.5,0.0,0.0,MATRIX_BIN_024_Nb25_Ta75,0.0,0.0,0.0,0.0,0.0,0.0,0.25,0.75,0.0,0.0,0.0,0.0,0.0
Mo50-Ta50,MATRIX_BIN_025_Nb50_Ta50,0.2592735441121198,3.22178751,4.181529649,0.032388069,5.0,0.0,1.55,0.05,-1.0,Mo50-Ta50,0.5,0.5,0.0,0.0,MATRIX_BIN_025_Nb50_Ta50,0.0,0.0,0.0,0.0,0.0,0.0,0.5,0.5,0.0,0.0,0.0,0.0,0.0
Mo50-Ta50,MATRIX_BIN_026_Nb75_Ta25,0.0307134026878465,3.22178751,3.322282844,0.043369138,5.0,0.0,1.5750000000000002,0.0433012701892219,-0.75,Mo50-Ta50,0.5,0.5,0.0,0.0,MATRIX_BIN_026_Nb75_Ta25,0.0,0.0,0.0,0.0,0.0,0.0,0.75,0.25,0.0,0.0,0.0,0.0,0.0
Mo50-Ta50,MATRIX_BIN_027_Nb87_Ta12,-0.19921942394453623,3.22178751,2.638087089,0.04776952,5.0,0.0,1.588,0.0324961536185438,-0.4224,Mo50-Ta50,0.5,0.5,0.0,0.0,MATRIX_BIN_027_Nb87_Ta12,0.0,0.0,0.0,0.0,0.0,0.0,0.875,0.125,0.0,0.0,0.0,0.0,0.0
Mo50-Ta50,MATRIX_BIN_028_Nb12_W87,-0.24053293624001873,3.22178751,2.53003601,-0.064576028,5.875,0.0162666672861703,2.2688,0.2469707675009331,-0.8448,Mo50-Ta50,0.5,0.5,0.0,0.0,MATRIX_BIN_028_Nb12_W87,0.0,0.0,0.0,0.0,0.0,0.0,0.125,0.0,0.875,0.0,0.0,0.0,0.0
Mo50-Ta50,MATRIX_BIN_029_Nb25_W75,-0.00613123199145261,3.22178751,3.202094355,-0.067975525,5.75,0.0215352675896663,2.17,0.3290896534380866,-1.5,Mo50-Ta50,0.5,0.5,0.0,0.0,MATRIX_BIN_029_Nb25_W75,0.0,0.0,0.0,0.0,0.0,0.0,0.25,0.0,0.75,0.0,0.0,0.0,0.0
Mo50-Ta50,MATRIX_BIN_030_Nb50_W50,0.2343600772059054,3.22178751,4.077067638,-0.024208031,5.5,0.0245614035087719,1.98,0.3799999999999999,-2.0,Mo50-Ta50,0.5,0.5,0.0,0.0,MATRIX_BIN_030_Nb50_W50,0.0,0.0,0.0,0.0,0.0,0.0,0.5,0.0,0.5,0.0,0.0,0.0,0.0
Mo50-Ta50,MATRIX_BIN_031_Nb75_W25,0.017341948221505445,3.22178751,3.278148285,0.026336168,5.25,0.0210127480987559,1.79,0.3290896534380866,-1.5,Mo50-Ta50,0.5,0.5,0.0,0.0,MATRIX_BIN_031_Nb75_W25,0.0,0.0,0.0,0.0,0.0,0.0,0.75,0.0,0.25,0.0,0.0,0.0,0.0
Mo50-Ta50,MATRIX_BIN_032_Nb87_W12,-0.20601489369361278,3.22178751,2.620036168,0.042204846,5.125,0.0156705067050018,1.6912,0.2469707675009331,-0.8448,Mo50-Ta50,0.5,0.5,0.0,0.0,MATRIX_BIN_032_Nb87_W12,0.0,0.0,0.0,0.0,0.0,0.0,0.875,0.0,0.125,0.0,0.0,0.0,0.0
Mo50-Ta50,MATRIX_BIN_033_Nb12_V87,-0.28964981697846554,3.22178751,2.406649618,0.08248568,5.0,0.0287916304948704,1.6263999999999998,0.009748846085563,-0.4224,Mo50-Ta50,0.5,0.5,0.0,0.0,MATRIX_BIN_033_Nb12_V87,0.0,0.0,0.0,0.0,0.0,0.0,0.125,0.0,0.0,0.875,0.0,0.0,0.0
Mo50-Ta50,MATRIX_BIN_034_Nb25_V75,-0.04474162066373143,3.22178751,3.080793662,0.119704924,5.0,0.0379281198737709,1.6225,0.0129903810567664,-0.75,Mo50-Ta50,0.5,0.5,0.0,0.0,MATRIX_BIN_034_Nb25_V75,0.0,0.0,0.0,0.0,0.0,0.0,0.25,0.0,0.0,0.75,0.0,0.0,0.0
Mo50-Ta50,MATRIX_BIN_035_Nb50_V50,0.2149463150232668,3.22178751,3.997687259,0.146260085,5.0,0.0428571428571428,1.615,0.0149999999999999,-1.0,Mo50-Ta50,0.5,0.5,0.0,0.0,MATRIX_BIN_035_Nb50_V50,0.0,0.0,0.0,0.0,0.0,0.0,0.5,0.0,0.0,0.5,0.0,0.0,0.0
Mo50-Ta50,MATRIX_BIN_036_Nb75_V25,0.009495774044618112,3.22178751,3.252526823,0.114812331,5.0,0.0363367302287176,1.6075000000000002,0.0129903810567664,-0.75,Mo50-Ta50,0.5,0.5,0.0,0.0,MATRIX_BIN_036_Nb75_V25,0.0,0.0,0.0,0.0,0.0,0.0,0.75,0.0,0.0,0.25,0.0,0.0,0.0
Mo50-Ta50,MATRIX_BIN_037_Nb87_V12,-0.20973922539488693,3.22178751,2.61019026,0.086073827,5.0,0.0269752243651442,1.6036,0.009748846085563,-0.4224,Mo50-Ta50,0.5,0.5,0.0,0.0,MATRIX_BIN_037_Nb87_V12,0.0,0.0,0.0,0.0,0.0,0.0,0.875,0.0,0.0,0.125,0.0,0.0,0.0
Mo50-Ta50,MATRIX_BIN_038_Mo12_Ta87,-0.21002331830585955,3.22178751,2.609440574,-0.021898875,5.125,0.0156705067050018,1.5792000000000002,0.2144746138823893,-0.8448,Mo50-Ta50,0.5,0.5,0.0,0.0,MATRIX_BIN_038_Mo12_Ta87,0.0,0.0,0.0,0.0,0.0,0.125,0.0,0.875,0.0,0.0,0.0,0.0,0.0
Mo50-Ta50,MATRIX_BIN_039_Mo25_Ta75,0.013325521804405448,3.22178751,3.265007474,-0.045341345,5.25,0.0210127480987559,1.665,0.2857883832488648,-1.5,Mo50-Ta50,0.5,0.5,0.0,0.0,MATRIX_BIN_039_Mo25_Ta75,0.0,0.0,0.0,0.0,0.0,0.25,0.0,0.75,0.0,0.0,0.0,0.0,0.0
Mo50-Ta50,MATRIX_BIN_040_Mo50_Ta50,0.22939774862860482,3.22178751,4.056611707,-0.115010835,5.5,0.0245614035087719,1.83,0.33,-2.0,Mo50-Ta50,0.5,0.5,0.0,0.0,MATRIX_BIN_040_Mo50_Ta50,0.0,0.0,0.0,0.0,0.0,0.5,0.0,0.5,0.0,0.0,0.0,0.0,0.0
Mo50-Ta50,MATRIX_BIN_041_Mo75_Ta25,-0.011912939079589041,3.22178751,3.183633813,-0.13445637,5.75,0.0215352675896663,1.995,0.2857883832488648,-1.5,Mo50-Ta50,0.5,0.5,0.0,0.0,MATRIX_BIN_041_Mo75_Ta25,0.0,0.0,0.0,0.0,0.0,0.75,0.0,0.25,0.0,0.0,0.0,0.0,0.0
Mo50-Ta50,MATRIX_BIN_042_Mo87_Ta12,-0.24661014964352324,3.22178751,2.514476987,-0.10635318,5.875,0.0162666672861703,2.0808,0.2144746138823893,-0.8448,Mo50-Ta50,0.5,0.5,0.0,0.0,MATRIX_BIN_042_Mo87_Ta12,0.0,0.0,0.0,0.0,0.0,0.875,0.0,0.125,0.0,0.0,0.0,0.0,0.0
Mo50-Ta50,MATRIX_BIN_043_Mo12_W87,-0.24622839104859898,3.22178751,2.515451896,-0.03228228,6.0,0.0,2.336,0.0649923072370876,-0.4224,Mo50-Ta50,0.5,0.5,0.0,0.0,MATRIX_BIN_043_Mo12_W87,0.0,0.0,0.0,0.0,0.0,0.125,0.0,0.0,0.875,0.0,0.0,0.0,0.0
Mo50-Ta50,MATRIX_BIN_044_Mo25_W75,-0.017169366914141244,3.22178751,3.166942287,-0.031021756,6.0,0.0,2.31,0.0866025403784437,-0.75,Mo50-Ta50,0.5,0.5,0.0,0.0,MATRIX_BIN_044_Mo25_W75,0.0,0.0,0.0,0.0,0.0,0.25,0.0,0.0,0.75,0.0,0.0,0.0,0.0
Mo50-Ta50,MATRIX_BIN_045_Mo50_W50,0.21160570021430272,3.22178751,3.984201707,-0.031400886,6.0,0.0,2.26,0.0999999999999998,-1.0,Mo50-Ta50,0.5,0.5,0.0,0.0,MATRIX_BIN_045_Mo50_W50,0.0,0.0,0.0,0.0,0.0,0.5,0.0,0.0,0.5,0.0,0.0,0.0,0.0
Mo50-Ta50,MATRIX_BIN_046_Mo75_W25,-0.020132193303194774,3.22178751,3.157572258,-0.029765179,6.0,0.0,2.21,0.0866025403784437,-0.75,Mo50-Ta50,0.5,0.5,0.0,0.0,MATRIX_BIN_046_Mo75_W25,0.0,0.0,0.0,0.0,0.0,0.75,0.0,0.0,0.25,0.0,0.0,0.0,0.0
Mo50-Ta50,MATRIX_BIN_047_Mo87_W12,-0.2507243004342217,3.22178751,2.503991537,-0.029998622,6.0,0.0,2.184,0.0649923072370876,-0.4224,Mo50-Ta50,0.5,0.5,0.0,0.0,MATRIX_BIN_047_Mo87_W12,0.0,0.0,0.0,0.0,0.0,0.875,0.0,0.0,0.125,0.0,0.0,0.0,0.0
Mo50-Ta50,MATRIX_BIN_048_Mo12_V87,-0.2992993514818273,3.22178751,2.383028597,-0.006338223,5.125,0.0120713795016878,1.6936,0.1722296141782824,-0.4224,Mo50-Ta50,0.5,0.5,0.0,0.0,MATRIX_BIN_048_Mo12_V87,0.0,0.0,0.0,0.0,0.0,0.125,0.0,0.0,0.0,0.875,0.0,0.0,0.0
Mo50-Ta50,MATRIX_BIN_049_Mo25_V75,-0.06361479775824591,3.22178751,3.023152221,-0.037424369,5.25,0.0160078632862187,1.7625,0.2294967320028763,-0.75,Mo50-Ta50,0.5,0.5,0.0,0.0,MATRIX_BIN_049_Mo25_V75,0.0,0.0,0.0,0.0,0.0,0.25,0.0,0.0,0.0,0.75,0.0,0.0,0.0
Mo50-Ta50,MATRIX_BIN_050_Mo50_V50,0.18063700690356982,3.22178751,3.861543353,-0.097449414,5.5,0.0183150183150182,1.895,0.2650000000000001,-1.0,Mo50-Ta50,0.5,0.5,0.0,0.0,MATRIX_BIN_050_Mo50_V50,0.0,0.0,0.0,0.0,0.0,0.5,0.0,0.0,0.0,0.5,0.0,0.0,0.0
Mo50-Ta50,MATRIX_BIN_051_Mo75_V25,-0.03611139301409862,3.22178751,3.107507677,-0.114008179,5.75,0.0157173394516231,2.0275,0.2294967320028763,-0.75,Mo50-Ta50,0.5,0.5,0.0,0.0,MATRIX_BIN_051_Mo75_V25,0.0,0.0,0.0,0.0,0.0,0.75,0.0,0.0,0.0,0.25,0.0,0.0,0.0
Mo50-Ta50,MATRIX_BIN_052_Mo87_V12,-0.2584307872594024,3.22178751,2.484453351,-0.088360288,5.875,0.0117399398910924,2.0964,0.1722296141782824,-0.4224,Mo50-Ta50,0.5,0.5,0.0,0.0,MATRIX_BIN_052_Mo87_V12,0.0,0.0,0.0,0.0,0.0,0.875,0.0,0.0,0.0,0.125,0.0,0.0,0.0
Mo50-Ta50,MATRIX_BIN_053_Ta12_W87,-0.24118817152400257,3.22178751,2.528354403,-0.093051999,5.875,0.0162666672861703,2.2568,0.279466921119477,-0.4224,Mo50-Ta50,0.5,0.5,0.0,0.0,MATRIX_BIN_053_Ta12_W87,0.0,0.0,0.0,0.0,0.0,0.0,0.0,0.125,0.875,0.0,0.0,0.0,0.0
Mo50-Ta50,MATRIX_BIN_054_Ta25_W75,-0.007475387730520505,3.22178751,3.197793083,-0.107372831,5.75,0.0215352675896663,2.145,0.3723909236273086,-0.75,Mo50-Ta50,0.5,0.5,0.0,0.0,MATRIX_BIN_054_Ta25_W75,0.0,0.0,0.0,0.0,0.0,0.0,0.0,0.25,0.75,0.0,0.0,0.0,0.0
Mo50-Ta50,MATRIX_BIN_055_Ta50_W50,0.2322457020485698,3.22178751,4.068337625,-0.070797609,5.5,0.0245614035087719,1.93,0.4299999999999999,-1.0,Mo50-Ta50,0.5,0.5,0.0,0.0,MATRIX_BIN_055_Ta50_W50,0.0,0.0,0.0,0.0,0.0,0.0,0.0,0.5,0.5,0.0,0.0,0.0,0.0
Mo50-Ta50,MATRIX_BIN_056_Ta75_W25,0.014422678703494451,3.22178751,3.268591838,-0.021707099,5.25,0.0210127480987559,1.715,0.3723909236273086,-0.75,Mo50-Ta50,0.5,0.5,0.0,0.0,MATRIX_BIN_056_Ta75_W25,0.0,0.0,0.0,0.0,0.0,0.0,0.0,0.75,0.25,0.0,0.0,0.0,0.0
Mo50-Ta50,MATRIX_BIN_057_Ta87_W12,-0.20952866242101117,3.22178751,2.610746034,-0.005622646,5.125,0.0156705067050018,1.6032,0.279466921119477,-0.4224,Mo50-Ta50,0.5,0.5,0.0,0.0,MATRIX_BIN_057_Ta87_W12,0.0,0.0,0.0,0.0,0.0,0.0,0.0,0.875,0.125,0.0,0.0,0.0,0.0
Mo50-Ta50,MATRIX_BIN_058_Ta12_V87,-0.2899564101095188,3.22178751,2.405896049,0.06873568,5.0,0.0287916304948704,1.6143999999999998,0.0422449997041069,0.0,Mo50-Ta50,0.5,0.5,0.0,0.0,MATRIX_BIN_058_Ta12_V87,0.0,0.0,0.0,0.0,0.0,0.0,0.0,0.125,0.0,0.875,0.0,0.0,0.0
Mo50-Ta50,MATRIX_BIN_059_Ta25_V75,-0.044986520747377835,3.22178751,3.080038888,0.103170482,5.0,0.0379281198737709,1.5975,0.0562916512459884,0.0,Mo50-Ta50,0.5,0.5,0.0,0.0,MATRIX_BIN_059_Ta25_V75,0.0,0.0,0.0,0.0,0.0,0.0,0.0,0.25,0.0,0.75,0.0,0.0,0.0
Mo50-Ta50,MATRIX_BIN_060_Ta50_V50,0.2135827915371172,3.22178751,3.992176831,0.118279576,5.0,0.0428571428571428,1.565,0.0649999999999999,0.0,Mo50-Ta50,0.5,0.5,0.0,0.0,MATRIX_BIN_060_Ta50_V50,0.0,0.0,0.0,0.0,0.0,0.0,0.0,0.5,0.0,0.5,0.0,0.0,0.0
Mo50-Ta50,MATRIX_BIN_061_Ta75_V25,0.006946416558899129,3.22178751,3.244245389,0.083356798,5.0,0.0363367302287176,1.5325,0.0562916512459884,0.0,Mo50-Ta50,0.5,0.5,0.0,0.0,MATRIX_BIN_061_Ta75_V25,0.0,0.0,0.0,0.0,0.0,0.0,0.0,0.75,0.0,0.25,0.0,0.0,0.0
Mo50-Ta50,MATRIX_BIN_062_Ta87_V12,-0.21301213596831625,3.22178751,2.601565119,0.048231505,5.0,0.0269752243651442,1.5156,0.0422449997041069,0.0,Mo50-Ta50,0.5,0.5,0.0,0.0,MATRIX_BIN_062_Ta87_V12,0.0,0.0,0.0,0.0,0.0,0.0,0.0,0.875,0.0,0.125,0.0,0.0,0.0
Mo50-Ta50,MATRIX_BIN_063_W12_V87,-0.2978400980703241,3.22178751,2.38658796,0.007573578,5.125,0.0120713795016878,1.7175999999999998,0.23722192141537,0.0,Mo50-Ta50,0.5,0.5,0.0,0.0,MATRIX_BIN_063_W12_V87,0.0,0.0,0.0,0.0,0.0,0.0,0.0,0.0,0.125,0.875,0.0,0.0,0.0
Mo50-Ta50,MATRIX_BIN_064_W25_V75,-0.06053512951683179,3.22178751,3.032485885,-0.010397496,5.25,0.0160078632862187,1.8125,0.3160992723813201,0.0,Mo50-Ta50,0.5,0.5,0.0,0.0,MATRIX_BIN_064_W25_V75,0.0,0.0,0.0,0.0,0.0,0.0,0.0,0.0,0.25,0.75,0.0,0.0,0.0
Mo50-Ta50,MATRIX_BIN_065_W50_V50,0.18581416636054432,3.22178751,3.881757122,-0.05491275,5.5,0.0183150183150182,1.995,0.365,0.0,Mo50-Ta50,0.5,0.5,0.0,0.0,MATRIX_BIN_065_W50_V50,0.0,0.0,0.0,0.0,0.0,0.0,0.0,0.0,0.5,0.5,0.0,0.0,0.0
Mo50-Ta50,MATRIX_BIN_066_W75_V25,-0.029826957321335175,3.22178751,3.12710346,-0.09208095,5.75,0.0157173394516231,2.1775,0.3160992723813201,0.0,Mo50-Ta50,0.5,0.5,0.0,0.0,MATRIX_BIN_066_W75_V25,0.0,0.0,0.0,0.0,0.0,0.0,0.0,0.0,0.75,0.25,0.0,0.0,0.0
Mo50-Ta50,MATRIX_BIN_067_W87_V12,-0.2522195498944359,3.22178751,2.50019019,-0.084931073,5.875,0.0117399398910924,2.2724,0.23722192141537,0.0,Mo50-Ta50,0.5,0.5,0.0,0.0,MATRIX_BIN_067_W87_V12,0.0,0.0,0.0,0.0,0.0,0.0,0.0,0.0,0.875,0.125,0.0,0.0,0.0
Mo50-Ta50,MATRIX_TERN_068_Nb33_Mo33_Ta33,0.14503238308467503,3.22178751,3.725584467,-0.065262171,5.333333333,0.0229686657461987,1.7533333333333334,0.2904402788105596,-2.2222222222222228,Mo50-Ta50,0.5,0.5,0.0,0.0,MATRIX_TERN_068_Nb33_Mo33_Ta33,0.0,0.0,0.0,0.0,0.0,0.333333333,0.333333333,0.333333333,0.0,0.0,0.0,0.0,0.0
Mo50-Ta50,MATRIX_TERN_069_Nb33_Mo33_W33,0.1313820011912672,3.22178751,3.674833441,-0.049686914,5.666666667,0.0233478654165369,2.0400000000000005,0.3216623488483951,-2.2222222222222223,Mo50-Ta50,0.5,0.5,0.0,0.0,MATRIX_TERN_069_Nb33_Mo33_W33,0.0,0.0,0.0,0.0,0.0,0.333333333,0.333333333,0.0,0.333333333,0.0,0.0,0.0,0.0
Mo50-Ta50,MATRIX_TERN_070_Nb33_Mo33_V33,0.11469032190630074,3.22178751,3.613773878,-0.013214523,5.333333333,0.0352382411938744,1.7966666666666669,0.2572072229848058,-1.777777777777778,Mo50-Ta50,0.5,0.5,0.0,0.0,MATRIX_TERN_070_Nb33_Mo33_V33,0.0,0.0,0.0,0.0,0.0,0.333333333,0.333333333,0.0,0.0,0.333333333,0.0,0.0,0.0
Mo50-Ta50,MATRIX_TERN_071_Nb33_Ta33_W33,0.14629335134670465,3.22178751,3.730310358,-0.031019427,5.333333333,0.0229686657461987,1.82,0.3840138886377244,-1.777777777777778,Mo50-Ta50,0.5,0.5,0.0,0.0,MATRIX_TERN_071_Nb33_Ta33_W33,0.0,0.0,0.0,0.0,0.0,0.0,0.333333333,0.333333333,0.333333333,0.0,0.0,0.0,0.0
Mo50-Ta50,MATRIX_TERN_072_Nb33_Ta33_V33,0.13415814607829718,3.22178751,3.685094771,0.08652521,5.0,0.0398370017569885,1.5766666666666669,0.0555777733351102,-0.8888888888888891,Mo50-Ta50,0.5,0.5,0.0,0.0,MATRIX_TERN_072_Nb33_Ta33_V33,0.0,0.0,0.0,0.0,0.0,0.0,0.333333333,0.333333333,0.0,0.333333333,0.0,0.0,0.0
Mo50-Ta50,MATRIX_TERN_073_Nb33_W33_V33,0.1170515079178762,3.22178751,3.622345558,0.018775382,5.333333333,0.0352382411938744,1.8633333333333333,0.351409858838492,-1.3333333333333337,Mo50-Ta50,0.5,0.5,0.0,0.0,MATRIX_TERN_073_Nb33_W33_V33,0.0,0.0,0.0,0.0,0.0,0.0,0.333333333,0.0,0.333333333,0.333333333,0.0,0.0,0.0
Mo50-Ta50,MATRIX_TERN_074_Mo33_Ta33_W33,0.12959851400118705,3.22178751,3.668257294,-0.093088097,5.666666667,0.0233478654165369,2.006666666666667,0.3674537007872178,-1.777777777777778,Mo50-Ta50,0.5,0.5,0.0,0.0,MATRIX_TERN_074_Mo33_Ta33_W33,0.0,0.0,0.0,0.0,0.0,0.333333333,0.0,0.333333333,0.333333333,0.0,0.0,0.0,0.0
Mo50-Ta50,MATRIX_TERN_075_Mo33_Ta33_V33,0.11298717720748741,3.22178751,3.607604365,-0.042224622,5.333333333,0.0352382411938744,1.7633333333333336,0.2854625875467553,-1.3333333333333337,Mo50-Ta50,0.5,0.5,0.0,0.0,MATRIX_TERN_075_Mo33_Ta33_V33,0.0,0.0,0.0,0.0,0.0,0.333333333,0.0,0.333333333,0.0,0.333333333,0.0,0.0,0.0
Mo50-Ta50,MATRIX_TERN_076_Mo33_W33_V33,0.09801400426536504,3.22178751,3.553840738,-0.074437179,5.666666667,0.0171627859511297,2.0500000000000003,0.3080043289739069,-0.8888888888888891,Mo50-Ta50,0.5,0.5,0.0,0.0,MATRIX_TERN_076_Mo33_W33_V33,0.0,0.0,0.0,0.0,0.0,0.333333333,0.0,0.0,0.333333333,0.333333333,0.0,0.0,0.0
Mo50-Ta50,MATRIX_TERN_077_Ta33_W33_V33,0.115437201994876,3.22178751,3.616482912,-0.005449438,5.333333333,0.0352382411938744,1.83,0.3785058343892028,-0.4444444444444445,Mo50-Ta50,0.5,0.5,0.0,0.0,MATRIX_TERN_077_Ta33_W33_V33,0.0,0.0,0.0,0.0,0.0,0.0,0.0,0.333333333,0.333333333,0.333333333,0.0,0.0,0.0
Mo50-Ta50,B2_TERN_SOL_078_Ru_Hf87_Nb12,-0.22814733958935293,3.22178751,2.562008656,-1.091011246,6.0625,0.079929319846275,1.7680000000000002,0.4374654272053965,-14.1168,Mo50-Ta50,0.5,0.5,0.0,0.0,B2_TERN_SOL_078_Ru_Hf87_Nb12,0.5,0.4375,0.0,0.0,0.0,0.0,0.0625,0.0,0.0,0.0,0.0,0.0,0.0
Mo50-Ta50,B2_TERN_SOL_079_Ru_Hf75_Nb25,-0.00019429177195882081,3.22178751,3.221161604,-0.990479496,6.125,0.0772310128363896,1.786,0.4237971212738473,-13.1472,Mo50-Ta50,0.5,0.5,0.0,0.0,B2_TERN_SOL_079_Ru_Hf75_Nb25,0.5,0.375,0.0,0.0,0.0,0.0,0.125,0.0,0.0,0.0,0.0,0.0,0.0
Mo50-Ta50,B2_TERN_SOL_080_Ru_Hf87_Mo12,-0.2310833891050365,3.22178751,2.554397326,-1.011580317,6.125,0.0808002001785193,1.8016,0.4447172584912801,-14.16,Mo50-Ta50,0.5,0.5,0.0,0.0,B2_TERN_SOL_080_Ru_Hf87_Mo12,0.5,0.4375,0.0,0.0,0.0,0.0625,0.0,0.0,0.0,0.0,0.0,0.0,0.0
Mo50-Ta50,B2_TERN_SOL_081_Ru_Hf75_Mo25,-0.006745574209395679,3.22178751,3.200127757,-0.833822359,6.25,0.0785362630419332,1.8532,0.4332686926146408,-13.32,Mo50-Ta50,0.5,0.5,0.0,0.0,B2_TERN_SOL_081_Ru_Hf75_Mo25,0.5,0.375,0.0,0.0,0.0,0.125,0.0,0.0,0.0,0.0,0.0,0.0,0.0
Mo50-Ta50,B2_TERN_SOL_082_Ru_Hf87_Ta12,-0.22880730136000504,3.22178751,2.560296043,-1.113680888,6.0625,0.079929319846275,1.7620000000000002,0.4404043596514458,-13.68,Mo50-Ta50,0.5,0.5,0.0,0.0,B2_TERN_SOL_082_Ru_Hf87_Ta12,0.5,0.4375,0.0,0.0,0.0,0.0,0.0,0.0625,0.0,0.0,0.0,0.0,0.0
Mo50-Ta50,B2_TERN_SOL_083_Ru_Hf75_Ta25,-0.0016228892397909072,3.22178751,3.216563145,-1.032519678,6.125,0.0772310128363896,1.774,0.4302603862778911,-12.36,Mo50-Ta50,0.5,0.5,0.0,0.0,B2_TERN_SOL_083_Ru_Hf75_Ta25,0.5,0.375,0.0,0.0,0.0,0.0,0.0,0.125,0.0,0.0,0.0,0.0,0.0
Mo50-Ta50,B2_TERN_SOL_084_Ru_Hf87_W12,-0.23110239999216026,3.22178751,2.554348108,-1.017173511,6.125,0.0808002001785193,1.8136,0.4567614694783263,-13.92,Mo50-Ta50,0.5,0.5,0.0,0.0,B2_TERN_SOL_084_Ru_Hf87_W12,0.5,0.4375,0.0,0.0,0.0,0.0,0.0,0.0,0.0625,0.0,0.0,0.0,0.0
Mo50-Ta50,B2_TERN_SOL_085_Ru_Hf75_W25,-0.0065062856481178325,3.22178751,3.200893611,-0.836868509,6.25,0.0785362630419332,1.8772,0.4546120983871855,-12.84,Mo50-Ta50,0.5,0.5,0.0,0.0,B2_TERN_SOL_085_Ru_Hf75_W25,0.5,0.375,0.0,0.0,0.0,0.0,0.0,0.0,0.125,0.0,0.0,0.0,0.0
Mo50-Ta50,B2_TERN_SOL_086_Ru_Hf87_V12,-0.23434316206424408,3.22178751,2.545970218,-1.063735031,6.0625,0.0824106716944606,1.7698,0.4368317296167943,-13.44,Mo50-Ta50,0.5,0.5,0.0,0.0,B2_TERN_SOL_086_Ru_Hf87_V12,0.5,0.4375,0.0,0.0,0.0,0.0,0.0,0.0,0.0,0.0625,0.0,0.0,0.0
Mo50-Ta50,B2_TERN_SOL_087_Ru_Hf75_V25,-0.01279927923938584,3.22178751,3.180813173,-0.946727169,6.125,0.0813951555025931,1.7896,0.4223266981851847,-11.88,Mo50-Ta50,0.5,0.5,0.0,0.0,B2_TERN_SOL_087_Ru_Hf75_V25,0.5,0.375,0.0,0.0,0.0,0.0,0.0,0.0,0.0,0.125,0.0,0.0,0.0
Mo50-Ta50,B2_TERN_SOL_088_Ru_Ti87_Nb12,-0.2712988709767017,3.22178751,2.452124543,-0.983188993,6.0625,0.04588506177003,1.8736,0.3266910467092724,-9.6112,Mo50-Ta50,0.5,0.5,0.0,0.0,B2_TERN_SOL_088_Ru_Ti87_Nb12,0.5,0.0,0.4375,0.0,0.0,0.0,0.0625,0.0,0.0,0.0,0.0,0.0,0.0
Mo50-Ta50,B2_TERN_SOL_089_Ru_Ti75_Nb25,-0.03759331905699001,3.22178751,3.102904429,-0.903188944,6.125,0.0454989552387946,1.8772,0.3233081502220444,-9.1648,Mo50-Ta50,0.5,0.5,0.0,0.0,B2_TERN_SOL_089_Ru_Ti75_Nb25,0.5,0.0,0.375,0.0,0.0,0.0,0.125,0.0,0.0,0.0,0.0,0.0,0.0
Mo50-Ta50,B2_TERN_SOL_090_Ru_Ti87_Mo12,-0.27494949097653343,3.22178751,2.443019595,-0.92145562,6.125,0.0449536510398423,1.9072,0.3256196554263886,-9.760000000000002,Mo50-Ta50,0.5,0.5,0.0,0.0,B2_TERN_SOL_090_Ru_Ti87_Mo12,0.5,0.0,0.4375,0.0,0.0,0.0625,0.0,0.0,0.0,0.0,0.0,0.0,0.0
Mo50-Ta50,B2_TERN_SOL_091_Ru_Ti75_Mo25,-0.04373886714482344,3.22178751,3.083886002,-0.762838311,6.25,0.0433128345312989,1.9444,0.3168416639269527,-9.52,Mo50-Ta50,0.5,0.5,0.0,0.0,B2_TERN_SOL_091_Ru_Ti75_Mo25,0.5,0.0,0.375,0.0,0.0,0.125,0.0,0.0,0.0,0.0,0.0,0.0,0.0
Mo50-Ta50,B2_TERN_SOL_092_Ru_Ti87_Ta12,-0.2719412801390494,3.22178751,2.4505202,-1.012091649,6.0625,0.04588506177003,1.8676,0.3325270515311499,-9.28,Mo50-Ta50,0.5,0.5,0.0,0.0,B2_TERN_SOL_092_Ru_Ti87_Ta12,0.5,0.0,0.4375,0.0,0.0,0.0,0.0,0.0625,0.0,0.0,0.0,0.0,0.0
Mo50-Ta50,B2_TERN_SOL_093_Ru_Ti75_Ta25,-0.0389170104126361,3.22178751,3.098798357,-0.958150623,6.125,0.0454989552387946,1.8652,0.3350178502706983,-8.559999999999999,Mo50-Ta50,0.5,0.5,0.0,0.0,B2_TERN_SOL_093_Ru_Ti75_Ta25,0.5,0.0,0.375,0.0,0.0,0.0,0.0,0.125,0.0,0.0,0.0,0.0,0.0
Mo50-Ta50,B2_TERN_SOL_094_Ru_Ti87_W12,-0.27464923909910677,3.22178751,2.443767345,-0.933472753,6.125,0.0449536510398423,1.9192,0.338158779273879,-9.52,Mo50-Ta50,0.5,0.5,0.0,0.0,B2_TERN_SOL_094_Ru_Ti87_W12,0.5,0.0,0.4375,0.0,0.0,0.0,0.0,0.0,0.0625,0.0,0.0,0.0,0.0
Mo50-Ta50,B2_TERN_SOL_095_Ru_Ti75_W25,-0.044290003003196375,3.22178751,3.082186007,-0.789613358,6.25,0.0433128345312989,1.9684,0.3390596407713546,-9.04,Mo50-Ta50,0.5,0.5,0.0,0.0,B2_TERN_SOL_095_Ru_Ti75_W25,0.5,0.0,0.375,0.0,0.0,0.0,0.0,0.0,0.125,0.0,0.0,0.0,0.0
Mo50-Ta50,B2_TERN_SOL_096_Ru_Ti87_V12,-0.2791406974397345,3.22178751,2.432602346,-0.982724607,6.0625,0.0461854444311139,1.8754,0.3252581128888256,-9.04,Mo50-Ta50,0.5,0.5,0.0,0.0,B2_TERN_SOL_096_Ru_Ti87_V12,0.5,0.0,0.4375,0.0,0.0,0.0,0.0,0.0,0.0,0.0625,0.0,0.0,0.0
Mo50-Ta50,B2_TERN_SOL_097_Ru_Ti75_V25,-0.053145397980905104,3.22178751,3.05499642,-0.905306641,6.125,0.0454154582679287,1.8808,0.3203550530271062,-8.08,Mo50-Ta50,0.5,0.5,0.0,0.0,B2_TERN_SOL_097_Ru_Ti75_V25,0.5,0.0,0.375,0.0,0.0,0.0,0.0,0.0,0.0,0.125,0.0,0.0,0.0
Mo50-Ta50,B2_TERN_SOL_098_Ru_Zr87_Nb12,-0.2184364916007607,3.22178751,2.587326291,-0.890146496,6.0625,0.0860586382926536,1.7812,0.423370476060861,-16.756800000000002,Mo50-Ta50,0.5,0.5,0.0,0.0,B2_TERN_SOL_098_Ru_Zr87_Nb12,0.5,0.0,0.0,0.4375,0.0,0.0,0.0625,0.0,0.0,0.0,0.0,0.0,0.0
Mo50-Ta50,B2_TERN_SOL_099_Ru_Zr75_Nb25,0.00831208377083717,3.22178751,3.24867904,-0.818094975,6.125,0.0831528643327092,1.7974,0.4107739524361301,-15.4272,Mo50-Ta50,0.5,0.5,0.0,0.0,B2_TERN_SOL_099_Ru_Zr75_Nb25,0.5,0.0,0.0,0.375,0.0,0.0,0.125,0.0,0.0,0.0,0.0,0.0,0.0
Mo50-Ta50,B2_TERN_SOL_100_Ru_Zr87_Mo12,-0.2215717298878784,3.22178751,2.579128061,-0.806967569,6.125,0.0870934949098326,1.8148,0.4298289892503762,-16.8,Mo50-Ta50,0.5,0.5,0.0,0.0,B2_TERN_SOL_100_Ru_Zr87_Mo12,0.5,0.0,0.0,0.4375,0.0,0.0625,0.0,0.0,0.0,0.0,0.0,0.0,0.0
Mo50-Ta50,B2_TERN_SOL_101_Ru_Zr75_Mo25,0.00185062697348206,3.22178751,3.227755359,-0.655458039,6.25,0.084783177312234,1.8646000000000005,0.4187133148109814,-15.6,Mo50-Ta50,0.5,0.5,0.0,0.0,B2_TERN_SOL_101_Ru_Zr75_Mo25,0.5,0.0,0.0,0.375,0.0,0.125,0.0,0.0,0.0,0.0,0.0,0.0,0.0
Mo50-Ta50,B2_TERN_SOL_102_Ru_Zr87_Ta12,-0.21909555197845,3.22178751,2.585601013,-0.911972703,6.0625,0.0860586382926536,1.7752,0.4265922643461787,-16.32,Mo50-Ta50,0.5,0.5,0.0,0.0,B2_TERN_SOL_102_Ru_Zr87_Ta12,0.5,0.0,0.0,0.4375,0.0,0.0,0.0,0.0625,0.0,0.0,0.0,0.0,0.0
Mo50-Ta50,B2_TERN_SOL_103_Ru_Zr75_Ta25,0.007023945275463868,3.22178751,3.244496924,-0.863325979,6.125,0.0831528643327091,1.7854,0.4177664898002233,-14.64,Mo50-Ta50,0.5,0.5,0.0,0.0,B2_TERN_SOL_103_Ru_Zr75_Ta25,0.5,0.0,0.0,0.375,0.0,0.0,0.0,0.125,0.0,0.0,0.0,0.0,0.0
Mo50-Ta50,B2_TERN_SOL_104_Ru_Zr87_W12,-0.2214311890997182,3.22178751,2.579495061,-0.814514579,6.125,0.0870934949098326,1.8268,0.4419205358432667,-16.56,Mo50-Ta50,0.5,0.5,0.0,0.0,B2_TERN_SOL_104_Ru_Zr87_W12,0.5,0.0,0.0,0.4375,0.0,0.0,0.0,0.0,0.0625,0.0,0.0,0.0,0.0
Mo50-Ta50,B2_TERN_SOL_105_Ru_Zr75_W25,0.00236837019040084,3.22178751,3.229426942,-0.661370427,6.25,0.084783177312234,1.8886,0.4401409319752027,-15.12,Mo50-Ta50,0.5,0.5,0.0,0.0,B2_TERN_SOL_105_Ru_Zr75_W25,0.5,0.0,0.0,0.375,0.0,0.0,0.0,0.0,0.125,0.0,0.0,0.0,0.0
Mo50-Ta50,B2_TERN_SOL_106_Ru_Zr87_V12,-0.2242607810633749,3.22178751,2.572114963,-0.856520623,6.0625,0.0887380403728719,1.783,0.4226594373724548,-16.08,Mo50-Ta50,0.5,0.5,0.0,0.0,B2_TERN_SOL_106_Ru_Zr87_V12,0.5,0.0,0.0,0.4375,0.0,0.0,0.0,0.0,0.0,0.0625,0.0,0.0,0.0
Mo50-Ta50,B2_TERN_SOL_107_Ru_Zr75_V25,-0.0041705253316932,3.22178751,3.208378924,-0.759667971,6.125,0.0877123126458997,1.8010000000000002,0.4091564492953766,-14.16,Mo50-Ta50,0.5,0.5,0.0,0.0,B2_TERN_SOL_107_Ru_Zr75_V25,0.5,0.0,0.0,0.375,0.0,0.0,0.0,0.0,0.0,0.125,0.0,0.0,0.0
Mo50-Ta50,B2_PENALTY_108_Ru100Al0_Hf,0.45789778645538615,3.22178751,5.135083991,-1.187745448,6.0,0.0821917808219178,1.75,0.45,-15.0,Mo50-Ta50,0.5,0.5,0.0,0.0,B2_PENALTY_108_Ru100Al0_Hf,0.5,0.5,0.0,0.0,0.0,0.0,0.0,0.0,0.0,0.0,0.0,0.0,0.0
Mo50-Ta50,B2_PENALTY_109_Ru87Al12_Hf,-0.22162257671731994,3.22178751,2.578995294,-1.06443911,5.6875,0.0794670531912796,1.7146,0.4362027510229618,-15.312,Mo50-Ta50,0.5,0.5,0.0,0.0,B2_PENALTY_109_Ru87Al12_Hf,0.4375,0.5,0.0,0.0,0.0625,0.0,0.0,0.0,0.0,0.0,0.0,0.0,0.0
Mo50-Ta50,B2_PENALTY_110_Ru75Al25_Hf,0.01325307507138417,3.22178751,3.264770933,-0.95574225,5.375,0.0765104674756606,1.6792000000000002,0.4189741758151689,-15.048,Mo50-Ta50,0.5,0.5,0.0,0.0,B2_PENALTY_110_Ru75Al25_Hf,0.375,0.5,0.0,0.0,0.125,0.0,0.0,0.0,0.0,0.0,0.0,0.0,0.0
Mo50-Ta50,B2_PENALTY_111_Ru62Al37_Hf,-0.21207307379452686,3.22178751,2.60403723,-0.842813539,5.0625,0.072734714189907,1.6379,0.3939322149812072,-14.012,Mo50-Ta50,0.5,0.5,0.0,0.0,B2_PENALTY_111_Ru62Al37_Hf,0.3125,0.5,0.0,0.0,0.1875,0.0,0.0,0.0,0.0,0.0,0.0,0.0,0.0
Mo50-Ta50,B2_PENALTY_112_Ru50Al50_Hf,0.2524687990117036,3.22178751,4.152701731,-0.729649314,4.75,0.0691810843061248,1.6025,0.3674489760497368,-12.5,Mo50-Ta50,0.5,0.5,0.0,0.0,B2_PENALTY_112_Ru50Al50_Hf,0.25,0.5,0.0,0.0,0.25,0.0,0.0,0.0,0.0,0.0,0.0,0.0,0.0
Mo50-Ta50,B2_PENALTY_113_Ru87Cr12_Hf,-0.22795707405544394,3.22178751,2.562502587,-1.035615577,5.875,0.0853931303142513,1.7176,0.4356446258132884,-12.672,Mo50-Ta50,0.5,0.5,0.0,0.0,B2_PENALTY_113_Ru87Cr12_Hf,0.4375,0.5,0.0,0.0,0.0,0.0,0.0,0.0,0.0,0.0,0.0625,0.0,0.0
Mo50-Ta50,B2_PENALTY_114_Ru75Cr25_Hf,0.0011282885996559131,3.22178751,3.225424668,-0.878162691,5.75,0.0884389348964152,1.6852000000000005,0.4182976930369089,-10.488,Mo50-Ta50,0.5,0.5,0.0,0.0,B2_PENALTY_114_Ru75Cr25_Hf,0.375,0.5,0.0,0.0,0.0,0.0,0.0,0.0,0.0,0.0,0.125,0.0,0.0
Mo50-Ta50,B2_PENALTY_115_Ru62Cr37_Hf,-0.2301852794518771,3.22178751,2.556723432,-0.716377173,5.625,0.0918154837201231,1.6474000000000002,0.3937476857074846,-8.122,Mo50-Ta50,0.5,0.5,0.0,0.0,B2_PENALTY_115_Ru62Cr37_Hf,0.3125,0.5,0.0,0.0,0.0,0.0,0.0,0.0,0.0,0.0,0.1875,0.0,0.0
Mo50-Ta50,B2_PENALTY_116_Ru50Cr50_Hf,0.22865683530424916,3.22178751,4.053567315,-0.552796357,5.5,0.09457197487001,1.615,0.3683408747342603,-6.25,Mo50-Ta50,0.5,0.5,0.0,0.0,B2_PENALTY_116_Ru50Cr50_Hf,0.25,0.5,0.0,0.0,0.0,0.0,0.0,0.0,0.0,0.0,0.25,0.0,0.0
Mo50-Ta50,B2_PENALTY_117_Ru87Cu12_Hf,-0.22528889566526294,3.22178751,2.569438099,-1.045192975,6.1875,0.0853931303142513,1.7320000000000002,0.4374654272053965,-14.4672,Mo50-Ta50,0.5,0.5,0.0,0.0,B2_PENALTY_117_Ru87Cu12_Hf,0.4375,0.5,0.0,0.0,0.0,0.0,0.0,0.0,0.0,0.0,0.0,0.0625,0.0
Mo50-Ta50,B2_PENALTY_118_Ru75Cu25_Hf,0.0044825647051901256,3.22178751,3.236261822,-0.923389889,6.375,0.0884389348964152,1.7140000000000002,0.4237971212738473,-13.5888,Mo50-Ta50,0.5,0.5,0.0,0.0,B2_PENALTY_118_Ru75Cu25_Hf,0.375,0.5,0.0,0.0,0.0,0.0,0.0,0.0,0.0,0.0,0.0,0.125,0.0
Mo50-Ta50,B2_PENALTY_119_Ru62Cu37_Hf,-0.22573593331945493,3.22178751,2.568274935,-0.799684359,6.5625,0.0918154837201231,1.693,0.4062646920420233,-12.1272,Mo50-Ta50,0.5,0.5,0.0,0.0,B2_PENALTY_119_Ru62Cu37_Hf,0.3125,0.5,0.0,0.0,0.0,0.0,0.0,0.0,0.0,0.0,0.0,0.1875,0.0
Mo50-Ta50,B2_PENALTY_120_Ru50Cu50_Hf,0.2342663961514628,3.22178751,4.076680397,-0.677358279,6.75,0.09457197487001,1.675,0.3897114317029974,-10.5,Mo50-Ta50,0.5,0.5,0.0,0.0,B2_PENALTY_120_Ru50Cu50_Hf,0.25,0.5,0.0,0.0,0.0,0.0,0.0,0.0,0.0,0.0,0.0,0.25,0.0
Mo50-Ta50,B2_PENALTY_121_Ru87Si12_Hf,-0.22347668916580563,3.22178751,2.574158138,-1.089550642,5.75,0.0937602843775687,1.7320000000000002,0.4374654272053965,-12.3552,Mo50-Ta50,0.5,0.5,0.0,0.0,B2_PENALTY_121_Ru87Si12_Hf,0.4375,0.5,0.0,0.0,0.0,0.0,0.0,0.0,0.0,0.0,0.0,0.0,0.0625
Mo50-Ta50,B2_PENALTY_122_Ru75Si25_Hf,0.00823001429662623,3.22178751,3.248412429,-1.009713639,5.5,0.1038426921242283,1.7140000000000002,0.4237971212738473,-9.9408,Mo50-Ta50,0.5,0.5,0.0,0.0,B2_PENALTY_122_Ru75Si25_Hf,0.375,0.5,0.0,0.0,0.0,0.0,0.0,0.0,0.0,0.0,0.0,0.0,0.125
Mo50-Ta50,B2_PENALTY_123_Ru62Si37_Hf,-0.22004126719083797,3.22178751,2.583127124,-0.920694427,5.25,0.1142356063938751,1.693,0.4062646920420233,-7.4152,Mo50-Ta50,0.5,0.5,0.0,0.0,B2_PENALTY_123_Ru62Si37_Hf,0.3125,0.5,0.0,0.0,0.0,0.0,0.0,0.0,0.0,0.0,0.0,0.0,0.1875
Mo50-Ta50,B2_PENALTY_124_Ru50Si50_Hf,0.24178884501705228,3.22178751,4.107906653,-0.838327211,5.0,0.1222287117389678,1.6750000000000005,0.3897114317029974,-5.5,Mo50-Ta50,0.5,0.5,0.0,0.0,B2_PENALTY_124_Ru50Si50_Hf,0.25,0.5,0.0,0.0,0.0,0.0,0.0,0.0,0.0,0.0,0.0,0.0,0.25
Mo50-Ta50,B2_PENALTY_125_Ru100Al0_Ti,0.4096796833955453,3.22178751,4.881705796,-1.057956866,6.0,0.0462633451957295,1.87,0.33,-10.0,Mo50-Ta50,0.5,0.5,0.0,0.0,B2_PENALTY_125_Ru100Al0_Ti,0.5,0.0,0.5,0.0,0.0,0.0,0.0,0.0,0.0,0.0,0.0,0.0,0.0
Mo50-Ta50,B2_PENALTY_126_Ru87Al12_Ti,-0.27198764748149523,3.22178751,2.450404438,-0.970267174,5.6875,0.0447291357659921,1.8346,0.3242974560492266,-10.912,Mo50-Ta50,0.5,0.5,0.0,0.0,B2_PENALTY_126_Ru87Al12_Ti,0.4375,0.0,0.5,0.0,0.0625,0.0,0.0,0.0,0.0,0.0,0.0,0.0,0.0
Mo50-Ta50,B2_PENALTY_127_Ru75Al25_Ti,-0.03862770918675058,3.22178751,3.09969531,-0.88819063,5.375,0.0428259601061415,1.7992,0.3145335594177512,-11.248,Mo50-Ta50,0.5,0.5,0.0,0.0,B2_PENALTY_127_Ru75Al25_Ti,0.375,0.0,0.5,0.0,0.125,0.0,0.0,0.0,0.0,0.0,0.0,0.0,0.0
Mo50-Ta50,B2_PENALTY_128_Ru62Al37_Ti,-0.2636189029876061,3.22178751,2.471374896,-0.804440265,5.0625,0.0400790404298587,1.7579,0.2974669561480737,-10.912,Mo50-Ta50,0.5,0.5,0.0,0.0,B2_PENALTY_128_Ru62Al37_Ti,0.3125,0.0,0.5,0.0,0.1875,0.0,0.0,0.0,0.0,0.0,0.0,0.0,0.0
Mo50-Ta50,B2_PENALTY_129_Ru50Al50_Ti,0.2004556889980891,3.22178751,3.939553259,-0.713701673,4.75,0.0371922251866817,1.7225,0.2771619562638422,-10.0,Mo50-Ta50,0.5,0.5,0.0,0.0,B2_PENALTY_129_Ru50Al50_Ti,0.25,0.0,0.5,0.0,0.25,0.0,0.0,0.0,0.0,0.0,0.0,0.0,0.0
Mo50-Ta50,B2_PENALTY_130_Ru87Cr12_Ti,-0.2784171697476493,3.22178751,2.434397938,-0.94270459,5.875,0.0499298619726951,1.8376,0.3224317602222213,-8.272,Mo50-Ta50,0.5,0.5,0.0,0.0,B2_PENALTY_130_Ru87Cr12_Ti,0.4375,0.0,0.5,0.0,0.0,0.0,0.0,0.0,0.0,0.0,0.0625,0.0,0.0
Mo50-Ta50,B2_PENALTY_131_Ru75Cr25_Ti,-0.05103698028727779,3.22178751,3.061448806,-0.80961964,5.75,0.0532543770850372,1.8052,0.3113277372801852,-6.688,Mo50-Ta50,0.5,0.5,0.0,0.0,B2_PENALTY_131_Ru75Cr25_Ti,0.375,0.0,0.5,0.0,0.0,0.0,0.0,0.0,0.0,0.0,0.125,0.0,0.0
Mo50-Ta50,B2_PENALTY_132_Ru62Cr37_Ti,-0.2824232214032356,3.22178751,2.424470344,-0.675679922,5.625,0.0567786551293567,1.7674,0.2933619607242902,-5.022,Mo50-Ta50,0.5,0.5,0.0,0.0,B2_PENALTY_132_Ru62Cr37_Ti,0.3125,0.0,0.5,0.0,0.0,0.0,0.0,0.0,0.0,0.0,0.1875,0.0,0.0
Mo50-Ta50,B2_PENALTY_133_Ru50Cr50_Ti,0.17500435254340949,3.22178751,3.839681408,-0.538077974,5.5,0.0595429689109598,1.735,0.2729010809799038,-3.75,Mo50-Ta50,0.5,0.5,0.0,0.0,B2_PENALTY_133_Ru50Cr50_Ti,0.25,0.0,0.5,0.0,0.0,0.0,0.0,0.0,0.0,0.0,0.25,0.0,0.0
Mo50-Ta50,B2_PENALTY_134_Ru87Cu12_Ti,-0.2756412451972148,3.22178751,2.441297595,-0.919729937,6.1875,0.0499298619726951,1.852,0.3195246469366644,-10.0672,Mo50-Ta50,0.5,0.5,0.0,0.0,B2_PENALTY_134_Ru87Cu12_Ti,0.4375,0.0,0.5,0.0,0.0,0.0,0.0,0.0,0.0,0.0,0.0,0.0625,0.0
Mo50-Ta50,B2_PENALTY_135_Ru75Cu25_Ti,-0.04672861831945194,3.22178751,3.074675013,-0.801717189,6.375,0.0532543770850372,1.834,0.3076426498390625,-9.7888,Mo50-Ta50,0.5,0.5,0.0,0.0,B2_PENALTY_135_Ru75Cu25_Ti,0.375,0.0,0.5,0.0,0.0,0.0,0.0,0.0,0.0,0.0,0.0,0.125,0.0
Mo50-Ta50,B2_PENALTY_136_Ru62Cu37_Ti,-0.27609208753030967,3.22178751,2.440175866,-0.680640909,6.5625,0.0567786551293567,1.813,0.2917721713940519,-9.0272,Mo50-Ta50,0.5,0.5,0.0,0.0,B2_PENALTY_136_Ru62Cu37_Ti,0.3125,0.0,0.5,0.0,0.0,0.0,0.0,0.0,0.0,0.0,0.0,0.1875,0.0
Mo50-Ta50,B2_PENALTY_137_Ru50Cu50_Ti,0.18350912129992356,3.22178751,3.872743044,-0.557797759,6.75,0.0595429689109598,1.7950000000000002,0.2761792895928295,-8.0,Mo50-Ta50,0.5,0.5,0.0,0.0,B2_PENALTY_137_Ru50Cu50_Ti,0.25,0.0,0.5,0.0,0.0,0.0,0.0,0.0,0.0,0.0,0.0,0.25,0.0
Mo50-Ta50,B2_PENALTY_138_Ru87Si12_Ti,-0.2746165817748499,3.22178751,2.443848687,-0.989505902,5.75,0.0607546208741894,1.852,0.3195246469366644,-7.9552,Mo50-Ta50,0.5,0.5,0.0,0.0,B2_PENALTY_138_Ru87Si12_Ti,0.4375,0.0,0.5,0.0,0.0,0.0,0.0,0.0,0.0,0.0,0.0,0.0,0.0625
Mo50-Ta50,B2_PENALTY_139_Ru75Si25_Ti,-0.044334044253179265,3.22178751,3.0820502,-0.93611645,5.5,0.0719655963958058,1.834,0.3076426498390625,-6.1408,Mo50-Ta50,0.5,0.5,0.0,0.0,B2_PENALTY_139_Ru75Si25_Ti,0.375,0.0,0.5,0.0,0.0,0.0,0.0,0.0,0.0,0.0,0.0,0.0,0.125
Mo50-Ta50,B2_PENALTY_140_Ru62Si37_Ti,-0.27276262970551124,3.22178751,2.448470295,-0.869757039,5.25,0.0826499299050591,1.813,0.2917721713940519,-4.3152,Mo50-Ta50,0.5,0.5,0.0,0.0,B2_PENALTY_140_Ru62Si37_Ti,0.3125,0.0,0.5,0.0,0.0,0.0,0.0,0.0,0.0,0.0,0.0,0.0,0.1875
Mo50-Ta50,B2_PENALTY_141_Ru50Si50_Ti,0.1880200594566505,3.22178751,3.890404933,-0.808674347,5.0,0.090393746324797,1.795,0.2761792895928295,-3.0,Mo50-Ta50,0.5,0.5,0.0,0.0,B2_PENALTY_141_Ru50Si50_Ti,0.25,0.0,0.5,0.0,0.0,0.0,0.0,0.0,0.0,0.0,0.0,0.0,0.25
Mo50-Ta50,B2_PENALTY_142_Ru100Al0_Zr,0.4687635858704319,3.22178751,5.194385147,-0.960777489,6.0,0.0884353741496598,1.765,0.435,-18.0,Mo50-Ta50,0.5,0.5,0.0,0.0,B2_PENALTY_142_Ru100Al0_Zr,0.5,0.0,0.0,0.5,0.0,0.0,0.0,0.0,0.0,0.0,0.0,0.0,0.0
Mo50-Ta50,B2_PENALTY_143_Ru87Al12_Zr,-0.21029122271824086,3.22178751,2.608733784,-0.873588029,5.6875,0.0856069896776228,1.7296,0.421971373436635,-17.951999999999998,Mo50-Ta50,0.5,0.5,0.0,0.0,B2_PENALTY_143_Ru87Al12_Zr,0.4375,0.0,0.0,0.5,0.0625,0.0,0.0,0.0,0.0,0.0,0.0,0.0,0.0
Mo50-Ta50,B2_PENALTY_144_Ru75Al25_Zr,0.02470823527213574,3.22178751,3.302387941,-0.797935587,5.375,0.0825630715605787,1.6942000000000002,0.4054483444287324,-17.328,Mo50-Ta50,0.5,0.5,0.0,0.0,B2_PENALTY_144_Ru75Al25_Zr,0.375,0.0,0.0,0.5,0.125,0.0,0.0,0.0,0.0,0.0,0.0,0.0,0.0
Mo50-Ta50,B2_PENALTY_145_Ru62Al37_Zr,-0.20081777125830064,3.22178751,2.633831346,-0.726652657,5.0625,0.0787099182537501,1.6529,0.381143791763686,-15.872,Mo50-Ta50,0.5,0.5,0.0,0.0,B2_PENALTY_145_Ru62Al37_Zr,0.3125,0.0,0.0,0.5,0.1875,0.0,0.0,0.0,0.0,0.0,0.0,0.0,0.0
Mo50-Ta50,B2_PENALTY_146_Ru50Al50_Zr,0.26344031995524125,3.22178751,4.199293486,-0.654418284,4.75,0.0751158704347694,1.6175000000000002,0.3552024070864386,-14.0,Mo50-Ta50,0.5,0.5,0.0,0.0,B2_PENALTY_146_Ru50Al50_Zr,0.25,0.0,0.0,0.5,0.25,0.0,0.0,0.0,0.0,0.0,0.0,0.0,0.0
Mo50-Ta50,B2_PENALTY_147_Ru87Cr12_Zr,-0.21658482557552053,3.22178751,2.592179044,-0.824075051,5.875,0.0915913075118357,1.7326,0.4212875977286776,-15.312,Mo50-Ta50,0.5,0.5,0.0,0.0,B2_PENALTY_147_Ru87Cr12_Zr,0.4375,0.0,0.0,0.5,0.0,0.0,0.0,0.0,0.0,0.0,0.0625,0.0,0.0
Mo50-Ta50,B2_PENALTY_148_Ru75Cr25_Zr,0.01240574858595888,3.22178751,3.262005664,-0.675888976,5.75,0.0946071432924222,1.7002000000000002,0.4045268347093924,-12.768,Mo50-Ta50,0.5,0.5,0.0,0.0,B2_PENALTY_148_Ru75Cr25_Zr,0.375,0.0,0.0,0.5,0.0,0.0,0.0,0.0,0.0,0.0,0.125,0.0,0.0
Mo50-Ta50,B2_PENALTY_149_Ru62Cr37_Zr,-0.21913384906013128,3.22178751,2.585500791,-0.525764636,5.625,0.097964971374696,1.6624,0.3805788223219995,-9.982,Mo50-Ta50,0.5,0.5,0.0,0.0,B2_PENALTY_149_Ru62Cr37_Zr,0.3125,0.0,0.0,0.5,0.0,0.0,0.0,0.0,0.0,0.0,0.1875,0.0,0.0
Mo50-Ta50,B2_PENALTY_150_Ru50Cr50_Zr,0.23948695069492043,3.22178751,4.09832298,-0.377855166,5.5,0.100717188245724,1.63,0.355598087733891,-7.75,Mo50-Ta50,0.5,0.5,0.0,0.0,B2_PENALTY_150_Ru50Cr50_Zr,0.25,0.0,0.0,0.5,0.0,0.0,0.0,0.0,0.0,0.0,0.25,0.0,0.0
Mo50-Ta50,B2_PENALTY_151_Ru87Cu12_Zr,-0.2141318435723107,3.22178751,2.598620194,-0.842497728,6.1875,0.0915913075118357,1.747,0.4226594373724548,-17.1072,Mo50-Ta50,0.5,0.5,0.0,0.0,B2_PENALTY_151_Ru87Cu12_Zr,0.4375,0.0,0.0,0.5,0.0,0.0,0.0,0.0,0.0,0.0,0.0,0.0625,0.0
Mo50-Ta50,B2_PENALTY_152_Ru75Cu25_Zr,0.015791654443604874,3.22178751,3.273069781,-0.744916574,6.375,0.0946071432924222,1.729,0.4091564492953766,-15.8688,Mo50-Ta50,0.5,0.5,0.0,0.0,B2_PENALTY_152_Ru75Cu25_Zr,0.375,0.0,0.0,0.5,0.0,0.0,0.0,0.0,0.0,0.0,0.0,0.125,0.0
Mo50-Ta50,B2_PENALTY_153_Ru62Cu37_Zr,-0.21450119383414187,3.22178751,2.597649425,-0.643740809,6.5625,0.097964971374696,1.708,0.3917728933961614,-13.9872,Mo50-Ta50,0.5,0.5,0.0,0.0,B2_PENALTY_153_Ru62Cu37_Zr,0.3125,0.0,0.0,0.5,0.0,0.0,0.0,0.0,0.0,0.0,0.0,0.1875,0.0
Mo50-Ta50,B2_PENALTY_154_Ru50Cu50_Zr,0.24571718440472942,3.22178751,4.124319928,-0.545283305,6.75,0.100717188245724,1.6900000000000002,0.3752998800959041,-12.0,Mo50-Ta50,0.5,0.5,0.0,0.0,B2_PENALTY_154_Ru50Cu50_Zr,0.25,0.0,0.0,0.5,0.0,0.0,0.0,0.0,0.0,0.0,0.0,0.25,0.0
Mo50-Ta50,B2_PENALTY_155_Ru87Si12_Zr,-0.21228167324553554,3.22178751,2.603487904,-0.898605077,5.75,0.0996987498196708,1.747,0.4226594373724548,-14.9952,Mo50-Ta50,0.5,0.5,0.0,0.0,B2_PENALTY_155_Ru87Si12_Zr,0.4375,0.0,0.0,0.5,0.0,0.0,0.0,0.0,0.0,0.0,0.0,0.0,0.0625
Mo50-Ta50,B2_PENALTY_156_Ru75Si25_Zr,0.019558245005366036,3.22178751,3.285422312,-0.857108746,5.5,0.1096308366502065,1.729,0.4091564492953766,-12.2208,Mo50-Ta50,0.5,0.5,0.0,0.0,B2_PENALTY_156_Ru75Si25_Zr,0.375,0.0,0.0,0.5,0.0,0.0,0.0,0.0,0.0,0.0,0.0,0.0,0.125
Mo50-Ta50,B2_PENALTY_157_Ru62Si37_Zr,-0.2090657501948849,3.22178751,2.611968248,-0.806319256,5.25,0.1199620550667942,1.708,0.3917728933961614,-9.2752,Mo50-Ta50,0.5,0.5,0.0,0.0,B2_PENALTY_157_Ru62Si37_Zr,0.3125,0.0,0.0,0.5,0.0,0.0,0.0,0.0,0.0,0.0,0.0,0.0,0.1875
Mo50-Ta50,B2_PENALTY_158_Ru50Si50_Zr,0.25193193119336454,3.22178751,4.150436873,-0.770078956,5.0,0.127965781170799,1.69,0.3752998800959041,-7.0,Mo50-Ta50,0.5,0.5,0.0,0.0,B2_PENALTY_158_Ru50Si50_Zr,0.25,0.0,0.0,0.5,0.0,0.0,0.0,0.0,0.0,0.0,0.0,0.0,0.25
Mo50-Ta50,B2_MULTI_159_A_Ru87_Al12_B_HfTi,-0.24508238321082135,3.22178751,2.518380484,-0.993246203,5.6875,0.0678797217863284,1.7746000000000002,0.3889997943444186,-13.112,Mo50-Ta50,0.5,0.5,0.0,0.0,B2_MULTI_159_A_Ru87_Al12_B_HfTi,0.4375,0.25,0.25,0.0,0.0625,0.0,0.0,0.0,0.0,0.0,0.0,0.0,0.0
Mo50-Ta50,B2_MULTI_160_A_Ru75_Al25_B_HfTi,-0.011029643699162098,3.22178751,3.186447237,-0.900034303,5.375,0.0654597746128897,1.7392,0.3752803751863399,-13.148,Mo50-Ta50,0.5,0.5,0.0,0.0,B2_MULTI_160_A_Ru75_Al25_B_HfTi,0.375,0.25,0.25,0.0,0.125,0.0,0.0,0.0,0.0,0.0,0.0,0.0,0.0
Mo50-Ta50,B2_MULTI_161_A_Ru87_Al12_B_HfZr,-0.21589698341235417,3.22178751,2.593983772,-0.966894404,5.6875,0.0826853853075511,1.7221000000000002,0.4292115911761937,-16.631999999999998,Mo50-Ta50,0.5,0.5,0.0,0.0,B2_MULTI_161_A_Ru87_Al12_B_HfZr,0.4375,0.25,0.0,0.25,0.0625,0.0,0.0,0.0,0.0,0.0,0.0,0.0,0.0
Mo50-Ta50,B2_MULTI_162_A_Ru75_Al25_B_HfZr,0.019070001841560925,3.22178751,3.283818469,-0.87583034,5.375,0.0796873228030491,1.6867,0.4123349487976978,-16.188,Mo50-Ta50,0.5,0.5,0.0,0.0,B2_MULTI_162_A_Ru75_Al25_B_HfZr,0.375,0.25,0.0,0.25,0.125,0.0,0.0,0.0,0.0,0.0,0.0,0.0,0.0
Mo50-Ta50,B2_MULTI_163_A_Ru87_Al12_B_HfAl,-0.25414846755297016,3.22178751,2.495293785,-4.954411074,2.8125,0.0553065594713224,1.8678,0.3451393341825878,-18.8,Mo50-Ta50,0.5,0.5,0.0,0.0,B2_MULTI_163_A_Ru87_Al12_B_HfAl,0.25,0.0625,0.0,0.0,0.1875,0.0,0.0,0.0,0.0,0.0,0.0,0.0,0.0
Mo50-Ta50,B2_MULTI_163_A_Ru87_Al13_B_HfAl,-0.25428125887933783,3.22178751,2.494957013,-1.044063929,5.4375,0.0671169315930914,1.7921,0.3795109879832204,-17.512,Mo50-Ta50,0.5,0.5,0.0,0.0,B2_MULTI_163_A_Ru87_Al13_B_HfAl,0.4375,0.25,0.0,0.0,0.3125,0.0,0.0,0.0,0.0,0.0,0.0,0.0,0.0
Mo50-Ta50,B2_MULTI_164_A_Ru75_Al25_B_HfAl,-0.019093144086780797,3.22178751,3.160855152,-0.932800309,5.125,0.0647257979106258,1.7552475247524757,0.3655934929642944,-16.912067444368198,Mo50-Ta50,0.5,0.5,0.0,0.0,B2_MULTI_164_A_Ru75_Al25_B_HfAl,0.375,0.25,0.0,0.0,0.375,0.0,0.0,0.0,0.0,0.0,0.0,0.0,0.0
Mo50-Ta50,B2_MULTI_165_A_Ru87_Al12_B_TiZr,-0.23911954442468336,3.22178751,2.533666714,-0.881935538,5.6875,0.0727621617453034,1.7821000000000002,0.3799613006610016,-14.432,Mo50-Ta50,0.5,0.5,0.0,0.0,B2_MULTI_165_A_Ru87_Al12_B_TiZr,0.4375,0.0,0.25,0.25,0.0625,0.0,0.0,0.0,0.0,0.0,0.0,0.0,0.0
Mo50-Ta50,B2_MULTI_166_A_Ru75_Al25_B_TiZr,-0.004799451743405936,3.22178751,3.206361714,-0.808063227,5.375,0.0703058182976203,1.7467,0.3666280267519111,-14.288,Mo50-Ta50,0.5,0.5,0.0,0.0,B2_MULTI_166_A_Ru75_Al25_B_TiZr,0.375,0.0,0.25,0.25,0.125,0.0,0.0,0.0,0.0,0.0,0.0,0.0,0.0
Mo50-Ta50,B2_MULTI_167_A_Ru87_Al12_B_TiAl,-0.28238200458233703,3.22178751,2.424572308,-5.952786629,1.5,0.0273038199437399,1.694324324324325,0.2239032192052839,-9.817384952520088,Mo50-Ta50,0.5,0.5,0.0,0.0,B2_MULTI_167_A_Ru87_Al12_B_TiAl,0.0625,0.0,0.0625,0.0,0.25,0.0,0.0,0.0,0.0,0.0,0.0,0.0,0.0
Mo50-Ta50,B2_MULTI_167_A_Ru87_Al13_B_TiAl,-0.28242330225052825,3.22178751,2.424470144,-1.021190861,5.4375,0.0396803315535911,1.8521,0.309477931361834,-15.312,Mo50-Ta50,0.5,0.5,0.0,0.0,B2_MULTI_167_A_Ru87_Al13_B_TiAl,0.4375,0.0,0.25,0.0,0.3125,0.0,0.0,0.0,0.0,0.0,0.0,0.0,0.0
Mo50-Ta50,B2_MULTI_168_A_Ru75_Al25_B_TiAl,-0.047955841166508806,3.22178751,3.070901903,-0.941385339,5.125,0.0380980563492807,1.814653465346535,0.3004965012116891,-15.049504950495049,Mo50-Ta50,0.5,0.5,0.0,0.0,B2_MULTI_168_A_Ru75_Al25_B_TiAl,0.375,0.0,0.25,0.0,0.375,0.0,0.0,0.0,0.0,0.0,0.0,0.0,0.0
Mo50-Ta50,B2_MULTI_169_A_Ru87_Al12_B_ZrAl,-0.24741035068733733,3.22178751,2.512434563,-3.978965604,3.1875,0.0773292902137734,1.9146938775510205,0.3828683476015858,-17.35276967930029,Mo50-Ta50,0.5,0.5,0.0,0.0,B2_MULTI_169_A_Ru87_Al12_B_ZrAl,0.3125,0.0,0.0,0.125,0.0625,0.0,0.0,0.0,0.0,0.0,0.0,0.0,0.0
Mo50-Ta50,B2_MULTI_169_A_Ru87_Al13_B_ZrAl,-0.2474107034238737,3.22178751,2.512433663,-0.95203949,5.4375,0.0724611766706071,1.7996,0.3698862527859072,-18.832,Mo50-Ta50,0.5,0.5,0.0,0.0,B2_MULTI_169_A_Ru87_Al13_B_ZrAl,0.4375,0.0,0.0,0.25,0.3125,0.0,0.0,0.0,0.0,0.0,0.0,0.0,0.0
Mo50-Ta50,B2_MULTI_170_A_Ru75_Al25_B_ZrAl,-0.013018658823227945,3.22178751,3.180115415,-0.885427863,5.125,0.0699929276125827,1.762673267326733,0.356461962724668,-18.02960494069209,Mo50-Ta50,0.5,0.5,0.0,0.0,B2_MULTI_170_A_Ru75_Al25_B_ZrAl,0.375,0.0,0.0,0.25,0.375,0.0,0.0,0.0,0.0,0.0,0.0,0.0,0.0
Mo50-V50,B2_014_RuHf,-0.17496557125305467,3.06403346,2.571059804,-1.190557465,6.0,0.0821917808219178,1.75,0.45,-15.0,Mo50-V50,0.5,0.0,0.5,0.0,B2_014_RuHf,0.5,0.5,0.0,0.0,0.0,0.0,0.0,0.0,0.0,0.0,0.0,0.0,0.0
Mo50-V50,B2_015_RuTi,-0.22685114805305465,3.06403346,2.43976227,-1.048598035,6.0,0.0462633451957295,1.87,0.33,-10.0,Mo50-V50,0.5,0.0,0.5,0.0,B2_015_RuTi,0.5,0.0,0.5,0.0,0.0,0.0,0.0,0.0,0.0,0.0,0.0,0.0,0.0
Mo50-V50,B2_016_RuZr,-0.16587127785805164,3.06403346,2.59472104,-0.959079125,6.0,0.0884353741496598,1.765,0.435,-18.0,Mo50-V50,0.5,0.0,0.5,0.0,B2_016_RuZr,0.5,0.0,0.0,0.5,0.0,0.0,0.0,0.0,0.0,0.0,0.0,0.0,0.0
Mo50-V50,B2_017_RuAl,-0.24779642074948854,3.06403346,2.388477153,-1.00191235,5.5,0.0324909747292418,1.905,0.295,-20.0,Mo50-V50,0.5,0.0,0.5,0.0,B2_017_RuAl,0.5,0.0,0.0,0.0,0.5,0.0,0.0,0.0,0.0,0.0,0.0,0.0,0.0
Mo50-V50,MATRIX_BIN_018_Nb12_Mo87,-0.19624860668018276,3.06403346,2.516452193,-0.074598622,5.875,0.0162666672861703,2.0928,0.1819784602638455,-0.8448,Mo50-V50,0.5,0.0,0.5,0.0,MATRIX_BIN_018_Nb12_Mo87,0.0,0.0,0.0,0.0,0.0,0.875,0.125,0.0,0.0,0.0,0.0,0.0,0.0
Mo50-V50,MATRIX_BIN_019_Nb25_Mo75,0.03980292474427389,3.06403346,3.18846737,-0.093096702,5.75,0.0215352675896663,2.02,0.2424871130596428,-1.5,Mo50-V50,0.5,0.0,0.5,0.0,MATRIX_BIN_019_Nb25_Mo75,0.0,0.0,0.0,0.0,0.0,0.75,0.25,0.0,0.0,0.0,0.0,0.0,0.0
Mo50-V50,MATRIX_BIN_020_Nb50_Mo50,0.28162407282261476,3.06403346,4.068360358,-0.068167471,5.5,0.0245614035087719,1.88,0.28,-2.0,Mo50-V50,0.5,0.0,0.5,0.0,MATRIX_BIN_020_Nb50_Mo50,0.0,0.0,0.0,0.0,0.0,0.5,0.5,0.0,0.0,0.0,0.0,0.0,0.0
Mo50-V50,MATRIX_BIN_021_Nb75_Mo25,0.06695476695208102,3.06403346,3.276290931,-0.003897255,5.25,0.0210127480987559,1.7400000000000002,0.2424871130596428,-1.5,Mo50-V50,0.5,0.0,0.5,0.0,MATRIX_BIN_021_Nb75_Mo25,0.0,0.0,0.0,0.0,0.0,0.25,0.75,0.0,0.0,0.0,0.0,0.0,0.0
Mo50-V50,MATRIX_BIN_022_Nb87_Mo12,-0.15667512676888504,3.06403346,2.618850201,0.026755452,5.125,0.0156705067050018,1.6672000000000002,0.1819784602638455,-0.8448,Mo50-V50,0.5,0.0,0.5,0.0,MATRIX_BIN_022_Nb87_Mo12,0.0,0.0,0.0,0.0,0.0,0.125,0.875,0.0,0.0,0.0,0.0,0.0,0.0
Mo50-V50,MATRIX_BIN_023_Nb12_Ta87,-0.15277726701741254,3.06403346,2.629139739,0.01664066,5.0,0.0,1.512,0.0324961536185438,-0.4224,Mo50-V50,0.5,0.0,0.5,0.0,MATRIX_BIN_023_Nb12_Ta87,0.0,0.0,0.0,0.0,0.0,0.0,0.125,0.875,0.0,0.0,0.0,0.0,0.0
Mo50-V50,MATRIX_BIN_024_Nb25_Ta75,0.07858217387779222,3.06403346,3.314659229,0.02257152,5.0,0.0,1.525,0.0433012701892219,-0.75,Mo50-V50,0.5,0.0,0.5,0.0,MATRIX_BIN_024_Nb25_Ta75,0.0,0.0,0.0,0.0,0.0,0.0,0.25,0.75,0.0,0.0,0.0,0.0,0.0
Mo50-V50,MATRIX_BIN_025_Nb50_Ta50,0.3084635858355615,3.06403346,4.181529649,0.032388069,5.0,0.0,1.55,0.05,-1.0,Mo50-V50,0.5,0.0,0.5,0.0,MATRIX_BIN_025_Nb50_Ta50,0.0,0.0,0.0,0.0,0.0,0.0,0.5,0.5,0.0,0.0,0.0,0.0,0.0
Mo50-V50,MATRIX_BIN_026_Nb75_Ta25,0.08087585133803919,3.06403346,3.322282844,0.043369138,5.0,0.0,1.5750000000000002,0.0433012701892219,-0.75,Mo50-V50,0.5,0.0,0.5,0.0,MATRIX_BIN_026_Nb75_Ta25,0.0,0.0,0.0,0.0,0.0,0.0,0.75,0.25,0.0,0.0,0.0,0.0,0.0
Mo50-V50,MATRIX_BIN_027_Nb87_Ta12,-0.1493992865775873,3.06403346,2.638087089,0.04776952,5.0,0.0,1.588,0.0324961536185438,-0.4224,Mo50-V50,0.5,0.0,0.5,0.0,MATRIX_BIN_027_Nb87_Ta12,0.0,0.0,0.0,0.0,0.0,0.0,0.875,0.125,0.0,0.0,0.0,0.0,0.0
Mo50-V50,MATRIX_BIN_028_Nb12_W87,-0.1909155590089589,3.06403346,2.53003601,-0.064576028,5.875,0.0162666672861703,2.2688,0.2469707675009331,-0.8448,Mo50-V50,0.5,0.0,0.5,0.0,MATRIX_BIN_028_Nb12_W87,0.0,0.0,0.0,0.0,0.0,0.0,0.125,0.0,0.875,0.0,0.0,0.0,0.0
Mo50-V50,MATRIX_BIN_029_Nb25_W75,0.04406577684850488,3.06403346,3.202094355,-0.067975525,5.75,0.0215352675896663,2.17,0.3290896534380866,-1.5,Mo50-V50,0.5,0.0,0.5,0.0,MATRIX_BIN_029_Nb25_W75,0.0,0.0,0.0,0.0,0.0,0.0,0.25,0.0,0.75,0.0,0.0,0.0,0.0
Mo50-V50,MATRIX_BIN_030_Nb50_W50,0.2837193211796761,3.06403346,4.077067638,-0.024208031,5.5,0.0245614035087719,1.98,0.3799999999999999,-2.0,Mo50-V50,0.5,0.0,0.5,0.0,MATRIX_BIN_030_Nb50_W50,0.0,0.0,0.0,0.0,0.0,0.0,0.5,0.0,0.5,0.0,0.0,0.0,0.0
Mo50-V50,MATRIX_BIN_031_Nb75_W25,0.0675208732921607,3.06403346,3.278148285,0.026336168,5.25,0.0210127480987559,1.79,0.3290896534380866,-1.5,Mo50-V50,0.5,0.0,0.5,0.0,MATRIX_BIN_031_Nb75_W25,0.0,0.0,0.0,0.0,0.0,0.0,0.75,0.0,0.25,0.0,0.0,0.0,0.0
Mo50-V50,MATRIX_BIN_032_Nb87_W12,-0.15622514186414896,3.06403346,2.620036168,0.042204846,5.125,0.0156705067050018,1.6912,0.2469707675009331,-0.8448,Mo50-V50,0.5,0.0,0.5,0.0,MATRIX_BIN_032_Nb87_W12,0.0,0.0,0.0,0.0,0.0,0.0,0.875,0.0,0.125,0.0,0.0,0.0,0.0
Mo50-V50,MATRIX_BIN_033_Nb12_V87,-0.2403297111629906,3.06403346,2.406649618,0.08248568,5.0,0.0287916304948704,1.6263999999999998,0.009748846085563,-0.4224,Mo50-V50,0.5,0.0,0.5,0.0,MATRIX_BIN_033_Nb12_V87,0.0,0.0,0.0,0.0,0.0,0.0,0.125,0.0,0.0,0.875,0.0,0.0,0.0
Mo50-V50,MATRIX_BIN_034_Nb25_V75,0.0054550605467790225,3.06403346,3.080793662,0.119704924,5.0,0.0379281198737709,1.6225,0.0129903810567664,-0.75,Mo50-V50,0.5,0.0,0.5,0.0,MATRIX_BIN_034_Nb25_V75,0.0,0.0,0.0,0.0,0.0,0.0,0.25,0.0,0.0,0.75,0.0,0.0,0.0
Mo50-V50,MATRIX_BIN_035_Nb50_V50,0.2644267130213593,3.06403346,3.997687259,0.146260085,5.0,0.0428571428571428,1.615,0.0149999999999999,-1.0,Mo50-V50,0.5,0.0,0.5,0.0,MATRIX_BIN_035_Nb50_V50,0.0,0.0,0.0,0.0,0.0,0.0,0.5,0.0,0.0,0.5,0.0,0.0,0.0
Mo50-V50,MATRIX_BIN_036_Nb75_V25,0.05968228103744991,3.06403346,3.252526823,0.114812331,5.0,0.0363367302287176,1.6075000000000002,0.0129903810567664,-0.75,Mo50-V50,0.5,0.0,0.5,0.0,MATRIX_BIN_036_Nb75_V25,0.0,0.0,0.0,0.0,0.0,0.0,0.75,0.0,0.0,0.25,0.0,0.0,0.0
Mo50-V50,MATRIX_BIN_037_Nb87_V12,-0.15996662183069513,3.06403346,2.61019026,0.086073827,5.0,0.0269752243651442,1.6036,0.009748846085563,-0.4224,Mo50-V50,0.5,0.0,0.5,0.0,MATRIX_BIN_037_Nb87_V12,0.0,0.0,0.0,0.0,0.0,0.0,0.875,0.0,0.0,0.125,0.0,0.0,0.0
Mo50-V50,MATRIX_BIN_038_Mo12_Ta87,-0.16025203720884781,3.06403346,2.609440574,-0.021898875,5.125,0.0156705067050018,1.5792000000000002,0.2144746138823893,-0.8448,Mo50-V50,0.5,0.0,0.5,0.0,MATRIX_BIN_038_Mo12_Ta87,0.0,0.0,0.0,0.0,0.0,0.125,0.0,0.875,0.0,0.0,0.0,0.0,0.0
Mo50-V50,MATRIX_BIN_039_Mo25_Ta75,0.06350852083144382,3.06403346,3.265007474,-0.045341345,5.25,0.0210127480987559,1.665,0.2857883832488648,-1.5,Mo50-V50,0.5,0.0,0.5,0.0,MATRIX_BIN_039_Mo25_Ta75,0.0,0.0,0.0,0.0,0.0,0.25,0.0,0.75,0.0,0.0,0.0,0.0,0.0
Mo50-V50,MATRIX_BIN_040_Mo50_Ta50,0.27878885233602596,3.06403346,4.056611707,-0.115010835,5.5,0.0245614035087719,1.83,0.33,-2.0,Mo50-V50,0.5,0.0,0.5,0.0,MATRIX_BIN_040_Mo50_Ta50,0.0,0.0,0.0,0.0,0.0,0.5,0.0,0.5,0.0,0.0,0.0,0.0,0.0
Mo50-V50,MATRIX_BIN_041_Mo75_Ta25,0.038286402836100596,3.06403346,3.183633813,-0.13445637,5.75,0.0215352675896663,1.995,0.2857883832488648,-1.5,Mo50-V50,0.5,0.0,0.5,0.0,MATRIX_BIN_041_Mo75_Ta25,0.0,0.0,0.0,0.0,0.0,0.75,0.0,0.25,0.0,0.0,0.0,0.0,0.0
Mo50-V50,MATRIX_BIN_042_Mo87_Ta12,-0.19702624140303954,3.06403346,2.514476987,-0.10635318,5.875,0.0162666672861703,2.0808,0.2144746138823893,-0.8448,Mo50-V50,0.5,0.0,0.5,0.0,MATRIX_BIN_042_Mo87_Ta12,0.0,0.0,0.0,0.0,0.0,0.875,0.0,0.125,0.0,0.0,0.0,0.0,0.0
Mo50-V50,MATRIX_BIN_043_Mo12_W87,-0.19664235283280132,3.06403346,2.515451896,-0.03228228,6.0,0.0,2.336,0.0649923072370876,-0.4224,Mo50-V50,0.5,0.0,0.5,0.0,MATRIX_BIN_043_Mo12_W87,0.0,0.0,0.0,0.0,0.0,0.125,0.0,0.0,0.875,0.0,0.0,0.0,0.0
Mo50-V50,MATRIX_BIN_044_Mo25_W75,0.033031368176821056,3.06403346,3.166942287,-0.031021756,6.0,0.0,2.31,0.0866025403784437,-0.75,Mo50-V50,0.5,0.0,0.5,0.0,MATRIX_BIN_044_Mo25_W75,0.0,0.0,0.0,0.0,0.0,0.25,0.0,0.0,0.75,0.0,0.0,0.0,0.0
Mo50-V50,MATRIX_BIN_045_Mo50_W50,0.2611060003526128,3.06403346,3.984201707,-0.031400886,6.0,0.0,2.26,0.0999999999999998,-1.0,Mo50-V50,0.5,0.0,0.5,0.0,MATRIX_BIN_045_Mo50_W50,0.0,0.0,0.0,0.0,0.0,0.5,0.0,0.0,0.5,0.0,0.0,0.0,0.0
Mo50-V50,MATRIX_BIN_046_Mo75_W25,0.030069021484077266,3.06403346,3.157572258,-0.029765179,6.0,0.0,2.21,0.0866025403784437,-0.75,Mo50-V50,0.5,0.0,0.5,0.0,MATRIX_BIN_046_Mo75_W25,0.0,0.0,0.0,0.0,0.0,0.75,0.0,0.0,0.25,0.0,0.0,0.0,0.0
Mo50-V50,MATRIX_BIN_047_Mo87_W12,-0.2011635807316761,3.06403346,2.503991537,-0.029998622,6.0,0.0,2.184,0.0649923072370876,-0.4224,Mo50-V50,0.5,0.0,0.5,0.0,MATRIX_BIN_047_Mo87_W12,0.0,0.0,0.0,0.0,0.0,0.875,0.0,0.0,0.125,0.0,0.0,0.0,0.0
Mo50-V50,MATRIX_BIN_048_Mo12_V87,-0.2500448336639907,3.06403346,2.383028597,-0.006338223,5.125,0.0120713795016878,1.6936,0.1722296141782824,-0.4224,Mo50-V50,0.5,0.0,0.5,0.0,MATRIX_BIN_048_Mo12_V87,0.0,0.0,0.0,0.0,0.0,0.125,0.0,0.0,0.0,0.875,0.0,0.0,0.0
Mo50-V50,MATRIX_BIN_049_Mo25_V75,-0.013431901421243982,3.06403346,3.023152221,-0.037424369,5.25,0.0160078632862187,1.7625,0.2294967320028763,-0.75,Mo50-V50,0.5,0.0,0.5,0.0,MATRIX_BIN_049_Mo25_V75,0.0,0.0,0.0,0.0,0.0,0.25,0.0,0.0,0.0,0.75,0.0,0.0,0.0
Mo50-V50,MATRIX_BIN_050_Mo50_V50,0.23030858354007255,3.06403346,3.861543353,-0.097449414,5.5,0.0183150183150182,1.895,0.2650000000000001,-1.0,Mo50-V50,0.5,0.0,0.5,0.0,MATRIX_BIN_050_Mo50_V50,0.0,0.0,0.0,0.0,0.0,0.5,0.0,0.0,0.0,0.5,0.0,0.0,0.0
Mo50-V50,MATRIX_BIN_051_Mo75_V25,0.014088609647065528,3.06403346,3.107507677,-0.114008179,5.75,0.0157173394516231,2.0275,0.2294967320028763,-0.75,Mo50-V50,0.5,0.0,0.5,0.0,MATRIX_BIN_051_Mo75_V25,0.0,0.0,0.0,0.0,0.0,0.75,0.0,0.0,0.0,0.25,0.0,0.0,0.0
Mo50-V50,MATRIX_BIN_052_Mo87_V12,-0.20891465682173724,3.06403346,2.484453351,-0.088360288,5.875,0.0117399398910924,2.0964,0.1722296141782824,-0.4224,Mo50-V50,0.5,0.0,0.5,0.0,MATRIX_BIN_052_Mo87_V12,0.0,0.0,0.0,0.0,0.0,0.875,0.0,0.0,0.0,0.125,0.0,0.0,0.0
Mo50-V50,MATRIX_BIN_053_Ta12_W87,-0.19157435790322266,3.06403346,2.528354403,-0.093051999,5.875,0.0162666672861703,2.2568,0.279466921119477,-0.4224,Mo50-V50,0.5,0.0,0.5,0.0,MATRIX_BIN_053_Ta12_W87,0.0,0.0,0.0,0.0,0.0,0.0,0.0,0.125,0.875,0.0,0.0,0.0,0.0
Mo50-V50,MATRIX_BIN_054_Ta25_W75,0.04272223833779868,3.06403346,3.197793083,-0.107372831,5.75,0.0215352675896663,2.145,0.3723909236273086,-0.75,Mo50-V50,0.5,0.0,0.5,0.0,MATRIX_BIN_054_Ta25_W75,0.0,0.0,0.0,0.0,0.0,0.0,0.0,0.25,0.75,0.0,0.0,0.0,0.0
Mo50-V50,MATRIX_BIN_055_Ta50_W50,0.2816185958445542,3.06403346,4.068337625,-0.070797609,5.5,0.0245614035087719,1.93,0.4299999999999999,-1.0,Mo50-V50,0.5,0.0,0.5,0.0,MATRIX_BIN_055_Ta50_W50,0.0,0.0,0.0,0.0,0.0,0.0,0.0,0.5,0.5,0.0,0.0,0.0,0.0
Mo50-V50,MATRIX_BIN_056_Ta75_W25,0.0646046050015321,3.06403346,3.268591838,-0.021707099,5.25,0.0210127480987559,1.715,0.3723909236273086,-0.75,Mo50-V50,0.5,0.0,0.5,0.0,MATRIX_BIN_056_Ta75_W25,0.0,0.0,0.0,0.0,0.0,0.0,0.0,0.75,0.25,0.0,0.0,0.0,0.0
Mo50-V50,MATRIX_BIN_057_Ta87_W12,-0.15975507999183594,3.06403346,2.610746034,-0.005622646,5.125,0.0156705067050018,1.6032,0.279466921119477,-0.4224,Mo50-V50,0.5,0.0,0.5,0.0,MATRIX_BIN_057_Ta87_W12,0.0,0.0,0.0,0.0,0.0,0.0,0.0,0.875,0.125,0.0,0.0,0.0,0.0
Mo50-V50,MATRIX_BIN_058_Ta12_V87,-0.24063835188995678,3.06403346,2.405896049,0.06873568,5.0,0.0287916304948704,1.6143999999999998,0.0422449997041069,0.0,Mo50-V50,0.5,0.0,0.5,0.0,MATRIX_BIN_058_Ta12_V87,0.0,0.0,0.0,0.0,0.0,0.0,0.0,0.125,0.0,0.875,0.0,0.0,0.0
Mo50-V50,MATRIX_BIN_059_Ta25_V75,0.005210038910173234,3.06403346,3.080038888,0.103170482,5.0,0.0379281198737709,1.5975,0.0562916512459884,0.0,Mo50-V50,0.5,0.0,0.5,0.0,MATRIX_BIN_059_Ta25_V75,0.0,0.0,0.0,0.0,0.0,0.0,0.0,0.25,0.0,0.75,0.0,0.0,0.0
Mo50-V50,MATRIX_BIN_060_Ta50_V50,0.2630713464375689,3.06403346,3.992176831,0.118279576,5.0,0.0428571428571428,1.565,0.0649999999999999,0.0,Mo50-V50,0.5,0.0,0.5,0.0,MATRIX_BIN_060_Ta50_V50,0.0,0.0,0.0,0.0,0.0,0.0,0.0,0.5,0.0,0.5,0.0,0.0,0.0
Mo50-V50,MATRIX_BIN_061_Ta75_V25,0.05713505484259544,3.06403346,3.244245389,0.083356798,5.0,0.0363367302287176,1.5325,0.0562916512459884,0.0,Mo50-V50,0.5,0.0,0.5,0.0,MATRIX_BIN_061_Ta75_V25,0.0,0.0,0.0,0.0,0.0,0.0,0.0,0.75,0.0,0.25,0.0,0.0,0.0
Mo50-V50,MATRIX_BIN_062_Ta87_V12,-0.1632548916240471,3.06403346,2.601565119,0.048231505,5.0,0.0269752243651442,1.5156,0.0422449997041069,0.0,Mo50-V50,0.5,0.0,0.5,0.0,MATRIX_BIN_062_Ta87_V12,0.0,0.0,0.0,0.0,0.0,0.0,0.0,0.875,0.0,0.125,0.0,0.0,0.0
Mo50-V50,MATRIX_BIN_063_W12_V87,-0.2485755101296322,3.06403346,2.38658796,0.007573578,5.125,0.0120713795016878,1.7175999999999998,0.23722192141537,0.0,Mo50-V50,0.5,0.0,0.5,0.0,MATRIX_BIN_063_W12_V87,0.0,0.0,0.0,0.0,0.0,0.0,0.0,0.0,0.125,0.875,0.0,0.0,0.0
Mo50-V50,MATRIX_BIN_064_W25_V75,-0.010349372556612554,3.06403346,3.032485885,-0.010397496,5.25,0.0160078632862187,1.8125,0.3160992723813201,0.0,Mo50-V50,0.5,0.0,0.5,0.0,MATRIX_BIN_064_W25_V75,0.0,0.0,0.0,0.0,0.0,0.0,0.0,0.0,0.25,0.75,0.0,0.0,0.0
Mo50-V50,MATRIX_BIN_065_W50_V50,0.2354587724309249,3.06403346,3.881757122,-0.05491275,5.5,0.0183150183150182,1.995,0.365,0.0,Mo50-V50,0.5,0.0,0.5,0.0,MATRIX_BIN_065_W50_V50,0.0,0.0,0.0,0.0,0.0,0.0,0.0,0.0,0.5,0.5,0.0,0.0,0.0
Mo50-V50,MATRIX_BIN_066_W75_V25,0.02037428692499333,3.06403346,3.12710346,-0.09208095,5.75,0.0157173394516231,2.1775,0.3160992723813201,0.0,Mo50-V50,0.5,0.0,0.5,0.0,MATRIX_BIN_066_W75_V25,0.0,0.0,0.0,0.0,0.0,0.0,0.0,0.0,0.75,0.25,0.0,0.0,0.0
Mo50-V50,MATRIX_BIN_067_W87_V12,-0.20266736402660593,3.06403346,2.50019019,-0.084931073,5.875,0.0117399398910924,2.2724,0.23722192141537,0.0,Mo50-V50,0.5,0.0,0.5,0.0,MATRIX_BIN_067_W87_V12,0.0,0.0,0.0,0.0,0.0,0.0,0.0,0.0,0.875,0.125,0.0,0.0,0.0
Mo50-V50,MATRIX_TERN_068_Nb33_Mo33_Ta33,0.19487135038018463,3.06403346,3.725584467,-0.065262171,5.333333333,0.0229686657461987,1.7533333333333334,0.2904402788105596,-2.2222222222222228,Mo50-V50,0.5,0.0,0.5,0.0,MATRIX_TERN_068_Nb33_Mo33_Ta33,0.0,0.0,0.0,0.0,0.0,0.333333333,0.333333333,0.333333333,0.0,0.0,0.0,0.0,0.0
Mo50-V50,MATRIX_TERN_069_Nb33_Mo33_W33,0.1812767606107079,3.06403346,3.674833441,-0.049686914,5.666666667,0.0233478654165369,2.0400000000000005,0.3216623488483951,-2.2222222222222223,Mo50-V50,0.5,0.0,0.5,0.0,MATRIX_TERN_069_Nb33_Mo33_W33,0.0,0.0,0.0,0.0,0.0,0.333333333,0.333333333,0.0,0.333333333,0.0,0.0,0.0,0.0
Mo50-V50,MATRIX_TERN_070_Nb33_Mo33_V33,0.16464698371026884,3.06403346,3.613773878,-0.013214523,5.333333333,0.0352382411938744,1.7966666666666669,0.2572072229848058,-1.777777777777778,Mo50-V50,0.5,0.0,0.5,0.0,MATRIX_TERN_070_Nb33_Mo33_V33,0.0,0.0,0.0,0.0,0.0,0.333333333,0.333333333,0.0,0.0,0.333333333,0.0,0.0,0.0
Mo50-V50,MATRIX_TERN_071_Nb33_Ta33_W33,0.19612693023713568,3.06403346,3.730310358,-0.031019427,5.333333333,0.0229686657461987,1.82,0.3840138886377244,-1.777777777777778,Mo50-V50,0.5,0.0,0.5,0.0,MATRIX_TERN_071_Nb33_Ta33_W33,0.0,0.0,0.0,0.0,0.0,0.0,0.333333333,0.333333333,0.333333333,0.0,0.0,0.0,0.0
Mo50-V50,MATRIX_TERN_072_Nb33_Ta33_V33,0.1840419354154067,3.06403346,3.685094771,0.08652521,5.0,0.0398370017569885,1.5766666666666669,0.0555777733351102,-0.8888888888888891,Mo50-V50,0.5,0.0,0.5,0.0,MATRIX_TERN_072_Nb33_Ta33_V33,0.0,0.0,0.0,0.0,0.0,0.0,0.333333333,0.333333333,0.0,0.333333333,0.0,0.0,0.0
Mo50-V50,MATRIX_TERN_073_Nb33_W33_V33,0.166999835485545,3.06403346,3.622345558,0.018775382,5.333333333,0.0352382411938744,1.8633333333333333,0.351409858838492,-1.3333333333333337,Mo50-V50,0.5,0.0,0.5,0.0,MATRIX_TERN_073_Nb33_W33_V33,0.0,0.0,0.0,0.0,0.0,0.0,0.333333333,0.0,0.333333333,0.333333333,0.0,0.0,0.0
Mo50-V50,MATRIX_TERN_074_Mo33_Ta33_W33,0.17950021948799508,3.06403346,3.668257294,-0.093088097,5.666666667,0.0233478654165369,2.006666666666667,0.3674537007872178,-1.777777777777778,Mo50-V50,0.5,0.0,0.5,0.0,MATRIX_TERN_074_Mo33_Ta33_W33,0.0,0.0,0.0,0.0,0.0,0.333333333,0.0,0.333333333,0.333333333,0.0,0.0,0.0,0.0
Mo50-V50,MATRIX_TERN_075_Mo33_Ta33_V33,0.1629497641383133,3.06403346,3.607604365,-0.042224622,5.333333333,0.0352382411938744,1.7633333333333336,0.2854625875467553,-1.3333333333333337,Mo50-V50,0.5,0.0,0.5,0.0,MATRIX_TERN_075_Mo33_Ta33_V33,0.0,0.0,0.0,0.0,0.0,0.333333333,0.0,0.333333333,0.0,0.333333333,0.0,0.0,0.0
Mo50-V50,MATRIX_TERN_076_Mo33_W33_V33,0.1480255632988688,3.06403346,3.553840738,-0.074437179,5.666666667,0.0171627859511297,2.0500000000000003,0.3080043289739069,-0.8888888888888891,Mo50-V50,0.5,0.0,0.5,0.0,MATRIX_TERN_076_Mo33_W33_V33,0.0,0.0,0.0,0.0,0.0,0.333333333,0.0,0.0,0.333333333,0.333333333,0.0,0.0,0.0
Mo50-V50,MATRIX_TERN_077_Ta33_W33_V33,0.16539124260378352,3.06403346,3.616482912,-0.005449438,5.333333333,0.0352382411938744,1.83,0.3785058343892028,-0.4444444444444445,Mo50-V50,0.5,0.0,0.5,0.0,MATRIX_TERN_077_Ta33_W33_V33,0.0,0.0,0.0,0.0,0.0,0.0,0.0,0.333333333,0.333333333,0.333333333,0.0,0.0,0.0
Mo50-V50,B2_TERN_SOL_078_Ru_Hf87_Nb12,-0.17846464482456778,3.06403346,2.562008656,-1.091011246,6.0625,0.079929319846275,1.7680000000000002,0.4374654272053965,-14.1168,Mo50-V50,0.5,0.0,0.5,0.0,B2_TERN_SOL_078_Ru_Hf87_Nb12,0.5,0.4375,0.0,0.0,0.0,0.0,0.0625,0.0,0.0,0.0,0.0,0.0,0.0
Mo50-V50,B2_TERN_SOL_079_Ru_Hf75_Nb25,0.0499994486726403,3.06403346,3.221161604,-0.990479496,6.125,0.0772310128363896,1.786,0.4237971212738473,-13.1472,Mo50-V50,0.5,0.0,0.5,0.0,B2_TERN_SOL_079_Ru_Hf75_Nb25,0.5,0.375,0.0,0.0,0.0,0.0,0.125,0.0,0.0,0.0,0.0,0.0,0.0
Mo50-V50,B2_TERN_SOL_080_Ru_Hf87_Mo12,-0.18141582709176046,3.06403346,2.554397326,-1.011580317,6.125,0.0808002001785193,1.8016,0.4447172584912801,-14.16,Mo50-V50,0.5,0.0,0.5,0.0,B2_TERN_SOL_080_Ru_Hf87_Mo12,0.5,0.4375,0.0,0.0,0.0,0.0625,0.0,0.0,0.0,0.0,0.0,0.0,0.0
Mo50-V50,B2_TERN_SOL_081_Ru_Hf75_Mo25,0.04345172235690884,3.06403346,3.200127757,-0.833822359,6.25,0.0785362630419332,1.8532,0.4332686926146408,-13.32,Mo50-V50,0.5,0.0,0.5,0.0,B2_TERN_SOL_081_Ru_Hf75_Mo25,0.5,0.375,0.0,0.0,0.0,0.125,0.0,0.0,0.0,0.0,0.0,0.0,0.0
Mo50-V50,B2_TERN_SOL_082_Ru_Hf87_Ta12,-0.17912798911632327,3.06403346,2.560296043,-1.113680888,6.0625,0.079929319846275,1.7620000000000002,0.4404043596514458,-13.68,Mo50-V50,0.5,0.0,0.5,0.0,B2_TERN_SOL_082_Ru_Hf87_Ta12,0.5,0.4375,0.0,0.0,0.0,0.0,0.0,0.0625,0.0,0.0,0.0,0.0,0.0
Mo50-V50,B2_TERN_SOL_083_Ru_Hf75_Ta25,0.048571718450623136,3.06403346,3.216563145,-1.032519678,6.125,0.0772310128363896,1.774,0.4302603862778911,-12.36,Mo50-V50,0.5,0.0,0.5,0.0,B2_TERN_SOL_083_Ru_Hf75_Ta25,0.5,0.375,0.0,0.0,0.0,0.0,0.0,0.125,0.0,0.0,0.0,0.0,0.0
Mo50-V50,B2_TERN_SOL_084_Ru_Hf87_W12,-0.1814349366739201,3.06403346,2.554348108,-1.017173511,6.125,0.0808002001785193,1.8136,0.4567614694783263,-13.92,Mo50-V50,0.5,0.0,0.5,0.0,B2_TERN_SOL_084_Ru_Hf87_W12,0.5,0.4375,0.0,0.0,0.0,0.0,0.0,0.0,0.0625,0.0,0.0,0.0,0.0
Mo50-V50,B2_TERN_SOL_085_Ru_Hf75_W25,0.0436908999734468,3.06403346,3.200893611,-0.836868509,6.25,0.0785362630419332,1.8772,0.4546120983871855,-12.84,Mo50-V50,0.5,0.0,0.5,0.0,B2_TERN_SOL_085_Ru_Hf75_W25,0.5,0.375,0.0,0.0,0.0,0.0,0.0,0.0,0.125,0.0,0.0,0.0,0.0
Mo50-V50,B2_TERN_SOL_086_Ru_Hf87_V12,-0.18469265680934202,3.06403346,2.545970218,-1.063735031,6.0625,0.0824106716944606,1.7698,0.4368317296167943,-13.44,Mo50-V50,0.5,0.0,0.5,0.0,B2_TERN_SOL_086_Ru_Hf87_V12,0.5,0.4375,0.0,0.0,0.0,0.0,0.0,0.0,0.0,0.0625,0.0,0.0,0.0
Mo50-V50,B2_TERN_SOL_087_Ru_Hf75_V25,0.03740034619357805,3.06403346,3.180813173,-0.946727169,6.125,0.0813951555025931,1.7896,0.4223266981851847,-11.88,Mo50-V50,0.5,0.0,0.5,0.0,B2_TERN_SOL_087_Ru_Hf75_V25,0.5,0.375,0.0,0.0,0.0,0.0,0.0,0.0,0.0,0.125,0.0,0.0,0.0
Mo50-V50,B2_TERN_SOL_088_Ru_Ti87_Nb12,-0.22186054738359895,3.06403346,2.452124543,-0.983188993,6.0625,0.04588506177003,1.8736,0.3266910467092724,-9.6112,Mo50-V50,0.5,0.0,0.5,0.0,B2_TERN_SOL_088_Ru_Ti87_Nb12,0.5,0.0,0.4375,0.0,0.0,0.0,0.0625,0.0,0.0,0.0,0.0,0.0,0.0
Mo50-V50,B2_TERN_SOL_089_Ru_Ti75_Nb25,0.012606246308831595,3.06403346,3.102904429,-0.903188944,6.125,0.0454989552387946,1.8772,0.3233081502220444,-9.1648,Mo50-V50,0.5,0.0,0.5,0.0,B2_TERN_SOL_089_Ru_Ti75_Nb25,0.5,0.0,0.375,0.0,0.0,0.0,0.125,0.0,0.0,0.0,0.0,0.0,0.0
Mo50-V50,B2_TERN_SOL_090_Ru_Ti87_Mo12,-0.2255340047745373,3.06403346,2.443019595,-0.92145562,6.125,0.0449536510398423,1.9072,0.3256196554263886,-9.760000000000002,Mo50-V50,0.5,0.0,0.5,0.0,B2_TERN_SOL_090_Ru_Ti87_Mo12,0.5,0.0,0.4375,0.0,0.0,0.0625,0.0,0.0,0.0,0.0,0.0,0.0,0.0
Mo50-V50,B2_TERN_SOL_091_Ru_Ti75_Mo25,0.0064582960537161805,3.06403346,3.083886002,-0.762838311,6.25,0.0433128345312989,1.9444,0.3168416639269527,-9.52,Mo50-V50,0.5,0.0,0.5,0.0,B2_TERN_SOL_091_Ru_Ti75_Mo25,0.5,0.0,0.375,0.0,0.0,0.125,0.0,0.0,0.0,0.0,0.0,0.0,0.0
Mo50-V50,B2_TERN_SOL_092_Ru_Ti87_Ta12,-0.22250695081639657,3.06403346,2.4505202,-1.012091649,6.0625,0.04588506177003,1.8676,0.3325270515311499,-9.28,Mo50-V50,0.5,0.0,0.5,0.0,B2_TERN_SOL_092_Ru_Ti87_Ta12,0.5,0.0,0.4375,0.0,0.0,0.0,0.0,0.0625,0.0,0.0,0.0,0.0,0.0
Mo50-V50,B2_TERN_SOL_093_Ru_Ti75_Ta25,0.011282117712218617,3.06403346,3.098798357,-0.958150623,6.125,0.0454989552387946,1.8652,0.3350178502706983,-8.559999999999999,Mo50-V50,0.5,0.0,0.5,0.0,B2_TERN_SOL_093_Ru_Ti75_Ta25,0.5,0.0,0.375,0.0,0.0,0.0,0.0,0.125,0.0,0.0,0.0,0.0,0.0
Mo50-V50,B2_TERN_SOL_094_Ru_Ti87_W12,-0.2252318618483517,3.06403346,2.443767345,-0.933472753,6.125,0.0449536510398423,1.9192,0.338158779273879,-9.52,Mo50-V50,0.5,0.0,0.5,0.0,B2_TERN_SOL_094_Ru_Ti87_W12,0.5,0.0,0.4375,0.0,0.0,0.0,0.0,0.0,0.0625,0.0,0.0,0.0,0.0
Mo50-V50,B2_TERN_SOL_095_Ru_Ti75_W25,0.005906898410466307,3.06403346,3.082186007,-0.789613358,6.25,0.0433128345312989,1.9684,0.3390596407713546,-9.04,Mo50-V50,0.5,0.0,0.5,0.0,B2_TERN_SOL_095_Ru_Ti75_W25,0.5,0.0,0.375,0.0,0.0,0.0,0.0,0.0,0.125,0.0,0.0,0.0,0.0
Mo50-V50,B2_TERN_SOL_096_Ru_Ti87_V12,-0.22975184686995073,3.06403346,2.432602346,-0.982724607,6.0625,0.0461854444311139,1.8754,0.3252581128888256,-9.04,Mo50-V50,0.5,0.0,0.5,0.0,B2_TERN_SOL_096_Ru_Ti87_V12,0.5,0.0,0.4375,0.0,0.0,0.0,0.0,0.0,0.0,0.0625,0.0,0.0,0.0
Mo50-V50,B2_TERN_SOL_097_Ru_Ti75_V25,-0.0029537492632737204,3.06403346,3.05499642,-0.905306641,6.125,0.0454154582679287,1.8808,0.3203550530271062,-8.08,Mo50-V50,0.5,0.0,0.5,0.0,B2_TERN_SOL_097_Ru_Ti75_V25,0.5,0.0,0.375,0.0,0.0,0.0,0.0,0.0,0.0,0.125,0.0,0.0,0.0
Mo50-V50,B2_TERN_SOL_098_Ru_Zr87_Nb12,-0.1687052992567487,3.06403346,2.587326291,-0.890146496,6.0625,0.0860586382926536,1.7812,0.423370476060861,-16.756800000000002,Mo50-V50,0.5,0.0,0.5,0.0,B2_TERN_SOL_098_Ru_Zr87_Nb12,0.5,0.0,0.0,0.4375,0.0,0.0,0.0625,0.0,0.0,0.0,0.0,0.0,0.0
Mo50-V50,B2_TERN_SOL_099_Ru_Zr75_Nb25,0.058499600607504226,3.06403346,3.24867904,-0.818094975,6.125,0.0831528643327092,1.7974,0.4107739524361301,-15.4272,Mo50-V50,0.5,0.0,0.5,0.0,B2_TERN_SOL_099_Ru_Zr75_Nb25,0.5,0.0,0.0,0.375,0.0,0.0,0.125,0.0,0.0,0.0,0.0,0.0,0.0
Mo50-V50,B2_TERN_SOL_100_Ru_Zr87_Mo12,-0.17185593472577837,3.06403346,2.579128061,-0.806967569,6.125,0.0870934949098326,1.8148,0.4298289892503762,-16.8,Mo50-V50,0.5,0.0,0.5,0.0,B2_TERN_SOL_100_Ru_Zr87_Mo12,0.5,0.0,0.0,0.4375,0.0,0.0625,0.0,0.0,0.0,0.0,0.0,0.0,0.0
Mo50-V50,B2_TERN_SOL_101_Ru_Zr75_Mo25,0.05204303695177789,3.06403346,3.227755359,-0.655458039,6.25,0.084783177312234,1.8646000000000005,0.4187133148109814,-15.6,Mo50-V50,0.5,0.0,0.5,0.0,B2_TERN_SOL_101_Ru_Zr75_Mo25,0.5,0.0,0.0,0.375,0.0,0.125,0.0,0.0,0.0,0.0,0.0,0.0,0.0
Mo50-V50,B2_TERN_SOL_102_Ru_Zr87_Ta12,-0.16936757564988056,3.06403346,2.585601013,-0.911972703,6.0625,0.0860586382926536,1.7752,0.4265922643461787,-16.32,Mo50-V50,0.5,0.0,0.5,0.0,B2_TERN_SOL_102_Ru_Zr87_Ta12,0.5,0.0,0.0,0.4375,0.0,0.0,0.0,0.0625,0.0,0.0,0.0,0.0,0.0
Mo50-V50,B2_TERN_SOL_103_Ru_Zr75_Ta25,0.05721252114682683,3.06403346,3.244496924,-0.863325979,6.125,0.0831528643327091,1.7854,0.4177664898002233,-14.64,Mo50-V50,0.5,0.0,0.5,0.0,B2_TERN_SOL_103_Ru_Zr75_Ta25,0.5,0.0,0.0,0.375,0.0,0.0,0.0,0.125,0.0,0.0,0.0,0.0,0.0
Mo50-V50,B2_TERN_SOL_104_Ru_Zr87_W12,-0.17171469841855,3.06403346,2.579495061,-0.814514579,6.125,0.0870934949098326,1.8268,0.4419205358432667,-16.56,Mo50-V50,0.5,0.0,0.5,0.0,B2_TERN_SOL_104_Ru_Zr87_W12,0.5,0.0,0.0,0.4375,0.0,0.0,0.0,0.0,0.0625,0.0,0.0,0.0,0.0
Mo50-V50,B2_TERN_SOL_105_Ru_Zr75_W25,0.05256042667637645,3.06403346,3.229426942,-0.661370427,6.25,0.084783177312234,1.8886,0.4401409319752027,-15.12,Mo50-V50,0.5,0.0,0.5,0.0,B2_TERN_SOL_105_Ru_Zr75_W25,0.5,0.0,0.0,0.375,0.0,0.0,0.0,0.0,0.125,0.0,0.0,0.0,0.0
Mo50-V50,B2_TERN_SOL_106_Ru_Zr87_V12,-0.17455838990775277,3.06403346,2.572114963,-0.856520623,6.0625,0.0887380403728719,1.783,0.4226594373724548,-16.08,Mo50-V50,0.5,0.0,0.5,0.0,B2_TERN_SOL_106_Ru_Zr87_V12,0.5,0.0,0.0,0.4375,0.0,0.0,0.0,0.0,0.0,0.0625,0.0,0.0,0.0
Mo50-V50,B2_TERN_SOL_107_Ru_Zr75_V25,0.04602550188447549,3.06403346,3.208378924,-0.759667971,6.125,0.0877123126458997,1.8010000000000002,0.4091564492953766,-14.16,Mo50-V50,0.5,0.0,0.5,0.0,B2_TERN_SOL_107_Ru_Zr75_V25,0.5,0.0,0.0,0.375,0.0,0.0,0.0,0.0,0.0,0.125,0.0,0.0,0.0
Mo50-V50,B2_PENALTY_108_Ru100Al0_Hf,0.5051886482605286,3.06403346,5.135083991,-1.187745448,6.0,0.0821917808219178,1.75,0.45,-15.0,Mo50-V50,0.5,0.0,0.5,0.0,B2_PENALTY_108_Ru100Al0_Hf,0.5,0.5,0.0,0.0,0.0,0.0,0.0,0.0,0.0,0.0,0.0,0.0,0.0
Mo50-V50,B2_PENALTY_109_Ru87Al12_Hf,-0.1719070333129833,3.06403346,2.578995294,-1.06443911,5.6875,0.0794670531912796,1.7146,0.4362027510229618,-15.312,Mo50-V50,0.5,0.0,0.5,0.0,B2_PENALTY_109_Ru87Al12_Hf,0.4375,0.5,0.0,0.0,0.0625,0.0,0.0,0.0,0.0,0.0,0.0,0.0,0.0
Mo50-V50,B2_PENALTY_110_Ru75Al25_Hf,0.06343614387008904,3.06403346,3.264770933,-0.95574225,5.375,0.0765104674756606,1.6792000000000002,0.4189741758151689,-15.048,Mo50-V50,0.5,0.0,0.5,0.0,B2_PENALTY_110_Ru75Al25_Hf,0.375,0.5,0.0,0.0,0.125,0.0,0.0,0.0,0.0,0.0,0.0,0.0,0.0
Mo50-V50,B2_PENALTY_111_Ru62Al37_Hf,-0.1623113948848793,3.06403346,2.60403723,-0.842813539,5.0625,0.072734714189907,1.6379,0.3939322149812072,-14.012,Mo50-V50,0.5,0.0,0.5,0.0,B2_PENALTY_111_Ru62Al37_Hf,0.3125,0.5,0.0,0.0,0.1875,0.0,0.0,0.0,0.0,0.0,0.0,0.0,0.0
Mo50-V50,B2_PENALTY_112_Ru50Al50_Hf,0.301706586756205,3.06403346,4.152701731,-0.729649314,4.75,0.0691810843061248,1.6025,0.3674489760497368,-12.5,Mo50-V50,0.5,0.0,0.5,0.0,B2_PENALTY_112_Ru50Al50_Hf,0.25,0.5,0.0,0.0,0.25,0.0,0.0,0.0,0.0,0.0,0.0,0.0,0.0
Mo50-V50,B2_PENALTY_113_Ru87Cr12_Hf,-0.1782734061634281,3.06403346,2.562502587,-1.035615577,5.875,0.0853931303142513,1.7176,0.4356446258132884,-12.672,Mo50-V50,0.5,0.0,0.5,0.0,B2_PENALTY_113_Ru87Cr12_Hf,0.4375,0.5,0.0,0.0,0.0,0.0,0.0,0.0,0.0,0.0,0.0625,0.0,0.0
Mo50-V50,B2_PENALTY_114_Ru75Cr25_Hf,0.05132118052634882,3.06403346,3.225424668,-0.878162691,5.75,0.0884389348964152,1.6852000000000005,0.4182976930369089,-10.488,Mo50-V50,0.5,0.0,0.5,0.0,B2_PENALTY_114_Ru75Cr25_Hf,0.375,0.5,0.0,0.0,0.0,0.0,0.0,0.0,0.0,0.0,0.125,0.0,0.0
Mo50-V50,B2_PENALTY_115_Ru62Cr37_Hf,-0.1805130653211678,3.06403346,2.556723432,-0.716377173,5.625,0.0918154837201231,1.6474000000000002,0.3937476857074846,-8.122,Mo50-V50,0.5,0.0,0.5,0.0,B2_PENALTY_115_Ru62Cr37_Hf,0.3125,0.5,0.0,0.0,0.0,0.0,0.0,0.0,0.0,0.0,0.1875,0.0,0.0
Mo50-V50,B2_PENALTY_116_Ru50Cr50_Hf,0.2780526433782736,3.06403346,4.053567315,-0.552796357,5.5,0.09457197487001,1.615,0.3683408747342603,-6.25,Mo50-V50,0.5,0.0,0.5,0.0,B2_PENALTY_116_Ru50Cr50_Hf,0.25,0.5,0.0,0.0,0.0,0.0,0.0,0.0,0.0,0.0,0.25,0.0,0.0
Mo50-V50,B2_PENALTY_117_Ru87Cu12_Hf,-0.17559167764318875,3.06403346,2.569438099,-1.045192975,6.1875,0.0853931303142513,1.7320000000000002,0.4374654272053965,-14.4672,Mo50-V50,0.5,0.0,0.5,0.0,B2_PENALTY_117_Ru87Cu12_Hf,0.4375,0.5,0.0,0.0,0.0,0.0,0.0,0.0,0.0,0.0,0.0,0.0625,0.0
Mo50-V50,B2_PENALTY_118_Ru75Cu25_Hf,0.05467310793894304,3.06403346,3.236261822,-0.923389889,6.375,0.0884389348964152,1.7140000000000002,0.4237971212738473,-13.5888,Mo50-V50,0.5,0.0,0.5,0.0,B2_PENALTY_118_Ru75Cu25_Hf,0.375,0.5,0.0,0.0,0.0,0.0,0.0,0.0,0.0,0.0,0.0,0.125,0.0
Mo50-V50,B2_PENALTY_119_Ru62Cu37_Hf,-0.17604097298368915,3.06403346,2.568274935,-0.799684359,6.5625,0.0918154837201231,1.693,0.4062646920420233,-12.1272,Mo50-V50,0.5,0.0,0.5,0.0,B2_PENALTY_119_Ru62Cu37_Hf,0.3125,0.5,0.0,0.0,0.0,0.0,0.0,0.0,0.0,0.0,0.0,0.1875,0.0
Mo50-V50,B2_PENALTY_120_Ru50Cu50_Hf,0.28362624725742447,3.06403346,4.076680397,-0.677358279,6.75,0.09457197487001,1.675,0.3897114317029974,-10.5,Mo50-V50,0.5,0.0,0.5,0.0,B2_PENALTY_120_Ru50Cu50_Hf,0.25,0.5,0.0,0.0,0.0,0.0,0.0,0.0,0.0,0.0,0.0,0.25,0.0
Mo50-V50,B2_PENALTY_121_Ru87Si12_Hf,-0.17377037068898843,3.06403346,2.574158138,-1.089550642,5.75,0.0937602843775687,1.7320000000000002,0.4374654272053965,-12.3552,Mo50-V50,0.5,0.0,0.5,0.0,B2_PENALTY_121_Ru87Si12_Hf,0.4375,0.5,0.0,0.0,0.0,0.0,0.0,0.0,0.0,0.0,0.0,0.0,0.0625
Mo50-V50,B2_PENALTY_122_Ru75Si25_Hf,0.05841759984708835,3.06403346,3.248412429,-1.009713639,5.5,0.1038426921242283,1.7140000000000002,0.4237971212738473,-9.9408,Mo50-V50,0.5,0.0,0.5,0.0,B2_PENALTY_122_Ru75Si25_Hf,0.375,0.5,0.0,0.0,0.0,0.0,0.0,0.0,0.0,0.0,0.0,0.0,0.125
Mo50-V50,B2_PENALTY_123_Ru62Si37_Hf,-0.1703179248568009,3.06403346,2.583127124,-0.920694427,5.25,0.1142356063938751,1.693,0.4062646920420233,-7.4152,Mo50-V50,0.5,0.0,0.5,0.0,B2_PENALTY_123_Ru62Si37_Hf,0.3125,0.5,0.0,0.0,0.0,0.0,0.0,0.0,0.0,0.0,0.0,0.0,0.1875
Mo50-V50,B2_PENALTY_124_Ru50Si50_Hf,0.29109924972961065,3.06403346,4.107906653,-0.838327211,5.0,0.1222287117389678,1.6750000000000005,0.3897114317029974,-5.5,Mo50-V50,0.5,0.0,0.5,0.0,B2_PENALTY_124_Ru50Si50_Hf,0.25,0.5,0.0,0.0,0.0,0.0,0.0,0.0,0.0,0.0,0.0,0.0,0.25
Mo50-V50,B2_PENALTY_125_Ru100Al0_Ti,0.45752126452612607,3.06403346,4.881705796,-1.057956866,6.0,0.0462633451957295,1.87,0.33,-10.0,Mo50-V50,0.5,0.0,0.5,0.0,B2_PENALTY_125_Ru100Al0_Ti,0.5,0.0,0.5,0.0,0.0,0.0,0.0,0.0,0.0,0.0,0.0,0.0,0.0
Mo50-V50,B2_PENALTY_126_Ru87Al12_Ti,-0.22255360685902495,3.06403346,2.450404438,-0.970267174,5.6875,0.0447291357659921,1.8346,0.3242974560492266,-10.912,Mo50-V50,0.5,0.0,0.5,0.0,B2_PENALTY_126_Ru87Al12_Ti,0.4375,0.0,0.5,0.0,0.0625,0.0,0.0,0.0,0.0,0.0,0.0,0.0,0.0
Mo50-V50,B2_PENALTY_127_Ru75Al25_Ti,0.01157151825809489,3.06403346,3.09969531,-0.88819063,5.375,0.0428259601061415,1.7992,0.3145335594177512,-11.248,Mo50-V50,0.5,0.0,0.5,0.0,B2_PENALTY_127_Ru75Al25_Ti,0.375,0.0,0.5,0.0,0.125,0.0,0.0,0.0,0.0,0.0,0.0,0.0,0.0
Mo50-V50,B2_PENALTY_128_Ru62Al37_Ti,-0.21413363780383043,3.06403346,2.471374896,-0.804440265,5.0625,0.0400790404298587,1.7579,0.2974669561480737,-10.912,Mo50-V50,0.5,0.0,0.5,0.0,B2_PENALTY_128_Ru62Al37_Ti,0.3125,0.0,0.5,0.0,0.1875,0.0,0.0,0.0,0.0,0.0,0.0,0.0,0.0
Mo50-V50,B2_PENALTY_129_Ru50Al50_Ti,0.25002040643683504,3.06403346,3.939553259,-0.713701673,4.75,0.0371922251866817,1.7225,0.2771619562638422,-10.0,Mo50-V50,0.5,0.0,0.5,0.0,B2_PENALTY_129_Ru50Al50_Ti,0.25,0.0,0.5,0.0,0.25,0.0,0.0,0.0,0.0,0.0,0.0,0.0,0.0
Mo50-V50,B2_PENALTY_130_Ru87Cr12_Ti,-0.22902368927582645,3.06403346,2.434397938,-0.94270459,5.875,0.0499298619726951,1.8376,0.3224317602222213,-8.272,Mo50-V50,0.5,0.0,0.5,0.0,B2_PENALTY_130_Ru87Cr12_Ti,0.4375,0.0,0.5,0.0,0.0,0.0,0.0,0.0,0.0,0.0,0.0625,0.0,0.0
Mo50-V50,B2_PENALTY_131_Ru75Cr25_Ti,-0.0008439022064748803,3.06403346,3.061448806,-0.80961964,5.75,0.0532543770850372,1.8052,0.3113277372801852,-6.688,Mo50-V50,0.5,0.0,0.5,0.0,B2_PENALTY_131_Ru75Cr25_Ti,0.375,0.0,0.5,0.0,0.0,0.0,0.0,0.0,0.0,0.0,0.125,0.0,0.0
Mo50-V50,B2_PENALTY_132_Ru62Cr37_Ti,-0.23305554258116357,3.06403346,2.424470344,-0.675679922,5.625,0.0567786551293567,1.7674,0.2933619607242902,-5.022,Mo50-V50,0.5,0.0,0.5,0.0,B2_PENALTY_132_Ru62Cr37_Ti,0.3125,0.0,0.5,0.0,0.0,0.0,0.0,0.0,0.0,0.0,0.1875,0.0,0.0
Mo50-V50,B2_PENALTY_133_Ru50Cr50_Ti,0.22470451425949595,3.06403346,3.839681408,-0.538077974,5.5,0.0595429689109598,1.735,0.2729010809799038,-3.75,Mo50-V50,0.5,0.0,0.5,0.0,B2_PENALTY_133_Ru50Cr50_Ti,0.25,0.0,0.5,0.0,0.0,0.0,0.0,0.0,0.0,0.0,0.25,0.0,0.0
Mo50-V50,B2_PENALTY_134_Ru87Cu12_Ti,-0.22623012450247648,3.06403346,2.441297595,-0.919729937,6.1875,0.0499298619726951,1.852,0.3195246469366644,-10.0672,Mo50-V50,0.5,0.0,0.5,0.0,B2_PENALTY_134_Ru87Cu12_Ti,0.4375,0.0,0.5,0.0,0.0,0.0,0.0,0.0,0.0,0.0,0.0,0.0625,0.0
Mo50-V50,B2_PENALTY_135_Ru75Cu25_Ti,0.003467033186802938,3.06403346,3.074675013,-0.801717189,6.375,0.0532543770850372,1.834,0.3076426498390625,-9.7888,Mo50-V50,0.5,0.0,0.5,0.0,B2_PENALTY_135_Ru75Cu25_Ti,0.375,0.0,0.5,0.0,0.0,0.0,0.0,0.0,0.0,0.0,0.0,0.125,0.0
Mo50-V50,B2_PENALTY_136_Ru62Cu37_Ti,-0.22668381852888855,3.06403346,2.440175866,-0.680640909,6.5625,0.0567786551293567,1.813,0.2917721713940519,-9.0272,Mo50-V50,0.5,0.0,0.5,0.0,B2_PENALTY_136_Ru62Cu37_Ti,0.3125,0.0,0.5,0.0,0.0,0.0,0.0,0.0,0.0,0.0,0.0,0.1875,0.0
Mo50-V50,B2_PENALTY_137_Ru50Cu50_Ti,0.2331658180233047,3.06403346,3.872743044,-0.557797759,6.75,0.0595429689109598,1.7950000000000002,0.2761792895928295,-8.0,Mo50-V50,0.5,0.0,0.5,0.0,B2_PENALTY_137_Ru50Cu50_Ti,0.25,0.0,0.5,0.0,0.0,0.0,0.0,0.0,0.0,0.0,0.0,0.25,0.0
Mo50-V50,B2_PENALTY_138_Ru87Si12_Ti,-0.2251989989792351,3.06403346,2.443848687,-0.989505902,5.75,0.0607546208741894,1.852,0.3195246469366644,-7.9552,Mo50-V50,0.5,0.0,0.5,0.0,B2_PENALTY_138_Ru87Si12_Ti,0.4375,0.0,0.5,0.0,0.0,0.0,0.0,0.0,0.0,0.0,0.0,0.0,0.0625
Mo50-V50,B2_PENALTY_139_Ru75Si25_Ti,0.005862835911999204,3.06403346,3.0820502,-0.93611645,5.5,0.0719655963958058,1.834,0.3076426498390625,-6.1408,Mo50-V50,0.5,0.0,0.5,0.0,B2_PENALTY_139_Ru75Si25_Ti,0.375,0.0,0.5,0.0,0.0,0.0,0.0,0.0,0.0,0.0,0.0,0.0,0.125
Mo50-V50,B2_PENALTY_140_Ru62Si37_Ti,-0.2233334224731064,3.06403346,2.448470295,-0.869757039,5.25,0.0826499299050591,1.813,0.2917721713940519,-4.3152,Mo50-V50,0.5,0.0,0.5,0.0,B2_PENALTY_140_Ru62Si37_Ti,0.3125,0.0,0.5,0.0,0.0,0.0,0.0,0.0,0.0,0.0,0.0,0.0,0.1875
Mo50-V50,B2_PENALTY_141_Ru50Si50_Ti,0.23765297103840488,3.06403346,3.890404933,-0.808674347,5.0,0.090393746324797,1.795,0.2761792895928295,-3.0,Mo50-V50,0.5,0.0,0.5,0.0,B2_PENALTY_141_Ru50Si50_Ti,0.25,0.0,0.5,0.0,0.0,0.0,0.0,0.0,0.0,0.0,0.0,0.0,0.25
Mo50-V50,B2_PENALTY_142_Ru100Al0_Zr,0.5159224273747208,3.06403346,5.194385147,-0.960777489,6.0,0.0884353741496598,1.765,0.435,-18.0,Mo50-V50,0.5,0.0,0.5,0.0,B2_PENALTY_142_Ru100Al0_Zr,0.5,0.0,0.0,0.5,0.0,0.0,0.0,0.0,0.0,0.0,0.0,0.0,0.0
Mo50-V50,B2_PENALTY_143_Ru87Al12_Zr,-0.16052119059937234,3.06403346,2.608733784,-0.873588029,5.6875,0.0856069896776228,1.7296,0.421971373436635,-17.951999999999998,Mo50-V50,0.5,0.0,0.5,0.0,B2_PENALTY_143_Ru87Al12_Zr,0.4375,0.0,0.0,0.5,0.0625,0.0,0.0,0.0,0.0,0.0,0.0,0.0,0.0
Mo50-V50,B2_PENALTY_144_Ru75Al25_Zr,0.0748786377736669,3.06403346,3.302387941,-0.797935587,5.375,0.0825630715605787,1.6942000000000002,0.4054483444287324,-17.328,Mo50-V50,0.5,0.0,0.5,0.0,B2_PENALTY_144_Ru75Al25_Zr,0.375,0.0,0.0,0.5,0.125,0.0,0.0,0.0,0.0,0.0,0.0,0.0,0.0
Mo50-V50,B2_PENALTY_145_Ru62Al37_Zr,-0.15100467583821436,3.06403346,2.633831346,-0.726652657,5.0625,0.0787099182537501,1.6529,0.381143791763686,-15.872,Mo50-V50,0.5,0.0,0.5,0.0,B2_PENALTY_145_Ru62Al37_Zr,0.3125,0.0,0.0,0.5,0.1875,0.0,0.0,0.0,0.0,0.0,0.0,0.0,0.0
Mo50-V50,B2_PENALTY_146_Ru50Al50_Zr,0.3126005574140377,3.06403346,4.199293486,-0.654418284,4.75,0.0751158704347694,1.6175000000000002,0.3552024070864386,-14.0,Mo50-V50,0.5,0.0,0.5,0.0,B2_PENALTY_146_Ru50Al50_Zr,0.25,0.0,0.0,0.5,0.25,0.0,0.0,0.0,0.0,0.0,0.0,0.0,0.0
Mo50-V50,B2_PENALTY_147_Ru87Cr12_Zr,-0.16684465644326868,3.06403346,2.592179044,-0.824075051,5.875,0.0915913075118357,1.7326,0.4212875977286776,-15.312,Mo50-V50,0.5,0.0,0.5,0.0,B2_PENALTY_147_Ru87Cr12_Zr,0.4375,0.0,0.0,0.5,0.0,0.0,0.0,0.0,0.0,0.0,0.0625,0.0,0.0
Mo50-V50,B2_PENALTY_148_Ru75Cr25_Zr,0.06258962365532156,3.06403346,3.262005664,-0.675888976,5.75,0.0946071432924222,1.7002000000000002,0.4045268347093924,-12.768,Mo50-V50,0.5,0.0,0.5,0.0,B2_PENALTY_148_Ru75Cr25_Zr,0.375,0.0,0.0,0.5,0.0,0.0,0.0,0.0,0.0,0.0,0.125,0.0,0.0
Mo50-V50,B2_PENALTY_149_Ru62Cr37_Zr,-0.16940605994743627,3.06403346,2.585500791,-0.525764636,5.625,0.097964971374696,1.6624,0.3805788223219995,-9.982,Mo50-V50,0.5,0.0,0.5,0.0,B2_PENALTY_149_Ru62Cr37_Zr,0.3125,0.0,0.0,0.5,0.0,0.0,0.0,0.0,0.0,0.0,0.1875,0.0,0.0
Mo50-V50,B2_PENALTY_150_Ru50Cr50_Zr,0.28881263552418224,3.06403346,4.09832298,-0.377855166,5.5,0.100717188245724,1.63,0.355598087733891,-7.75,Mo50-V50,0.5,0.0,0.5,0.0,B2_PENALTY_150_Ru50Cr50_Zr,0.25,0.0,0.0,0.5,0.0,0.0,0.0,0.0,0.0,0.0,0.25,0.0,0.0
Mo50-V50,B2_PENALTY_151_Ru87Cu12_Zr,-0.1643799160032471,3.06403346,2.598620194,-0.842497728,6.1875,0.0915913075118357,1.747,0.4226594373724548,-17.1072,Mo50-V50,0.5,0.0,0.5,0.0,B2_PENALTY_151_Ru87Cu12_Zr,0.4375,0.0,0.0,0.5,0.0,0.0,0.0,0.0,0.0,0.0,0.0,0.0625,0.0
Mo50-V50,B2_PENALTY_152_Ru75Cu25_Zr,0.0659721999312145,3.06403346,3.273069781,-0.744916574,6.375,0.0946071432924222,1.729,0.4091564492953766,-15.8688,Mo50-V50,0.5,0.0,0.5,0.0,B2_PENALTY_152_Ru75Cu25_Zr,0.375,0.0,0.0,0.5,0.0,0.0,0.0,0.0,0.0,0.0,0.0,0.125,0.0
Mo50-V50,B2_PENALTY_153_Ru62Cu37_Zr,-0.16475102702612773,3.06403346,2.597649425,-0.643740809,6.5625,0.097964971374696,1.708,0.3917728933961614,-13.9872,Mo50-V50,0.5,0.0,0.5,0.0,B2_PENALTY_153_Ru62Cu37_Zr,0.3125,0.0,0.0,0.5,0.0,0.0,0.0,0.0,0.0,0.0,0.0,0.1875,0.0
Mo50-V50,B2_PENALTY_154_Ru50Cu50_Zr,0.2950012084186087,3.06403346,4.124319928,-0.545283305,6.75,0.100717188245724,1.6900000000000002,0.3752998800959041,-12.0,Mo50-V50,0.5,0.0,0.5,0.0,B2_PENALTY_154_Ru50Cu50_Zr,0.25,0.0,0.0,0.5,0.0,0.0,0.0,0.0,0.0,0.0,0.0,0.25,0.0
Mo50-V50,B2_PENALTY_155_Ru87Si12_Zr,-0.16252097748598798,3.06403346,2.603487904,-0.898605077,5.75,0.0996987498196708,1.747,0.4226594373724548,-14.9952,Mo50-V50,0.5,0.0,0.5,0.0,B2_PENALTY_155_Ru87Si12_Zr,0.4375,0.0,0.0,0.5,0.0,0.0,0.0,0.0,0.0,0.0,0.0,0.0,0.0625
Mo50-V50,B2_PENALTY_156_Ru75Si25_Zr,0.06973474891384754,3.06403346,3.285422312,-0.857108746,5.5,0.1096308366502065,1.729,0.4091564492953766,-12.2208,Mo50-V50,0.5,0.0,0.5,0.0,B2_PENALTY_156_Ru75Si25_Zr,0.375,0.0,0.0,0.5,0.0,0.0,0.0,0.0,0.0,0.0,0.0,0.0,0.125
Mo50-V50,B2_PENALTY_157_Ru62Si37_Zr,-0.15929001972033935,3.06403346,2.611968248,-0.806319256,5.25,0.1199620550667942,1.708,0.3917728933961614,-9.2752,Mo50-V50,0.5,0.0,0.5,0.0,B2_PENALTY_157_Ru62Si37_Zr,0.3125,0.0,0.0,0.5,0.0,0.0,0.0,0.0,0.0,0.0,0.0,0.0,0.1875
Mo50-V50,B2_PENALTY_158_Ru50Si50_Zr,0.30117343695507026,3.06403346,4.150436873,-0.770078956,5.0,0.127965781170799,1.69,0.3752998800959041,-7.0,Mo50-V50,0.5,0.0,0.5,0.0,B2_PENALTY_158_Ru50Si50_Zr,0.25,0.0,0.0,0.5,0.0,0.0,0.0,0.0,0.0,0.0,0.0,0.0,0.25
Mo50-V50,B2_MULTI_159_A_Ru87_Al12_B_HfTi,-0.19548997314556718,3.06403346,2.518380484,-0.993246203,5.6875,0.0678797217863284,1.7746000000000002,0.3889997943444186,-13.112,Mo50-V50,0.5,0.0,0.5,0.0,B2_MULTI_159_A_Ru87_Al12_B_HfTi,0.4375,0.25,0.25,0.0,0.0625,0.0,0.0,0.0,0.0,0.0,0.0,0.0,0.0
Mo50-V50,B2_MULTI_160_A_Ru75_Al25_B_HfTi,0.0391693960622113,3.06403346,3.186447237,-0.900034303,5.375,0.0654597746128897,1.7392,0.3752803751863399,-13.148,Mo50-V50,0.5,0.0,0.5,0.0,B2_MULTI_160_A_Ru75_Al25_B_HfTi,0.375,0.25,0.25,0.0,0.125,0.0,0.0,0.0,0.0,0.0,0.0,0.0,0.0
Mo50-V50,B2_MULTI_161_A_Ru87_Al12_B_HfZr,-0.16615350173963556,3.06403346,2.593983772,-0.966894404,5.6875,0.0826853853075511,1.7221000000000002,0.4292115911761937,-16.631999999999998,Mo50-V50,0.5,0.0,0.5,0.0,B2_MULTI_161_A_Ru87_Al12_B_HfZr,0.4375,0.25,0.0,0.25,0.0625,0.0,0.0,0.0,0.0,0.0,0.0,0.0,0.0
Mo50-V50,B2_MULTI_162_A_Ru75_Al25_B_HfZr,0.06924704969752604,3.06403346,3.283818469,-0.87583034,5.375,0.0796873228030491,1.6867,0.4123349487976978,-16.188,Mo50-V50,0.5,0.0,0.5,0.0,B2_MULTI_162_A_Ru75_Al25_B_HfZr,0.375,0.25,0.0,0.25,0.125,0.0,0.0,0.0,0.0,0.0,0.0,0.0,0.0
Mo50-V50,B2_MULTI_163_A_Ru87_Al12_B_HfAl,-0.20460737421475544,3.06403346,2.495293785,-4.954411074,2.8125,0.0553065594713224,1.8678,0.3451393341825878,-18.8,Mo50-V50,0.5,0.0,0.5,0.0,B2_MULTI_163_A_Ru87_Al12_B_HfAl,0.25,0.0625,0.0,0.0,0.1875,0.0,0.0,0.0,0.0,0.0,0.0,0.0,0.0
Mo50-V50,B2_MULTI_163_A_Ru87_Al13_B_HfAl,-0.2047409326437966,3.06403346,2.494957013,-1.044063929,5.4375,0.0671169315930914,1.7921,0.3795109879832204,-17.512,Mo50-V50,0.5,0.0,0.5,0.0,B2_MULTI_163_A_Ru87_Al13_B_HfAl,0.4375,0.25,0.0,0.0,0.3125,0.0,0.0,0.0,0.0,0.0,0.0,0.0,0.0
Mo50-V50,B2_MULTI_164_A_Ru75_Al25_B_HfAl,0.031107927558206336,3.06403346,3.160855152,-0.932800309,5.125,0.0647257979106258,1.7552475247524757,0.3655934929642944,-16.912067444368198,Mo50-V50,0.5,0.0,0.5,0.0,B2_MULTI_164_A_Ru75_Al25_B_HfAl,0.375,0.25,0.0,0.0,0.375,0.0,0.0,0.0,0.0,0.0,0.0,0.0,0.0
Mo50-V50,B2_MULTI_165_A_Ru87_Al12_B_TiZr,-0.18949451721742033,3.06403346,2.533666714,-0.881935538,5.6875,0.0727621617453034,1.7821000000000002,0.3799613006610016,-14.432,Mo50-V50,0.5,0.0,0.5,0.0,B2_MULTI_165_A_Ru87_Al12_B_TiZr,0.4375,0.0,0.25,0.25,0.0625,0.0,0.0,0.0,0.0,0.0,0.0,0.0,0.0
Mo50-V50,B2_MULTI_166_A_Ru75_Al25_B_TiZr,0.04539690084929875,3.06403346,3.206361714,-0.808063227,5.375,0.0703058182976203,1.7467,0.3666280267519111,-14.288,Mo50-V50,0.5,0.0,0.5,0.0,B2_MULTI_166_A_Ru75_Al25_B_TiZr,0.375,0.0,0.25,0.25,0.125,0.0,0.0,0.0,0.0,0.0,0.0,0.0,0.0
Mo50-V50,B2_MULTI_167_A_Ru87_Al12_B_TiAl,-0.23301405822521445,3.06403346,2.424572308,-5.952786629,1.5,0.0273038199437399,1.694324324324325,0.2239032192052839,-9.817384952520088,Mo50-V50,0.5,0.0,0.5,0.0,B2_MULTI_167_A_Ru87_Al12_B_TiAl,0.0625,0.0,0.0625,0.0,0.25,0.0,0.0,0.0,0.0,0.0,0.0,0.0,0.0
Mo50-V50,B2_MULTI_167_A_Ru87_Al13_B_TiAl,-0.23305562395327173,3.06403346,2.424470144,-1.021190861,5.4375,0.0396803315535911,1.8521,0.309477931361834,-15.312,Mo50-V50,0.5,0.0,0.5,0.0,B2_MULTI_167_A_Ru87_Al13_B_TiAl,0.4375,0.0,0.25,0.0,0.3125,0.0,0.0,0.0,0.0,0.0,0.0,0.0,0.0
Mo50-V50,B2_MULTI_168_A_Ru75_Al25_B_TiAl,0.002239124813416592,3.06403346,3.070901903,-0.941385339,5.125,0.0380980563492807,1.814653465346535,0.3004965012116891,-15.049504950495049,Mo50-V50,0.5,0.0,0.5,0.0,B2_MULTI_168_A_Ru75_Al25_B_TiAl,0.375,0.0,0.25,0.0,0.375,0.0,0.0,0.0,0.0,0.0,0.0,0.0,0.0
Mo50-V50,B2_MULTI_169_A_Ru87_Al12_B_ZrAl,-0.19783091904228436,3.06403346,2.512434563,-3.978965604,3.1875,0.0773292902137734,1.9146938775510205,0.3828683476015858,-17.35276967930029,Mo50-V50,0.5,0.0,0.5,0.0,B2_MULTI_169_A_Ru87_Al12_B_ZrAl,0.3125,0.0,0.0,0.125,0.0625,0.0,0.0,0.0,0.0,0.0,0.0,0.0,0.0
Mo50-V50,B2_MULTI_169_A_Ru87_Al13_B_ZrAl,-0.19783127375572268,3.06403346,2.512433663,-0.95203949,5.4375,0.0724611766706071,1.7996,0.3698862527859072,-18.832,Mo50-V50,0.5,0.0,0.5,0.0,B2_MULTI_169_A_Ru87_Al13_B_ZrAl,0.4375,0.0,0.0,0.25,0.3125,0.0,0.0,0.0,0.0,0.0,0.0,0.0,0.0
Mo50-V50,B2_MULTI_170_A_Ru75_Al25_B_ZrAl,0.03718103374016682,3.06403346,3.180115415,-0.885427863,5.125,0.0699929276125827,1.762673267326733,0.356461962724668,-18.02960494069209,Mo50-V50,0.5,0.0,0.5,0.0,B2_MULTI_170_A_Ru75_Al25_B_ZrAl,0.375,0.0,0.0,0.25,0.375,0.0,0.0,0.0,0.0,0.0,0.0,0.0,0.0
Mo75-Ta25,B2_014_RuHf,-0.21357850413954138,3.18583421,2.571059804,-1.190557465,6.0,0.0821917808219178,1.75,0.45,-15.0,Mo75-Ta25,0.75,0.25,0.0,0.0,B2_014_RuHf,0.5,0.5,0.0,0.0,0.0,0.0,0.0,0.0,0.0,0.0,0.0,0.0,0.0
Mo75-Ta25,B2_015_RuTi,-0.26524189662462233,3.18583421,2.43976227,-1.048598035,6.0,0.0462633451957295,1.87,0.33,-10.0,Mo75-Ta25,0.75,0.25,0.0,0.0,B2_015_RuTi,0.5,0.0,0.5,0.0,0.0,0.0,0.0,0.0,0.0,0.0,0.0,0.0,0.0
Mo75-Ta25,B2_016_RuZr,-0.20451778226667752,3.18583421,2.59472104,-0.959079125,6.0,0.0884353741496598,1.765,0.435,-18.0,Mo75-Ta25,0.75,0.25,0.0,0.0,B2_016_RuZr,0.5,0.0,0.0,0.5,0.0,0.0,0.0,0.0,0.0,0.0,0.0,0.0,0.0
Mo75-Ta25,B2_017_RuAl,-0.2860827123122436,3.18583421,2.388477153,-1.00191235,5.5,0.0324909747292418,1.905,0.295,-20.0,Mo75-Ta25,0.75,0.25,0.0,0.0,B2_017_RuAl,0.5,0.0,0.0,0.0,0.5,0.0,0.0,0.0,0.0,0.0,0.0,0.0,0.0
Mo75-Ta25,MATRIX_BIN_018_Nb12_Mo87,-0.23477670874189507,3.18583421,2.516452193,-0.074598622,5.875,0.0162666672861703,2.0928,0.1819784602638455,-0.8448,Mo75-Ta25,0.75,0.25,0.0,0.0,MATRIX_BIN_018_Nb12_Mo87,0.0,0.0,0.0,0.0,0.0,0.875,0.125,0.0,0.0,0.0,0.0,0.0,0.0
Mo75-Ta25,MATRIX_BIN_019_Nb25_Mo75,0.0008261799247974224,3.18583421,3.18846737,-0.093096702,5.75,0.0215352675896663,2.02,0.2424871130596428,-1.5,Mo75-Ta25,0.75,0.25,0.0,0.0,MATRIX_BIN_019_Nb25_Mo75,0.0,0.0,0.0,0.0,0.0,0.75,0.25,0.0,0.0,0.0,0.0,0.0,0.0
Mo75-Ta25,MATRIX_BIN_020_Nb50_Mo50,0.243314716672485,3.18583421,4.068360358,-0.068167471,5.5,0.0245614035087719,1.88,0.28,-2.0,Mo75-Ta25,0.75,0.25,0.0,0.0,MATRIX_BIN_020_Nb50_Mo50,0.0,0.0,0.0,0.0,0.0,0.5,0.5,0.0,0.0,0.0,0.0,0.0,0.0
Mo75-Ta25,MATRIX_BIN_021_Nb75_Mo25,0.027995966969467344,3.18583421,3.276290931,-0.003897255,5.25,0.0210127480987559,1.7400000000000002,0.2424871130596428,-1.5,Mo75-Ta25,0.75,0.25,0.0,0.0,MATRIX_BIN_021_Nb75_Mo25,0.0,0.0,0.0,0.0,0.0,0.25,0.75,0.0,0.0,0.0,0.0,0.0,0.0
Mo75-Ta25,MATRIX_BIN_022_Nb87_Mo12,-0.1953539482441296,3.18583421,2.618850201,0.026755452,5.125,0.0156705067050018,1.6672000000000002,0.1819784602638455,-0.8448,Mo75-Ta25,0.75,0.25,0.0,0.0,MATRIX_BIN_022_Nb87_Mo12,0.0,0.0,0.0,0.0,0.0,0.125,0.875,0.0,0.0,0.0,0.0,0.0,0.0
Mo75-Ta25,MATRIX_BIN_023_Nb12_Ta87,-0.1914692914817733,3.18583421,2.629139739,0.01664066,5.0,0.0,1.512,0.0324961536185438,-0.4224,Mo75-Ta25,0.75,0.25,0.0,0.0,MATRIX_BIN_023_Nb12_Ta87,0.0,0.0,0.0,0.0,0.0,0.0,0.125,0.875,0.0,0.0,0.0,0.0,0.0
Mo75-Ta25,MATRIX_BIN_024_Nb25_Ta75,0.039635458510613605,3.18583421,3.314659229,0.02257152,5.0,0.0,1.525,0.0433012701892219,-0.75,Mo75-Ta25,0.75,0.25,0.0,0.0,MATRIX_BIN_024_Nb25_Ta75,0.0,0.0,0.0,0.0,0.0,0.0,0.25,0.75,0.0,0.0,0.0,0.0,0.0
Mo75-Ta25,MATRIX_BIN_025_Nb50_Ta50,0.27029897207632947,3.18583421,4.181529649,0.032388069,5.0,0.0,1.55,0.05,-1.0,Mo75-Ta25,0.75,0.25,0.0,0.0,MATRIX_BIN_025_Nb50_Ta50,0.0,0.0,0.0,0.0,0.0,0.0,0.5,0.5,0.0,0.0,0.0,0.0,0.0
Mo75-Ta25,MATRIX_BIN_026_Nb75_Ta25,0.041931831547540016,3.18583421,3.322282844,0.043369138,5.0,0.0,1.5750000000000002,0.0433012701892219,-0.75,Mo75-Ta25,0.75,0.25,0.0,0.0,MATRIX_BIN_026_Nb75_Ta25,0.0,0.0,0.0,0.0,0.0,0.0,0.75,0.25,0.0,0.0,0.0,0.0,0.0
Mo75-Ta25,MATRIX_BIN_027_Nb87_Ta12,-0.1881025147417604,3.18583421,2.638087089,0.04776952,5.0,0.0,1.588,0.0324961536185438,-0.4224,Mo75-Ta25,0.75,0.25,0.0,0.0,MATRIX_BIN_027_Nb87_Ta12,0.0,0.0,0.0,0.0,0.0,0.0,0.875,0.125,0.0,0.0,0.0,0.0,0.0
Mo75-Ta25,MATRIX_BIN_028_Nb12_W87,-0.22946574178865806,3.18583421,2.53003601,-0.064576028,5.875,0.0162666672861703,2.2688,0.2469707675009331,-0.8448,Mo75-Ta25,0.75,0.25,0.0,0.0,MATRIX_BIN_028_Nb12_W87,0.0,0.0,0.0,0.0,0.0,0.0,0.125,0.0,0.875,0.0,0.0,0.0,0.0
Mo75-Ta25,MATRIX_BIN_029_Nb25_W75,0.00509089756860797,3.18583421,3.202094355,-0.067975525,5.75,0.0215352675896663,2.17,0.3290896534380866,-1.5,Mo75-Ta25,0.75,0.25,0.0,0.0,MATRIX_BIN_029_Nb25_W75,0.0,0.0,0.0,0.0,0.0,0.0,0.25,0.0,0.75,0.0,0.0,0.0,0.0
Mo75-Ta25,MATRIX_BIN_030_Nb50_W50,0.2454207551339609,3.18583421,4.077067638,-0.024208031,5.5,0.0245614035087719,1.98,0.3799999999999999,-2.0,Mo75-Ta25,0.75,0.25,0.0,0.0,MATRIX_BIN_030_Nb50_W50,0.0,0.0,0.0,0.0,0.0,0.0,0.5,0.0,0.5,0.0,0.0,0.0,0.0
Mo75-Ta25,MATRIX_BIN_031_Nb75_W25,0.028562600555124183,3.18583421,3.278148285,0.026336168,5.25,0.0210127480987559,1.79,0.3290896534380866,-1.5,Mo75-Ta25,0.75,0.25,0.0,0.0,MATRIX_BIN_031_Nb75_W25,0.0,0.0,0.0,0.0,0.0,0.0,0.75,0.0,0.25,0.0,0.0,0.0,0.0
Mo75-Ta25,MATRIX_BIN_032_Nb87_W12,-0.1949055025906057,3.18583421,2.620036168,0.042204846,5.125,0.0156705067050018,1.6912,0.2469707675009331,-0.8448,Mo75-Ta25,0.75,0.25,0.0,0.0,MATRIX_BIN_032_Nb87_W12,0.0,0.0,0.0,0.0,0.0,0.0,0.875,0.0,0.125,0.0,0.0,0.0,0.0
Mo75-Ta25,MATRIX_BIN_033_Nb12_V87,-0.2786542137498337,3.18583421,2.406649618,0.08248568,5.0,0.0287916304948704,1.6263999999999998,0.009748846085563,-0.4224,Mo75-Ta25,0.75,0.25,0.0,0.0,MATRIX_BIN_033_Nb12_V87,0.0,0.0,0.0,0.0,0.0,0.0,0.125,0.0,0.0,0.875,0.0,0.0,0.0
Mo75-Ta25,MATRIX_BIN_034_Nb25_V75,-0.033523786682573845,3.18583421,3.080793662,0.119704924,5.0,0.0379281198737709,1.6225,0.0129903810567664,-0.75,Mo75-Ta25,0.75,0.25,0.0,0.0,MATRIX_BIN_034_Nb25_V75,0.0,0.0,0.0,0.0,0.0,0.0,0.25,0.0,0.0,0.75,0.0,0.0,0.0
Mo75-Ta25,MATRIX_BIN_035_Nb50_V50,0.22603205196880025,3.18583421,3.997687259,0.146260085,5.0,0.0428571428571428,1.615,0.0149999999999999,-1.0,Mo75-Ta25,0.75,0.25,0.0,0.0,MATRIX_BIN_035_Nb50_V50,0.0,0.0,0.0,0.0,0.0,0.0,0.5,0.0,0.0,0.5,0.0,0.0,0.0
Mo75-Ta25,MATRIX_BIN_036_Nb75_V25,0.020717264116804086,3.18583421,3.252526823,0.114812331,5.0,0.0363367302287176,1.6075000000000002,0.0129903810567664,-0.75,Mo75-Ta25,0.75,0.25,0.0,0.0,MATRIX_BIN_036_Nb75_V25,0.0,0.0,0.0,0.0,0.0,0.0,0.75,0.0,0.0,0.25,0.0,0.0,0.0
Mo75-Ta25,MATRIX_BIN_037_Nb87_V12,-0.1986340647730219,3.18583421,2.61019026,0.086073827,5.0,0.0269752243651442,1.6036,0.009748846085563,-0.4224,Mo75-Ta25,0.75,0.25,0.0,0.0,MATRIX_BIN_037_Nb87_V12,0.0,0.0,0.0,0.0,0.0,0.0,0.875,0.0,0.0,0.125,0.0,0.0,0.0
Mo75-Ta25,MATRIX_BIN_038_Mo12_Ta87,-0.19891848358643754,3.18583421,2.609440574,-0.021898875,5.125,0.0156705067050018,1.5792000000000002,0.2144746138823893,-0.8448,Mo75-Ta25,0.75,0.25,0.0,0.0,MATRIX_BIN_038_Mo12_Ta87,0.0,0.0,0.0,0.0,0.0,0.125,0.0,0.875,0.0,0.0,0.0,0.0,0.0
Mo75-Ta25,MATRIX_BIN_039_Mo25_Ta75,0.024546646121039736,3.18583421,3.265007474,-0.045341345,5.25,0.0210127480987559,1.665,0.2857883832488648,-1.5,Mo75-Ta25,0.75,0.25,0.0,0.0,MATRIX_BIN_039_Mo25_Ta75,0.0,0.0,0.0,0.0,0.0,0.25,0.0,0.75,0.0,0.0,0.0,0.0,0.0
Mo75-Ta25,MATRIX_BIN_040_Mo50_Ta50,0.2404650326641853,3.18583421,4.056611707,-0.115010835,5.5,0.0245614035087719,1.83,0.33,-2.0,Mo75-Ta25,0.75,0.25,0.0,0.0,MATRIX_BIN_040_Mo50_Ta50,0.0,0.0,0.0,0.0,0.0,0.5,0.0,0.5,0.0,0.0,0.0,0.0,0.0
Mo75-Ta25,MATRIX_BIN_041_Mo75_Ta25,-0.0006909201811059137,3.18583421,3.183633813,-0.13445637,5.75,0.0215352675896663,1.995,0.2857883832488648,-1.5,Mo75-Ta25,0.75,0.25,0.0,0.0,MATRIX_BIN_041_Mo75_Ta25,0.0,0.0,0.0,0.0,0.0,0.75,0.0,0.25,0.0,0.0,0.0,0.0,0.0
Mo75-Ta25,MATRIX_BIN_042_Mo87_Ta12,-0.23555107775636056,3.18583421,2.514476987,-0.10635318,5.875,0.0162666672861703,2.0808,0.2144746138823893,-0.8448,Mo75-Ta25,0.75,0.25,0.0,0.0,MATRIX_BIN_042_Mo87_Ta12,0.0,0.0,0.0,0.0,0.0,0.875,0.0,0.125,0.0,0.0,0.0,0.0,0.0
Mo75-Ta25,MATRIX_BIN_043_Mo12_W87,-0.23516880280556118,3.18583421,2.515451896,-0.03228228,6.0,0.0,2.336,0.0649923072370876,-0.4224,Mo75-Ta25,0.75,0.25,0.0,0.0,MATRIX_BIN_043_Mo12_W87,0.0,0.0,0.0,0.0,0.0,0.125,0.0,0.0,0.875,0.0,0.0,0.0,0.0
Mo75-Ta25,MATRIX_BIN_044_Mo25_W75,-0.005947611413347029,3.18583421,3.166942287,-0.031021756,6.0,0.0,2.31,0.0866025403784437,-0.75,Mo75-Ta25,0.75,0.25,0.0,0.0,MATRIX_BIN_044_Mo25_W75,0.0,0.0,0.0,0.0,0.0,0.25,0.0,0.0,0.75,0.0,0.0,0.0,0.0
Mo75-Ta25,MATRIX_BIN_045_Mo50_W50,0.22269553632418718,3.18583421,3.984201707,-0.031400886,6.0,0.0,2.26,0.0999999999999998,-1.0,Mo75-Ta25,0.75,0.25,0.0,0.0,MATRIX_BIN_045_Mo50_W50,0.0,0.0,0.0,0.0,0.0,0.5,0.0,0.0,0.5,0.0,0.0,0.0,0.0
Mo75-Ta25,MATRIX_BIN_046_Mo75_W25,-0.008910654596255273,3.18583421,3.157572258,-0.029765179,6.0,0.0,2.21,0.0866025403784437,-0.75,Mo75-Ta25,0.75,0.25,0.0,0.0,MATRIX_BIN_046_Mo75_W25,0.0,0.0,0.0,0.0,0.0,0.75,0.0,0.0,0.25,0.0,0.0,0.0,0.0
Mo75-Ta25,MATRIX_BIN_047_Mo87_W12,-0.23967084523089516,3.18583421,2.503991537,-0.029998622,6.0,0.0,2.184,0.0649923072370876,-0.4224,Mo75-Ta25,0.75,0.25,0.0,0.0,MATRIX_BIN_047_Mo87_W12,0.0,0.0,0.0,0.0,0.0,0.875,0.0,0.0,0.125,0.0,0.0,0.0,0.0
Mo75-Ta25,MATRIX_BIN_048_Mo12_V87,-0.28831940768620906,3.18583421,2.383028597,-0.006338223,5.125,0.0120713795016878,1.6936,0.1722296141782824,-0.4224,Mo75-Ta25,0.75,0.25,0.0,0.0,MATRIX_BIN_048_Mo12_V87,0.0,0.0,0.0,0.0,0.0,0.125,0.0,0.0,0.0,0.875,0.0,0.0,0.0
Mo75-Ta25,MATRIX_BIN_049_Mo25_V75,-0.052402108076051536,3.18583421,3.023152221,-0.037424369,5.25,0.0160078632862187,1.7625,0.2294967320028763,-0.75,Mo75-Ta25,0.75,0.25,0.0,0.0,MATRIX_BIN_049_Mo25_V75,0.0,0.0,0.0,0.0,0.0,0.25,0.0,0.0,0.0,0.75,0.0,0.0,0.0
Mo75-Ta25,MATRIX_BIN_050_Mo50_V50,0.19176186800253042,3.18583421,3.861543353,-0.097449414,5.5,0.0183150183150182,1.895,0.2650000000000001,-1.0,Mo75-Ta25,0.75,0.25,0.0,0.0,MATRIX_BIN_050_Mo50_V50,0.0,0.0,0.0,0.0,0.0,0.5,0.0,0.0,0.0,0.5,0.0,0.0,0.0
Mo75-Ta25,MATRIX_BIN_051_Mo75_V25,-0.02489187284161281,3.18583421,3.107507677,-0.114008179,5.75,0.0157173394516231,2.0275,0.2294967320028763,-0.75,Mo75-Ta25,0.75,0.25,0.0,0.0,MATRIX_BIN_051_Mo75_V25,0.0,0.0,0.0,0.0,0.0,0.75,0.0,0.0,0.0,0.25,0.0,0.0,0.0
Mo75-Ta25,MATRIX_BIN_052_Mo87_V12,-0.24738810914073142,3.18583421,2.484453351,-0.088360288,5.875,0.0117399398910924,2.0964,0.1722296141782824,-0.4224,Mo75-Ta25,0.75,0.25,0.0,0.0,MATRIX_BIN_052_Mo87_V12,0.0,0.0,0.0,0.0,0.0,0.875,0.0,0.0,0.0,0.125,0.0,0.0,0.0
Mo75-Ta25,MATRIX_BIN_053_Ta12_W87,-0.23012184284719206,3.18583421,2.528354403,-0.093051999,5.875,0.0162666672861703,2.2568,0.279466921119477,-0.4224,Mo75-Ta25,0.75,0.25,0.0,0.0,MATRIX_BIN_053_Ta12_W87,0.0,0.0,0.0,0.0,0.0,0.0,0.0,0.125,0.875,0.0,0.0,0.0,0.0
Mo75-Ta25,MATRIX_BIN_054_Ta25_W75,0.003746732837336468,3.18583421,3.197793083,-0.107372831,5.75,0.0215352675896663,2.145,0.3723909236273086,-0.75,Mo75-Ta25,0.75,0.25,0.0,0.0,MATRIX_BIN_054_Ta25_W75,0.0,0.0,0.0,0.0,0.0,0.0,0.0,0.25,0.75,0.0,0.0,0.0,0.0
Mo75-Ta25,MATRIX_BIN_055_Ta50_W50,0.24330921160209876,3.18583421,4.068337625,-0.070797609,5.5,0.0245614035087719,1.93,0.4299999999999999,-1.0,Mo75-Ta25,0.75,0.25,0.0,0.0,MATRIX_BIN_055_Ta50_W50,0.0,0.0,0.0,0.0,0.0,0.0,0.0,0.5,0.5,0.0,0.0,0.0,0.0
Mo75-Ta25,MATRIX_BIN_056_Ta75_W25,0.025643683074080197,3.18583421,3.268591838,-0.021707099,5.25,0.0210127480987559,1.715,0.3723909236273086,-0.75,Mo75-Ta25,0.75,0.25,0.0,0.0,MATRIX_BIN_056_Ta75_W25,0.0,0.0,0.0,0.0,0.0,0.0,0.0,0.75,0.25,0.0,0.0,0.0,0.0
Mo75-Ta25,MATRIX_BIN_057_Ta87_W12,-0.1984232605406506,3.18583421,2.610746034,-0.005622646,5.125,0.0156705067050018,1.6032,0.279466921119477,-0.4224,Mo75-Ta25,0.75,0.25,0.0,0.0,MATRIX_BIN_057_Ta87_W12,0.0,0.0,0.0,0.0,0.0,0.0,0.0,0.875,0.125,0.0,0.0,0.0,0.0
Mo75-Ta25,MATRIX_BIN_058_Ta12_V87,-0.27896129636964306,3.18583421,2.405896049,0.06873568,5.0,0.0287916304948704,1.6143999999999998,0.0422449997041069,0.0,Mo75-Ta25,0.75,0.25,0.0,0.0,MATRIX_BIN_058_Ta12_V87,0.0,0.0,0.0,0.0,0.0,0.0,0.0,0.125,0.0,0.875,0.0,0.0,0.0
Mo75-Ta25,MATRIX_BIN_059_Ta25_V75,-0.03376874071508688,3.18583421,3.080038888,0.103170482,5.0,0.0379281198737709,1.5975,0.0562916512459884,0.0,Mo75-Ta25,0.75,0.25,0.0,0.0,MATRIX_BIN_059_Ta25_V75,0.0,0.0,0.0,0.0,0.0,0.0,0.0,0.25,0.0,0.75,0.0,0.0,0.0
Mo75-Ta25,MATRIX_BIN_060_Ta50_V50,0.2246702091691587,3.18583421,3.992176831,0.118279576,5.0,0.0428571428571428,1.565,0.0649999999999999,0.0,Mo75-Ta25,0.75,0.25,0.0,0.0,MATRIX_BIN_060_Ta50_V50,0.0,0.0,0.0,0.0,0.0,0.0,0.0,0.5,0.0,0.5,0.0,0.0,0.0
Mo75-Ta25,MATRIX_BIN_061_Ta75_V25,0.01816810448476694,3.18583421,3.244245389,0.083356798,5.0,0.0363367302287176,1.5325,0.0562916512459884,0.0,Mo75-Ta25,0.75,0.25,0.0,0.0,MATRIX_BIN_061_Ta75_V25,0.0,0.0,0.0,0.0,0.0,0.0,0.0,0.75,0.0,0.25,0.0,0.0,0.0
Mo75-Ta25,MATRIX_BIN_062_Ta87_V12,-0.20191075741820474,3.18583421,2.601565119,0.048231505,5.0,0.0269752243651442,1.5156,0.0422449997041069,0.0,Mo75-Ta25,0.75,0.25,0.0,0.0,MATRIX_BIN_062_Ta87_V12,0.0,0.0,0.0,0.0,0.0,0.0,0.0,0.875,0.0,0.125,0.0,0.0,0.0
Mo75-Ta25,MATRIX_BIN_063_W12_V87,-0.28685775255969165,3.18583421,2.38658796,0.007573578,5.125,0.0120713795016878,1.7175999999999998,0.23722192141537,0.0,Mo75-Ta25,0.75,0.25,0.0,0.0,MATRIX_BIN_063_W12_V87,0.0,0.0,0.0,0.0,0.0,0.0,0.0,0.0,0.125,0.875,0.0,0.0,0.0
Mo75-Ta25,MATRIX_BIN_064_W25_V75,-0.04932146388646147,3.18583421,3.032485885,-0.010397496,5.25,0.0160078632862187,1.8125,0.3160992723813201,0.0,Mo75-Ta25,0.75,0.25,0.0,0.0,MATRIX_BIN_064_W25_V75,0.0,0.0,0.0,0.0,0.0,0.0,0.0,0.0,0.25,0.75,0.0,0.0,0.0
Mo75-Ta25,MATRIX_BIN_065_W50_V50,0.1969335461854064,3.18583421,3.881757122,-0.05491275,5.5,0.0183150183150182,1.995,0.365,0.0,Mo75-Ta25,0.75,0.25,0.0,0.0,MATRIX_BIN_065_W50_V50,0.0,0.0,0.0,0.0,0.0,0.0,0.0,0.0,0.5,0.5,0.0,0.0,0.0
Mo75-Ta25,MATRIX_BIN_066_W75_V25,-0.01860647231766508,3.18583421,3.12710346,-0.09208095,5.75,0.0157173394516231,2.1775,0.3160992723813201,0.0,Mo75-Ta25,0.75,0.25,0.0,0.0,MATRIX_BIN_066_W75_V25,0.0,0.0,0.0,0.0,0.0,0.0,0.0,0.0,0.75,0.25,0.0,0.0,0.0
Mo75-Ta25,MATRIX_BIN_067_W87_V12,-0.24116815960198829,3.18583421,2.50019019,-0.084931073,5.875,0.0117399398910924,2.2724,0.23722192141537,0.0,Mo75-Ta25,0.75,0.25,0.0,0.0,MATRIX_BIN_067_W87_V12,0.0,0.0,0.0,0.0,0.0,0.0,0.0,0.0,0.875,0.125,0.0,0.0,0.0
Mo75-Ta25,MATRIX_TERN_068_Nb33_Mo33_Ta33,0.15619087259065786,3.18583421,3.725584467,-0.065262171,5.333333333,0.0229686657461987,1.7533333333333334,0.2904402788105596,-2.2222222222222228,Mo75-Ta25,0.75,0.25,0.0,0.0,MATRIX_TERN_068_Nb33_Mo33_Ta33,0.0,0.0,0.0,0.0,0.0,0.333333333,0.333333333,0.333333333,0.0,0.0,0.0,0.0,0.0
Mo75-Ta25,MATRIX_TERN_069_Nb33_Mo33_W33,0.14255149961351776,3.18583421,3.674833441,-0.049686914,5.666666667,0.0233478654165369,2.0400000000000005,0.3216623488483951,-2.2222222222222223,Mo75-Ta25,0.75,0.25,0.0,0.0,MATRIX_TERN_069_Nb33_Mo33_W33,0.0,0.0,0.0,0.0,0.0,0.333333333,0.333333333,0.0,0.333333333,0.0,0.0,0.0,0.0
Mo75-Ta25,MATRIX_TERN_070_Nb33_Mo33_V33,0.12587186274904028,3.18583421,3.613773878,-0.013214523,5.333333333,0.0352382411938744,1.7966666666666669,0.2572072229848058,-1.777777777777778,Mo75-Ta25,0.75,0.25,0.0,0.0,MATRIX_TERN_070_Nb33_Mo33_V33,0.0,0.0,0.0,0.0,0.0,0.333333333,0.333333333,0.0,0.0,0.333333333,0.0,0.0,0.0
Mo75-Ta25,MATRIX_TERN_071_Nb33_Ta33_W33,0.1574507712054524,3.18583421,3.730310358,-0.031019427,5.333333333,0.0229686657461987,1.82,0.3840138886377244,-1.777777777777778,Mo75-Ta25,0.75,0.25,0.0,0.0,MATRIX_TERN_071_Nb33_Ta33_W33,0.0,0.0,0.0,0.0,0.0,0.0,0.333333333,0.333333333,0.333333333,0.0,0.0,0.0,0.0
Mo75-Ta25,MATRIX_TERN_072_Nb33_Ta33_V33,0.14532549015732585,3.18583421,3.685094771,0.08652521,5.0,0.0398370017569885,1.5766666666666669,0.0555777733351102,-0.8888888888888891,Mo75-Ta25,0.75,0.25,0.0,0.0,MATRIX_TERN_072_Nb33_Ta33_V33,0.0,0.0,0.0,0.0,0.0,0.0,0.333333333,0.333333333,0.0,0.333333333,0.0,0.0,0.0
Mo75-Ta25,MATRIX_TERN_073_Nb33_W33_V33,0.12823144008379544,3.18583421,3.622345558,0.018775382,5.333333333,0.0352382411938744,1.8633333333333333,0.351409858838492,-1.3333333333333337,Mo75-Ta25,0.75,0.25,0.0,0.0,MATRIX_TERN_073_Nb33_W33_V33,0.0,0.0,0.0,0.0,0.0,0.0,0.333333333,0.0,0.333333333,0.333333333,0.0,0.0,0.0
Mo75-Ta25,MATRIX_TERN_074_Mo33_Ta33_W33,0.14076937365614725,3.18583421,3.668257294,-0.093088097,5.666666667,0.0233478654165369,2.006666666666667,0.3674537007872178,-1.777777777777778,Mo75-Ta25,0.75,0.25,0.0,0.0,MATRIX_TERN_074_Mo33_Ta33_W33,0.0,0.0,0.0,0.0,0.0,0.333333333,0.0,0.333333333,0.333333333,0.0,0.0,0.0,0.0
Mo75-Ta25,MATRIX_TERN_075_Mo33_Ta33_V33,0.12416985900251551,3.18583421,3.607604365,-0.042224622,5.333333333,0.0352382411938744,1.7633333333333336,0.2854625875467553,-1.3333333333333337,Mo75-Ta25,0.75,0.25,0.0,0.0,MATRIX_TERN_075_Mo33_Ta33_V33,0.0,0.0,0.0,0.0,0.0,0.333333333,0.0,0.333333333,0.0,0.333333333,0.0,0.0,0.0
Mo75-Ta25,MATRIX_TERN_076_Mo33_W33_V33,0.10920601685967246,3.18583421,3.553840738,-0.074437179,5.666666667,0.0171627859511297,2.0500000000000003,0.3080043289739069,-0.8888888888888891,Mo75-Ta25,0.75,0.25,0.0,0.0,MATRIX_TERN_076_Mo33_W33_V33,0.0,0.0,0.0,0.0,0.0,0.333333333,0.0,0.0,0.333333333,0.333333333,0.0,0.0,0.0
Mo75-Ta25,MATRIX_TERN_077_Ta33_W33_V33,0.1266182373671464,3.18583421,3.616482912,-0.005449438,5.333333333,0.0352382411938744,1.83,0.3785058343892028,-0.4444444444444445,Mo75-Ta25,0.75,0.25,0.0,0.0,MATRIX_TERN_077_Ta33_W33_V33,0.0,0.0,0.0,0.0,0.0,0.0,0.0,0.333333333,0.333333333,0.333333333,0.0,0.0,0.0
Mo75-Ta25,B2_TERN_SOL_078_Ru_Hf87_Nb12,-0.21706423385026466,3.18583421,2.562008656,-1.091011246,6.0625,0.079929319846275,1.7680000000000002,0.4374654272053965,-14.1168,Mo75-Ta25,0.75,0.25,0.0,0.0,B2_TERN_SOL_078_Ru_Hf87_Nb12,0.5,0.4375,0.0,0.0,0.0,0.0,0.0625,0.0,0.0,0.0,0.0,0.0,0.0
Mo75-Ta25,B2_TERN_SOL_079_Ru_Hf75_Nb25,0.011027756229465922,3.18583421,3.221161604,-0.990479496,6.125,0.0772310128363896,1.786,0.4237971212738473,-13.1472,Mo75-Ta25,0.75,0.25,0.0,0.0,B2_TERN_SOL_079_Ru_Hf75_Nb25,0.5,0.375,0.0,0.0,0.0,0.0,0.125,0.0,0.0,0.0,0.0,0.0,0.0
Mo75-Ta25,B2_TERN_SOL_080_Ru_Hf87_Mo12,-0.22000397720542395,3.18583421,2.554397326,-1.011580317,6.125,0.0808002001785193,1.8016,0.4447172584912801,-14.16,Mo75-Ta25,0.75,0.25,0.0,0.0,B2_TERN_SOL_080_Ru_Hf87_Mo12,0.5,0.4375,0.0,0.0,0.0,0.0625,0.0,0.0,0.0,0.0,0.0,0.0,0.0
Mo75-Ta25,B2_TERN_SOL_081_Ru_Hf75_Mo25,0.004476552498703691,3.18583421,3.200127757,-0.833822359,6.25,0.0785362630419332,1.8532,0.4332686926146408,-13.32,Mo75-Ta25,0.75,0.25,0.0,0.0,B2_TERN_SOL_081_Ru_Hf75_Mo25,0.5,0.375,0.0,0.0,0.0,0.125,0.0,0.0,0.0,0.0,0.0,0.0,0.0
Mo75-Ta25,B2_TERN_SOL_082_Ru_Hf87_Ta12,-0.21772502169557056,3.18583421,2.560296043,-1.113680888,6.0625,0.079929319846275,1.7620000000000002,0.4404043596514458,-13.68,Mo75-Ta25,0.75,0.25,0.0,0.0,B2_TERN_SOL_082_Ru_Hf87_Ta12,0.5,0.4375,0.0,0.0,0.0,0.0,0.0,0.0625,0.0,0.0,0.0,0.0,0.0
Mo75-Ta25,B2_TERN_SOL_083_Ru_Hf75_Ta25,0.009599196455996899,3.18583421,3.216563145,-1.032519678,6.125,0.0772310128363896,1.774,0.4302603862778911,-12.36,Mo75-Ta25,0.75,0.25,0.0,0.0,B2_TERN_SOL_083_Ru_Hf75_Ta25,0.5,0.375,0.0,0.0,0.0,0.0,0.0,0.125,0.0,0.0,0.0,0.0,0.0
Mo75-Ta25,B2_TERN_SOL_084_Ru_Hf87_W12,-0.2200230121680256,3.18583421,2.554348108,-1.017173511,6.125,0.0808002001785193,1.8136,0.4567614694783263,-13.92,Mo75-Ta25,0.75,0.25,0.0,0.0,B2_TERN_SOL_084_Ru_Hf87_W12,0.5,0.4375,0.0,0.0,0.0,0.0,0.0,0.0,0.0625,0.0,0.0,0.0,0.0
Mo75-Ta25,B2_TERN_SOL_085_Ru_Hf75_W25,0.004715842422620204,3.18583421,3.200893611,-0.836868509,6.25,0.0785362630419332,1.8772,0.4546120983871855,-12.84,Mo75-Ta25,0.75,0.25,0.0,0.0,B2_TERN_SOL_085_Ru_Hf75_W25,0.5,0.375,0.0,0.0,0.0,0.0,0.0,0.0,0.125,0.0,0.0,0.0,0.0
Mo75-Ta25,B2_TERN_SOL_086_Ru_Hf87_V12,-0.22326790805152014,3.18583421,2.545970218,-1.063735031,6.0625,0.0824106716944606,1.7698,0.4368317296167943,-13.44,Mo75-Ta25,0.75,0.25,0.0,0.0,B2_TERN_SOL_086_Ru_Hf87_V12,0.5,0.4375,0.0,0.0,0.0,0.0,0.0,0.0,0.0,0.0625,0.0,0.0,0.0
Mo75-Ta25,B2_TERN_SOL_087_Ru_Hf75_V25,-0.0015772938873312415,3.18583421,3.180813173,-0.946727169,6.125,0.0813951555025931,1.7896,0.4223266981851847,-11.88,Mo75-Ta25,0.75,0.25,0.0,0.0,B2_TERN_SOL_087_Ru_Hf75_V25,0.5,0.375,0.0,0.0,0.0,0.0,0.0,0.0,0.0,0.125,0.0,0.0,0.0
Mo75-Ta25,B2_TERN_SOL_088_Ru_Ti87_Nb12,-0.2602749325221961,3.18583421,2.452124543,-0.983188993,6.0625,0.04588506177003,1.8736,0.3266910467092724,-9.6112,Mo75-Ta25,0.75,0.25,0.0,0.0,B2_TERN_SOL_088_Ru_Ti87_Nb12,0.5,0.0,0.4375,0.0,0.0,0.0,0.0625,0.0,0.0,0.0,0.0,0.0,0.0
Mo75-Ta25,B2_TERN_SOL_089_Ru_Ti75_Nb25,-0.026374058697782626,3.18583421,3.102904429,-0.903188944,6.125,0.0454989552387946,1.8772,0.3233081502220444,-9.1648,Mo75-Ta25,0.75,0.25,0.0,0.0,B2_TERN_SOL_089_Ru_Ti75_Nb25,0.5,0.0,0.375,0.0,0.0,0.0,0.125,0.0,0.0,0.0,0.0,0.0,0.0
Mo75-Ta25,B2_TERN_SOL_090_Ru_Ti87_Mo12,-0.26393103844344734,3.18583421,2.443019595,-0.92145562,6.125,0.0449536510398423,1.9072,0.3256196554263886,-9.760000000000002,Mo75-Ta25,0.75,0.25,0.0,0.0,B2_TERN_SOL_090_Ru_Ti87_Mo12,0.5,0.0,0.4375,0.0,0.0,0.0625,0.0,0.0,0.0,0.0,0.0,0.0,0.0
Mo75-Ta25,B2_TERN_SOL_091_Ru_Ti75_Mo25,-0.032520815778948206,3.18583421,3.083886002,-0.762838311,6.25,0.0433128345312989,1.9444,0.3168416639269527,-9.52,Mo75-Ta25,0.75,0.25,0.0,0.0,B2_TERN_SOL_091_Ru_Ti75_Mo25,0.5,0.0,0.375,0.0,0.0,0.125,0.0,0.0,0.0,0.0,0.0,0.0,0.0
Mo75-Ta25,B2_TERN_SOL_092_Ru_Ti87_Ta12,-0.26091830162255525,3.18583421,2.4505202,-1.012091649,6.0625,0.04588506177003,1.8676,0.3325270515311499,-9.28,Mo75-Ta25,0.75,0.25,0.0,0.0,B2_TERN_SOL_092_Ru_Ti87_Ta12,0.5,0.0,0.4375,0.0,0.0,0.0,0.0,0.0625,0.0,0.0,0.0,0.0,0.0
Mo75-Ta25,B2_TERN_SOL_093_Ru_Ti75_Ta25,-0.02769799254677723,3.18583421,3.098798357,-0.958150623,6.125,0.0454989552387946,1.8652,0.3350178502706983,-8.559999999999999,Mo75-Ta25,0.75,0.25,0.0,0.0,B2_TERN_SOL_093_Ru_Ti75_Ta25,0.5,0.0,0.375,0.0,0.0,0.0,0.0,0.125,0.0,0.0,0.0,0.0,0.0
Mo75-Ta25,B2_TERN_SOL_094_Ru_Ti87_W12,-0.26363033253780604,3.18583421,2.443767345,-0.933472753,6.125,0.0449536510398423,1.9192,0.338158779273879,-9.52,Mo75-Ta25,0.75,0.25,0.0,0.0,B2_TERN_SOL_094_Ru_Ti87_W12,0.5,0.0,0.4375,0.0,0.0,0.0,0.0,0.0,0.0625,0.0,0.0,0.0,0.0
Mo75-Ta25,B2_TERN_SOL_095_Ru_Ti75_W25,-0.03307207041830768,3.18583421,3.082186007,-0.789613358,6.25,0.0433128345312989,1.9684,0.3390596407713546,-9.04,Mo75-Ta25,0.75,0.25,0.0,0.0,B2_TERN_SOL_095_Ru_Ti75_W25,0.5,0.0,0.375,0.0,0.0,0.0,0.0,0.0,0.125,0.0,0.0,0.0,0.0
Mo75-Ta25,B2_TERN_SOL_096_Ru_Ti87_V12,-0.26812863560615063,3.18583421,2.432602346,-0.982724607,6.0625,0.0461854444311139,1.8754,0.3252581128888256,-9.04,Mo75-Ta25,0.75,0.25,0.0,0.0,B2_TERN_SOL_096_Ru_Ti87_V12,0.5,0.0,0.4375,0.0,0.0,0.0,0.0,0.0,0.0,0.0625,0.0,0.0,0.0
Mo75-Ta25,B2_TERN_SOL_097_Ru_Ti75_V25,-0.041929607693903956,3.18583421,3.05499642,-0.905306641,6.125,0.0454154582679287,1.8808,0.3203550530271062,-8.08,Mo75-Ta25,0.75,0.25,0.0,0.0,B2_TERN_SOL_097_Ru_Ti75_V25,0.5,0.0,0.375,0.0,0.0,0.0,0.0,0.0,0.0,0.125,0.0,0.0,0.0
Mo75-Ta25,B2_TERN_SOL_098_Ru_Zr87_Nb12,-0.20734151385409397,3.18583421,2.587326291,-0.890146496,6.0625,0.0860586382926536,1.7812,0.423370476060861,-16.756800000000002,Mo75-Ta25,0.75,0.25,0.0,0.0,B2_TERN_SOL_098_Ru_Zr87_Nb12,0.5,0.0,0.0,0.4375,0.0,0.0,0.0625,0.0,0.0,0.0,0.0,0.0,0.0
Mo75-Ta25,B2_TERN_SOL_099_Ru_Zr75_Nb25,0.0195336702430444,3.18583421,3.24867904,-0.818094975,6.125,0.0831528643327092,1.7974,0.4107739524361301,-15.4272,Mo75-Ta25,0.75,0.25,0.0,0.0,B2_TERN_SOL_099_Ru_Zr75_Nb25,0.5,0.0,0.0,0.375,0.0,0.0,0.125,0.0,0.0,0.0,0.0,0.0,0.0
Mo75-Ta25,B2_TERN_SOL_100_Ru_Zr87_Mo12,-0.2104805271847025,3.18583421,2.579128061,-0.806967569,6.125,0.0870934949098326,1.8148,0.4298289892503762,-16.8,Mo75-Ta25,0.75,0.25,0.0,0.0,B2_TERN_SOL_100_Ru_Zr87_Mo12,0.5,0.0,0.0,0.4375,0.0,0.0625,0.0,0.0,0.0,0.0,0.0,0.0,0.0
Mo75-Ta25,B2_TERN_SOL_101_Ru_Zr75_Mo25,0.013072601091477861,3.18583421,3.227755359,-0.655458039,6.25,0.084783177312234,1.8646000000000005,0.4187133148109814,-15.6,Mo75-Ta25,0.75,0.25,0.0,0.0,B2_TERN_SOL_101_Ru_Zr75_Mo25,0.5,0.0,0.0,0.375,0.0,0.125,0.0,0.0,0.0,0.0,0.0,0.0,0.0
Mo75-Ta25,B2_TERN_SOL_102_Ru_Zr87_Ta12,-0.20800136319922105,3.18583421,2.585601013,-0.911972703,6.0625,0.0860586382926536,1.7752,0.4265922643461787,-16.32,Mo75-Ta25,0.75,0.25,0.0,0.0,B2_TERN_SOL_102_Ru_Zr87_Ta12,0.5,0.0,0.0,0.4375,0.0,0.0,0.0,0.0625,0.0,0.0,0.0,0.0,0.0
Mo75-Ta25,B2_TERN_SOL_103_Ru_Zr75_Ta25,0.018245627721976663,3.18583421,3.244496924,-0.863325979,6.125,0.0831528643327091,1.7854,0.4177664898002233,-14.64,Mo75-Ta25,0.75,0.25,0.0,0.0,B2_TERN_SOL_103_Ru_Zr75_Ta25,0.5,0.0,0.0,0.375,0.0,0.0,0.0,0.125,0.0,0.0,0.0,0.0,0.0
Mo75-Ta25,B2_TERN_SOL_104_Ru_Zr87_W12,-0.21033981599279244,3.18583421,2.579495061,-0.814514579,6.125,0.0870934949098326,1.8268,0.4419205358432667,-16.56,Mo75-Ta25,0.75,0.25,0.0,0.0,B2_TERN_SOL_104_Ru_Zr87_W12,0.5,0.0,0.0,0.4375,0.0,0.0,0.0,0.0,0.0625,0.0,0.0,0.0,0.0
Mo75-Ta25,B2_TERN_SOL_105_Ru_Zr75_W25,0.013590321880009422,3.18583421,3.229426942,-0.661370427,6.25,0.084783177312234,1.8886,0.4401409319752027,-15.12,Mo75-Ta25,0.75,0.25,0.0,0.0,B2_TERN_SOL_105_Ru_Zr75_W25,0.5,0.0,0.0,0.375,0.0,0.0,0.0,0.0,0.125,0.0,0.0,0.0,0.0
Mo75-Ta25,B2_TERN_SOL_106_Ru_Zr87_V12,-0.2131728601835644,3.18583421,2.572114963,-0.856520623,6.0625,0.0887380403728719,1.783,0.4226594373724548,-16.08,Mo75-Ta25,0.75,0.25,0.0,0.0,B2_TERN_SOL_106_Ru_Zr87_V12,0.5,0.0,0.0,0.4375,0.0,0.0,0.0,0.0,0.0,0.0625,0.0,0.0,0.0
Mo75-Ta25,B2_TERN_SOL_107_Ru_Zr75_V25,0.007051599165540081,3.18583421,3.208378924,-0.759667971,6.125,0.0877123126458997,1.8010000000000002,0.4091564492953766,-14.16,Mo75-Ta25,0.75,0.25,0.0,0.0,B2_TERN_SOL_107_Ru_Zr75_V25,0.5,0.0,0.0,0.375,0.0,0.0,0.0,0.0,0.0,0.125,0.0,0.0,0.0
Mo75-Ta25,B2_PENALTY_108_Ru100Al0_Hf,0.4685179529263348,3.18583421,5.135083991,-1.187745448,6.0,0.0821917808219178,1.75,0.45,-15.0,Mo75-Ta25,0.75,0.25,0.0,0.0,B2_PENALTY_108_Ru100Al0_Hf,0.5,0.5,0.0,0.0,0.0,0.0,0.0,0.0,0.0,0.0,0.0,0.0,0.0
Mo75-Ta25,B2_PENALTY_109_Ru87Al12_Hf,-0.21053143569256896,3.18583421,2.578995294,-1.06443911,5.6875,0.0794670531912796,1.7146,0.4362027510229618,-15.312,Mo75-Ta25,0.75,0.25,0.0,0.0,B2_PENALTY_109_Ru87Al12_Hf,0.4375,0.5,0.0,0.0,0.0625,0.0,0.0,0.0,0.0,0.0,0.0,0.0,0.0
Mo75-Ta25,B2_PENALTY_110_Ru75Al25_Hf,0.02447420707052879,3.18583421,3.264770933,-0.95574225,5.375,0.0765104674756606,1.6792000000000002,0.4189741758151689,-15.048,Mo75-Ta25,0.75,0.25,0.0,0.0,B2_PENALTY_110_Ru75Al25_Hf,0.375,0.5,0.0,0.0,0.125,0.0,0.0,0.0,0.0,0.0,0.0,0.0,0.0
Mo75-Ta25,B2_PENALTY_111_Ru62Al37_Hf,-0.20097060393451502,3.18583421,2.60403723,-0.842813539,5.0625,0.072734714189907,1.6379,0.3939322149812072,-14.012,Mo75-Ta25,0.75,0.25,0.0,0.0,B2_PENALTY_111_Ru62Al37_Hf,0.3125,0.5,0.0,0.0,0.1875,0.0,0.0,0.0,0.0,0.0,0.0,0.0,0.0
Mo75-Ta25,B2_PENALTY_112_Ru50Al50_Hf,0.26350419995851315,3.18583421,4.152701731,-0.729649314,4.75,0.0691810843061248,1.6025,0.3674489760497368,-12.5,Mo75-Ta25,0.75,0.25,0.0,0.0,B2_PENALTY_112_Ru50Al50_Hf,0.25,0.5,0.0,0.0,0.25,0.0,0.0,0.0,0.0,0.0,0.0,0.0,0.0
Mo75-Ta25,B2_PENALTY_113_Ru87Cr12_Hf,-0.21687373061554446,3.18583421,2.562502587,-1.035615577,5.875,0.0853931303142513,1.7176,0.4356446258132884,-12.672,Mo75-Ta25,0.75,0.25,0.0,0.0,B2_PENALTY_113_Ru87Cr12_Hf,0.4375,0.5,0.0,0.0,0.0,0.0,0.0,0.0,0.0,0.0,0.0625,0.0,0.0
Mo75-Ta25,B2_PENALTY_114_Ru75Cr25_Hf,0.01235029149605965,3.18583421,3.225424668,-0.878162691,5.75,0.0884389348964152,1.6852000000000005,0.4182976930369089,-10.488,Mo75-Ta25,0.75,0.25,0.0,0.0,B2_PENALTY_114_Ru75Cr25_Hf,0.375,0.5,0.0,0.0,0.0,0.0,0.0,0.0,0.0,0.0,0.125,0.0,0.0
Mo75-Ta25,B2_PENALTY_115_Ru62Cr37_Hf,-0.2191047324971718,3.18583421,2.556723432,-0.716377173,5.625,0.0918154837201231,1.6474000000000002,0.3937476857074846,-8.122,Mo75-Ta25,0.75,0.25,0.0,0.0,B2_PENALTY_115_Ru62Cr37_Hf,0.3125,0.5,0.0,0.0,0.0,0.0,0.0,0.0,0.0,0.0,0.1875,0.0,0.0
Mo75-Ta25,B2_PENALTY_116_Ru50Cr50_Hf,0.2397250938502129,3.18583421,4.053567315,-0.552796357,5.5,0.09457197487001,1.615,0.3683408747342603,-6.25,Mo75-Ta25,0.75,0.25,0.0,0.0,B2_PENALTY_116_Ru50Cr50_Hf,0.25,0.5,0.0,0.0,0.0,0.0,0.0,0.0,0.0,0.0,0.25,0.0,0.0
Mo75-Ta25,B2_PENALTY_117_Ru87Cu12_Hf,-0.21420224027839296,3.18583421,2.569438099,-1.045192975,6.1875,0.0853931303142513,1.7320000000000002,0.4374654272053965,-14.4672,Mo75-Ta25,0.75,0.25,0.0,0.0,B2_PENALTY_117_Ru87Cu12_Hf,0.4375,0.5,0.0,0.0,0.0,0.0,0.0,0.0,0.0,0.0,0.0,0.0625,0.0
Mo75-Ta25,B2_PENALTY_118_Ru75Cu25_Hf,0.01570440919871938,3.18583421,3.236261822,-0.923389889,6.375,0.0884389348964152,1.7140000000000002,0.4237971212738473,-13.5888,Mo75-Ta25,0.75,0.25,0.0,0.0,B2_PENALTY_118_Ru75Cu25_Hf,0.375,0.5,0.0,0.0,0.0,0.0,0.0,0.0,0.0,0.0,0.0,0.125,0.0
Mo75-Ta25,B2_PENALTY_119_Ru62Cu37_Hf,-0.2146498300389817,3.18583421,2.568274935,-0.799684359,6.5625,0.0918154837201231,1.693,0.4062646920420233,-12.1272,Mo75-Ta25,0.75,0.25,0.0,0.0,B2_PENALTY_119_Ru62Cu37_Hf,0.3125,0.5,0.0,0.0,0.0,0.0,0.0,0.0,0.0,0.0,0.0,0.1875,0.0
Mo75-Ta25,B2_PENALTY_120_Ru50Cu50_Hf,0.24532720006961625,3.18583421,4.076680397,-0.677358279,6.75,0.09457197487001,1.675,0.3897114317029974,-10.5,Mo75-Ta25,0.75,0.25,0.0,0.0,B2_PENALTY_120_Ru50Cu50_Hf,0.25,0.5,0.0,0.0,0.0,0.0,0.0,0.0,0.0,0.0,0.0,0.25,0.0
Mo75-Ta25,B2_PENALTY_121_Ru87Si12_Hf,-0.2123878071513021,3.18583421,2.574158138,-1.089550642,5.75,0.0937602843775687,1.7320000000000002,0.4374654272053965,-12.3552,Mo75-Ta25,0.75,0.25,0.0,0.0,B2_PENALTY_121_Ru87Si12_Hf,0.4375,0.5,0.0,0.0,0.0,0.0,0.0,0.0,0.0,0.0,0.0,0.0,0.0625
Mo75-Ta25,B2_PENALTY_122_Ru75Si25_Hf,0.019451607161184596,3.18583421,3.248412429,-1.009713639,5.5,0.1038426921242283,1.7140000000000002,0.4237971212738473,-9.9408,Mo75-Ta25,0.75,0.25,0.0,0.0,B2_PENALTY_122_Ru75Si25_Hf,0.375,0.5,0.0,0.0,0.0,0.0,0.0,0.0,0.0,0.0,0.0,0.0,0.125
Mo75-Ta25,B2_PENALTY_123_Ru62Si37_Hf,-0.20894821480181536,3.18583421,2.583127124,-0.920694427,5.25,0.1142356063938751,1.693,0.4062646920420233,-7.4152,Mo75-Ta25,0.75,0.25,0.0,0.0,B2_PENALTY_123_Ru62Si37_Hf,0.3125,0.5,0.0,0.0,0.0,0.0,0.0,0.0,0.0,0.0,0.0,0.0,0.1875
Mo75-Ta25,B2_PENALTY_124_Ru50Si50_Hf,0.25283937565633247,3.18583421,4.107906653,-0.838327211,5.0,0.1222287117389678,1.6750000000000005,0.3897114317029974,-5.5,Mo75-Ta25,0.75,0.25,0.0,0.0,B2_PENALTY_124_Ru50Si50_Hf,0.25,0.5,0.0,0.0,0.0,0.0,0.0,0.0,0.0,0.0,0.0,0.0,0.25
Mo75-Ta25,B2_PENALTY_125_Ru100Al0_Ti,0.4204185128896157,3.18583421,4.881705796,-1.057956866,6.0,0.0462633451957295,1.87,0.33,-10.0,Mo75-Ta25,0.75,0.25,0.0,0.0,B2_PENALTY_125_Ru100Al0_Ti,0.5,0.0,0.5,0.0,0.0,0.0,0.0,0.0,0.0,0.0,0.0,0.0,0.0
Mo75-Ta25,B2_PENALTY_126_Ru87Al12_Ti,-0.26096473834051176,3.18583421,2.450404438,-0.970267174,5.6875,0.0447291357659921,1.8346,0.3242974560492266,-10.912,Mo75-Ta25,0.75,0.25,0.0,0.0,B2_PENALTY_126_Ru87Al12_Ti,0.4375,0.0,0.5,0.0,0.0625,0.0,0.0,0.0,0.0,0.0,0.0,0.0,0.0
Mo75-Ta25,B2_PENALTY_127_Ru75Al25_Ti,-0.02740863748262212,3.18583421,3.09969531,-0.88819063,5.375,0.0428259601061415,1.7992,0.3145335594177512,-11.248,Mo75-Ta25,0.75,0.25,0.0,0.0,B2_PENALTY_127_Ru75Al25_Ti,0.375,0.0,0.5,0.0,0.125,0.0,0.0,0.0,0.0,0.0,0.0,0.0,0.0
Mo75-Ta25,B2_PENALTY_128_Ru62Al37_Ti,-0.2525836682410233,3.18583421,2.471374896,-0.804440265,5.0625,0.0400790404298587,1.7579,0.2974669561480737,-10.912,Mo75-Ta25,0.75,0.25,0.0,0.0,B2_PENALTY_128_Ru62Al37_Ti,0.3125,0.0,0.5,0.0,0.1875,0.0,0.0,0.0,0.0,0.0,0.0,0.0,0.0
Mo75-Ta25,B2_PENALTY_129_Ru50Al50_Ti,0.21155875446189026,3.18583421,3.939553259,-0.713701673,4.75,0.0371922251866817,1.7225,0.2771619562638422,-10.0,Mo75-Ta25,0.75,0.25,0.0,0.0,B2_PENALTY_129_Ru50Al50_Ti,0.25,0.0,0.5,0.0,0.25,0.0,0.0,0.0,0.0,0.0,0.0,0.0,0.0
Mo75-Ta25,B2_PENALTY_130_Ru87Cr12_Ti,-0.267403997632875,3.18583421,2.434397938,-0.94270459,5.875,0.0499298619726951,1.8376,0.3224317602222213,-8.272,Mo75-Ta25,0.75,0.25,0.0,0.0,B2_PENALTY_130_Ru87Cr12_Ti,0.4375,0.0,0.5,0.0,0.0,0.0,0.0,0.0,0.0,0.0,0.0625,0.0,0.0
Mo75-Ta25,B2_PENALTY_131_Ru75Cr25_Ti,-0.039820640006682825,3.18583421,3.061448806,-0.80961964,5.75,0.0532543770850372,1.8052,0.3113277372801852,-6.688,Mo75-Ta25,0.75,0.25,0.0,0.0,B2_PENALTY_131_Ru75Cr25_Ti,0.375,0.0,0.5,0.0,0.0,0.0,0.0,0.0,0.0,0.0,0.125,0.0,0.0
Mo75-Ta25,B2_PENALTY_132_Ru62Cr37_Ti,-0.27141623370772894,3.18583421,2.424470344,-0.675679922,5.625,0.0567786551293567,1.7674,0.2933619607242902,-5.022,Mo75-Ta25,0.75,0.25,0.0,0.0,B2_PENALTY_132_Ru62Cr37_Ti,0.3125,0.0,0.5,0.0,0.0,0.0,0.0,0.0,0.0,0.0,0.1875,0.0,0.0
Mo75-Ta25,B2_PENALTY_133_Ru50Cr50_Ti,0.1861350066106992,3.18583421,3.839681408,-0.538077974,5.5,0.0595429689109598,1.735,0.2729010809799038,-3.75,Mo75-Ta25,0.75,0.25,0.0,0.0,B2_PENALTY_133_Ru50Cr50_Ti,0.25,0.0,0.5,0.0,0.0,0.0,0.0,0.0,0.0,0.0,0.25,0.0,0.0
Mo75-Ta25,B2_PENALTY_134_Ru87Cu12_Ti,-0.26462384063527367,3.18583421,2.441297595,-0.919729937,6.1875,0.0499298619726951,1.852,0.3195246469366644,-10.0672,Mo75-Ta25,0.75,0.25,0.0,0.0,B2_PENALTY_134_Ru87Cu12_Ti,0.4375,0.0,0.5,0.0,0.0,0.0,0.0,0.0,0.0,0.0,0.0,0.0625,0.0
Mo75-Ta25,B2_PENALTY_135_Ru75Cu25_Ti,-0.03551123176741628,3.18583421,3.074675013,-0.801717189,6.375,0.0532543770850372,1.834,0.3076426498390625,-9.7888,Mo75-Ta25,0.75,0.25,0.0,0.0,B2_PENALTY_135_Ru75Cu25_Ti,0.375,0.0,0.5,0.0,0.0,0.0,0.0,0.0,0.0,0.0,0.0,0.125,0.0
Mo75-Ta25,B2_PENALTY_136_Ru62Cu37_Ti,-0.26507536741923166,3.18583421,2.440175866,-0.680640909,6.5625,0.0567786551293567,1.813,0.2917721713940519,-9.0272,Mo75-Ta25,0.75,0.25,0.0,0.0,B2_PENALTY_136_Ru62Cu37_Ti,0.3125,0.0,0.5,0.0,0.0,0.0,0.0,0.0,0.0,0.0,0.0,0.1875,0.0
Mo75-Ta25,B2_PENALTY_137_Ru50Cu50_Ti,0.1946309601161447,3.18583421,3.872743044,-0.557797759,6.75,0.0595429689109598,1.7950000000000002,0.2761792895928295,-8.0,Mo75-Ta25,0.75,0.25,0.0,0.0,B2_PENALTY_137_Ru50Cu50_Ti,0.25,0.0,0.5,0.0,0.0,0.0,0.0,0.0,0.0,0.0,0.0,0.25,0.0
Mo75-Ta25,B2_PENALTY_138_Ru87Si12_Ti,-0.2635976258610929,3.18583421,2.443848687,-0.989505902,5.75,0.0607546208741894,1.852,0.3195246469366644,-7.9552,Mo75-Ta25,0.75,0.25,0.0,0.0,B2_PENALTY_138_Ru87Si12_Ti,0.4375,0.0,0.5,0.0,0.0,0.0,0.0,0.0,0.0,0.0,0.0,0.0,0.0625
Mo75-Ta25,B2_PENALTY_139_Ru75Si25_Ti,-0.033116121233639675,3.18583421,3.0820502,-0.93611645,5.5,0.0719655963958058,1.834,0.3076426498390625,-6.1408,Mo75-Ta25,0.75,0.25,0.0,0.0,B2_PENALTY_139_Ru75Si25_Ti,0.375,0.0,0.5,0.0,0.0,0.0,0.0,0.0,0.0,0.0,0.0,0.0,0.125
Mo75-Ta25,B2_PENALTY_140_Ru62Si37_Ti,-0.2617408818943484,3.18583421,2.448470295,-0.869757039,5.25,0.0826499299050591,1.813,0.2917721713940519,-4.3152,Mo75-Ta25,0.75,0.25,0.0,0.0,B2_PENALTY_140_Ru62Si37_Ti,0.3125,0.0,0.5,0.0,0.0,0.0,0.0,0.0,0.0,0.0,0.0,0.0,0.1875
Mo75-Ta25,B2_PENALTY_141_Ru50Si50_Ti,0.19913705819198604,3.18583421,3.890404933,-0.808674347,5.0,0.090393746324797,1.795,0.2761792895928295,-3.0,Mo75-Ta25,0.75,0.25,0.0,0.0,B2_PENALTY_141_Ru50Si50_Ti,0.25,0.0,0.5,0.0,0.0,0.0,0.0,0.0,0.0,0.0,0.0,0.0,0.25
Mo75-Ta25,B2_PENALTY_142_Ru100Al0_Zr,0.4793552176703482,3.18583421,5.194385147,-0.960777489,6.0,0.0884353741496598,1.765,0.435,-18.0,Mo75-Ta25,0.75,0.25,0.0,0.0,B2_PENALTY_142_Ru100Al0_Zr,0.5,0.0,0.0,0.5,0.0,0.0,0.0,0.0,0.0,0.0,0.0,0.0,0.0
Mo75-Ta25,B2_PENALTY_143_Ru87Al12_Zr,-0.1991866957459331,3.18583421,2.608733784,-0.873588029,5.6875,0.0856069896776228,1.7296,0.421971373436635,-17.951999999999998,Mo75-Ta25,0.75,0.25,0.0,0.0,B2_PENALTY_143_Ru87Al12_Zr,0.4375,0.0,0.0,0.5,0.0625,0.0,0.0,0.0,0.0,0.0,0.0,0.0,0.0
Mo75-Ta25,B2_PENALTY_144_Ru75Al25_Zr,0.0359277867765475,3.18583421,3.302387941,-0.797935587,5.375,0.0825630715605787,1.6942000000000002,0.4054483444287324,-17.328,Mo75-Ta25,0.75,0.25,0.0,0.0,B2_PENALTY_144_Ru75Al25_Zr,0.375,0.0,0.0,0.5,0.125,0.0,0.0,0.0,0.0,0.0,0.0,0.0,0.0
Mo75-Ta25,B2_PENALTY_145_Ru62Al37_Zr,-0.1897026070272688,3.18583421,2.633831346,-0.726652657,5.0625,0.0787099182537501,1.6529,0.381143791763686,-15.872,Mo75-Ta25,0.75,0.25,0.0,0.0,B2_PENALTY_145_Ru62Al37_Zr,0.3125,0.0,0.0,0.5,0.1875,0.0,0.0,0.0,0.0,0.0,0.0,0.0,0.0
Mo75-Ta25,B2_PENALTY_146_Ru50Al50_Zr,0.27445951315071215,3.18583421,4.199293486,-0.654418284,4.75,0.0751158704347694,1.6175000000000002,0.3552024070864386,-14.0,Mo75-Ta25,0.75,0.25,0.0,0.0,B2_PENALTY_146_Ru50Al50_Zr,0.25,0.0,0.0,0.5,0.25,0.0,0.0,0.0,0.0,0.0,0.0,0.0,0.0
Mo75-Ta25,B2_PENALTY_147_Ru87Cr12_Zr,-0.20548764424831487,3.18583421,2.592179044,-0.824075051,5.875,0.0915913075118357,1.7326,0.4212875977286776,-15.312,Mo75-Ta25,0.75,0.25,0.0,0.0,B2_PENALTY_147_Ru87Cr12_Zr,0.4375,0.0,0.0,0.5,0.0,0.0,0.0,0.0,0.0,0.0,0.0625,0.0,0.0
Mo75-Ta25,B2_PENALTY_148_Ru75Cr25_Zr,0.02362696825246881,3.18583421,3.262005664,-0.675888976,5.75,0.0946071432924222,1.7002000000000002,0.4045268347093924,-12.768,Mo75-Ta25,0.75,0.25,0.0,0.0,B2_PENALTY_148_Ru75Cr25_Zr,0.375,0.0,0.0,0.5,0.0,0.0,0.0,0.0,0.0,0.0,0.125,0.0,0.0
Mo75-Ta25,B2_PENALTY_149_Ru62Cr37_Zr,-0.20803970620176448,3.18583421,2.585500791,-0.525764636,5.625,0.097964971374696,1.6624,0.3805788223219995,-9.982,Mo75-Ta25,0.75,0.25,0.0,0.0,B2_PENALTY_149_Ru62Cr37_Zr,0.3125,0.0,0.0,0.5,0.0,0.0,0.0,0.0,0.0,0.0,0.1875,0.0,0.0
Mo75-Ta25,B2_PENALTY_150_Ru50Cr50_Zr,0.25054065863726915,3.18583421,4.09832298,-0.377855166,5.5,0.100717188245724,1.63,0.355598087733891,-7.75,Mo75-Ta25,0.75,0.25,0.0,0.0,B2_PENALTY_150_Ru50Cr50_Zr,0.25,0.0,0.0,0.5,0.0,0.0,0.0,0.0,0.0,0.0,0.25,0.0,0.0
Mo75-Ta25,B2_PENALTY_151_Ru87Cu12_Zr,-0.20303177274383435,3.18583421,2.598620194,-0.842497728,6.1875,0.0915913075118357,1.747,0.4226594373724548,-17.1072,Mo75-Ta25,0.75,0.25,0.0,0.0,B2_PENALTY_151_Ru87Cu12_Zr,0.4375,0.0,0.0,0.5,0.0,0.0,0.0,0.0,0.0,0.0,0.0,0.0625,0.0
Mo75-Ta25,B2_PENALTY_152_Ru75Cu25_Zr,0.027012499681542304,3.18583421,3.273069781,-0.744916574,6.375,0.0946071432924222,1.729,0.4091564492953766,-15.8688,Mo75-Ta25,0.75,0.25,0.0,0.0,B2_PENALTY_152_Ru75Cu25_Zr,0.375,0.0,0.0,0.5,0.0,0.0,0.0,0.0,0.0,0.0,0.0,0.125,0.0
Mo75-Ta25,B2_PENALTY_153_Ru62Cu37_Zr,-0.2034015559205433,3.18583421,2.597649425,-0.643740809,6.5625,0.097964971374696,1.708,0.3917728933961614,-13.9872,Mo75-Ta25,0.75,0.25,0.0,0.0,B2_PENALTY_153_Ru62Cu37_Zr,0.3125,0.0,0.0,0.5,0.0,0.0,0.0,0.0,0.0,0.0,0.0,0.1875,0.0
Mo75-Ta25,B2_PENALTY_154_Ru50Cu50_Zr,0.2567622242386157,3.18583421,4.124319928,-0.545283305,6.75,0.100717188245724,1.6900000000000002,0.3752998800959041,-12.0,Mo75-Ta25,0.75,0.25,0.0,0.0,B2_PENALTY_154_Ru50Cu50_Zr,0.25,0.0,0.0,0.5,0.0,0.0,0.0,0.0,0.0,0.0,0.0,0.25,0.0
Mo75-Ta25,B2_PENALTY_155_Ru87Si12_Zr,-0.20117944537642626,3.18583421,2.603487904,-0.898605077,5.75,0.0996987498196708,1.747,0.4226594373724548,-14.9952,Mo75-Ta25,0.75,0.25,0.0,0.0,B2_PENALTY_155_Ru87Si12_Zr,0.4375,0.0,0.0,0.5,0.0,0.0,0.0,0.0,0.0,0.0,0.0,0.0,0.0625
Mo75-Ta25,B2_PENALTY_156_Ru75Si25_Zr,0.030778598147495978,3.18583421,3.285422312,-0.857108746,5.5,0.1096308366502065,1.729,0.4091564492953766,-12.2208,Mo75-Ta25,0.75,0.25,0.0,0.0,B2_PENALTY_156_Ru75Si25_Zr,0.375,0.0,0.0,0.5,0.0,0.0,0.0,0.0,0.0,0.0,0.0,0.0,0.125
Mo75-Ta25,B2_PENALTY_157_Ru62Si37_Zr,-0.19795981879588204,3.18583421,2.611968248,-0.806319256,5.25,0.1199620550667942,1.708,0.3917728933961614,-9.2752,Mo75-Ta25,0.75,0.25,0.0,0.0,B2_PENALTY_157_Ru62Si37_Zr,0.3125,0.0,0.0,0.5,0.0,0.0,0.0,0.0,0.0,0.0,0.0,0.0,0.1875
Mo75-Ta25,B2_PENALTY_158_Ru50Si50_Zr,0.2629681079357139,3.18583421,4.150436873,-0.770078956,5.0,0.127965781170799,1.69,0.3752998800959041,-7.0,Mo75-Ta25,0.75,0.25,0.0,0.0,B2_PENALTY_158_Ru50Si50_Zr,0.25,0.0,0.0,0.5,0.0,0.0,0.0,0.0,0.0,0.0,0.0,0.0,0.25
Mo75-Ta25,B2_MULTI_159_A_Ru87_Al12_B_HfTi,-0.23402124983201053,3.18583421,2.518380484,-0.993246203,5.6875,0.0678797217863284,1.7746000000000002,0.3889997943444186,-13.112,Mo75-Ta25,0.75,0.25,0.0,0.0,B2_MULTI_159_A_Ru87_Al12_B_HfTi,0.4375,0.25,0.25,0.0,0.0625,0.0,0.0,0.0,0.0,0.0,0.0,0.0,0.0
Mo75-Ta25,B2_MULTI_160_A_Ru75_Al25_B_HfTi,0.000192404244884254,3.18583421,3.186447237,-0.900034303,5.375,0.0654597746128897,1.7392,0.3752803751863399,-13.148,Mo75-Ta25,0.75,0.25,0.0,0.0,B2_MULTI_160_A_Ru75_Al25_B_HfTi,0.375,0.25,0.25,0.0,0.125,0.0,0.0,0.0,0.0,0.0,0.0,0.0,0.0
Mo75-Ta25,B2_MULTI_161_A_Ru87_Al12_B_HfZr,-0.20479898842599914,3.18583421,2.593983772,-0.966894404,5.6875,0.0826853853075511,1.7221000000000002,0.4292115911761937,-16.631999999999998,Mo75-Ta25,0.75,0.25,0.0,0.0,B2_MULTI_161_A_Ru87_Al12_B_HfZr,0.4375,0.25,0.0,0.25,0.0625,0.0,0.0,0.0,0.0,0.0,0.0,0.0,0.0
Mo75-Ta25,B2_MULTI_162_A_Ru75_Al25_B_HfZr,0.030290423261220625,3.18583421,3.283818469,-0.87583034,5.375,0.0796873228030491,1.6867,0.4123349487976978,-16.188,Mo75-Ta25,0.75,0.25,0.0,0.0,B2_MULTI_162_A_Ru75_Al25_B_HfZr,0.375,0.25,0.0,0.25,0.125,0.0,0.0,0.0,0.0,0.0,0.0,0.0,0.0
Mo75-Ta25,B2_MULTI_163_A_Ru87_Al12_B_HfAl,-0.24309975962792932,3.18583421,2.495293785,-4.954411074,2.8125,0.0553065594713224,1.8678,0.3451393341825878,-18.8,Mo75-Ta25,0.75,0.25,0.0,0.0,B2_MULTI_163_A_Ru87_Al12_B_HfAl,0.25,0.0625,0.0,0.0,0.1875,0.0,0.0,0.0,0.0,0.0,0.0,0.0,0.0
Mo75-Ta25,B2_MULTI_163_A_Ru87_Al13_B_HfAl,-0.24323273638461607,3.18583421,2.494957013,-1.044063929,5.4375,0.0671169315930914,1.7921,0.3795109879832204,-17.512,Mo75-Ta25,0.75,0.25,0.0,0.0,B2_MULTI_163_A_Ru87_Al13_B_HfAl,0.4375,0.25,0.0,0.0,0.3125,0.0,0.0,0.0,0.0,0.0,0.0,0.0,0.0
Mo75-Ta25,B2_MULTI_164_A_Ru75_Al25_B_HfAl,-0.007871523742617357,3.18583421,3.160855152,-0.932800309,5.125,0.0647257979106258,1.7552475247524757,0.3655934929642944,-16.912067444368198,Mo75-Ta25,0.75,0.25,0.0,0.0,B2_MULTI_164_A_Ru75_Al25_B_HfAl,0.375,0.25,0.0,0.0,0.375,0.0,0.0,0.0,0.0,0.0,0.0,0.0,0.0
Mo75-Ta25,B2_MULTI_165_A_Ru87_Al12_B_TiZr,-0.22805049065151603,3.18583421,2.533666714,-0.881935538,5.6875,0.0727621617453034,1.7821000000000002,0.3799613006610016,-14.432,Mo75-Ta25,0.75,0.25,0.0,0.0,B2_MULTI_165_A_Ru87_Al12_B_TiZr,0.4375,0.0,0.25,0.25,0.0625,0.0,0.0,0.0,0.0,0.0,0.0,0.0,0.0
Mo75-Ta25,B2_MULTI_166_A_Ru75_Al25_B_TiZr,0.006422676727704106,3.18583421,3.206361714,-0.808063227,5.375,0.0703058182976203,1.7467,0.3666280267519111,-14.288,Mo75-Ta25,0.75,0.25,0.0,0.0,B2_MULTI_166_A_Ru75_Al25_B_TiZr,0.375,0.0,0.25,0.25,0.125,0.0,0.0,0.0,0.0,0.0,0.0,0.0,0.0
Mo75-Ta25,B2_MULTI_167_A_Ru87_Al12_B_TiAl,-0.2713749527980282,3.18583421,2.424572308,-5.952786629,1.5,0.0273038199437399,1.694324324324325,0.2239032192052839,-9.817384952520088,Mo75-Ta25,0.75,0.25,0.0,0.0,B2_MULTI_167_A_Ru87_Al12_B_TiAl,0.0625,0.0,0.0625,0.0,0.25,0.0,0.0,0.0,0.0,0.0,0.0,0.0,0.0
Mo75-Ta25,B2_MULTI_167_A_Ru87_Al13_B_TiAl,-0.27141631468074184,3.18583421,2.424470144,-1.021190861,5.4375,0.0396803315535911,1.8521,0.309477931361834,-15.312,Mo75-Ta25,0.75,0.25,0.0,0.0,B2_MULTI_167_A_Ru87_Al13_B_TiAl,0.4375,0.0,0.25,0.0,0.3125,0.0,0.0,0.0,0.0,0.0,0.0,0.0,0.0
Mo75-Ta25,B2_MULTI_168_A_Ru75_Al25_B_TiAl,-0.036738742029154094,3.18583421,3.070901903,-0.941385339,5.125,0.0380980563492807,1.814653465346535,0.3004965012116891,-15.049504950495049,Mo75-Ta25,0.75,0.25,0.0,0.0,B2_MULTI_168_A_Ru75_Al25_B_TiAl,0.375,0.0,0.25,0.0,0.375,0.0,0.0,0.0,0.0,0.0,0.0,0.0,0.0
Mo75-Ta25,B2_MULTI_169_A_Ru87_Al12_B_ZrAl,-0.2363523637883692,3.18583421,2.512434563,-3.978965604,3.1875,0.0773292902137734,1.9146938775510205,0.3828683476015858,-17.35276967930029,Mo75-Ta25,0.75,0.25,0.0,0.0,B2_MULTI_169_A_Ru87_Al12_B_ZrAl,0.3125,0.0,0.0,0.125,0.0625,0.0,0.0,0.0,0.0,0.0,0.0,0.0,0.0
Mo75-Ta25,B2_MULTI_169_A_Ru87_Al13_B_ZrAl,-0.23635271700397298,3.18583421,2.512433663,-0.95203949,5.4375,0.0724611766706071,1.7996,0.3698862527859072,-18.832,Mo75-Ta25,0.75,0.25,0.0,0.0,B2_MULTI_169_A_Ru87_Al13_B_ZrAl,0.4375,0.0,0.0,0.25,0.3125,0.0,0.0,0.0,0.0,0.0,0.0,0.0,0.0
Mo75-Ta25,B2_MULTI_170_A_Ru75_Al25_B_ZrAl,-0.0017966824548976677,3.18583421,3.180115415,-0.885427863,5.125,0.0699929276125827,1.762673267326733,0.356461962724668,-18.02960494069209,Mo75-Ta25,0.75,0.25,0.0,0.0,B2_MULTI_170_A_Ru75_Al25_B_ZrAl,0.375,0.0,0.0,0.25,0.375,0.0,0.0,0.0,0.0,0.0,0.0,0.0,0.0
Mo75-V25,B2_014_RuHf,-0.18915422730807713,3.10818653,2.571059804,-1.190557465,6.0,0.0821917808219178,1.75,0.45,-15.0,Mo75-V25,0.75,0.0,0.25,0.0,B2_014_RuHf,0.5,0.5,0.0,0.0,0.0,0.0,0.0,0.0,0.0,0.0,0.0,0.0,0.0
Mo75-V25,B2_015_RuTi,-0.24096266353431367,3.10818653,2.43976227,-1.048598035,6.0,0.0462633451957295,1.87,0.33,-10.0,Mo75-V25,0.75,0.0,0.25,0.0,B2_015_RuTi,0.5,0.0,0.5,0.0,0.0,0.0,0.0,0.0,0.0,0.0,0.0,0.0,0.0
Mo75-V25,B2_016_RuZr,-0.18007147536497764,3.10818653,2.59472104,-0.959079125,6.0,0.0884353741496598,1.765,0.435,-18.0,Mo75-V25,0.75,0.0,0.25,0.0,B2_016_RuZr,0.5,0.0,0.0,0.5,0.0,0.0,0.0,0.0,0.0,0.0,0.0,0.0,0.0
Mo75-V25,B2_017_RuAl,-0.2618713526992405,3.10818653,2.388477153,-1.00191235,5.5,0.0324909747292418,1.905,0.295,-20.0,Mo75-V25,0.75,0.0,0.25,0.0,B2_017_RuAl,0.5,0.0,0.0,0.0,0.5,0.0,0.0,0.0,0.0,0.0,0.0,0.0,0.0
Mo75-V25,MATRIX_BIN_018_Nb12_Mo87,-0.21040794480908018,3.10818653,2.516452193,-0.074598622,5.875,0.0162666672861703,2.0928,0.1819784602638455,-0.8448,Mo75-V25,0.75,0.0,0.25,0.0,MATRIX_BIN_018_Nb12_Mo87,0.0,0.0,0.0,0.0,0.0,0.875,0.125,0.0,0.0,0.0,0.0,0.0,0.0
Mo75-V25,MATRIX_BIN_019_Nb25_Mo75,0.025499524437892433,3.10818653,3.18846737,-0.093096702,5.75,0.0215352675896663,2.02,0.2424871130596428,-1.5,Mo75-V25,0.75,0.0,0.25,0.0,MATRIX_BIN_019_Nb25_Mo75,0.0,0.0,0.0,0.0,0.0,0.75,0.25,0.0,0.0,0.0,0.0,0.0,0.0
Mo75-V25,MATRIX_BIN_020_Nb50_Mo50,0.26758658251241124,3.10818653,4.068360358,-0.068167471,5.5,0.0245614035087719,1.88,0.28,-2.0,Mo75-V25,0.75,0.0,0.25,0.0,MATRIX_BIN_020_Nb50_Mo50,0.0,0.0,0.0,0.0,0.0,0.5,0.5,0.0,0.0,0.0,0.0,0.0,0.0
Mo75-V25,MATRIX_BIN_021_Nb75_Mo25,0.05266034754664799,3.10818653,3.276290931,-0.003897255,5.25,0.0210127480987559,1.7400000000000002,0.2424871130596428,-1.5,Mo75-V25,0.75,0.0,0.25,0.0,MATRIX_BIN_021_Nb75_Mo25,0.0,0.0,0.0,0.0,0.0,0.25,0.75,0.0,0.0,0.0,0.0,0.0,0.0
Mo75-V25,MATRIX_BIN_022_Nb87_Mo12,-0.17088639447736062,3.10818653,2.618850201,0.026755452,5.125,0.0156705067050018,1.6672000000000002,0.1819784602638455,-0.8448,Mo75-V25,0.75,0.0,0.25,0.0,MATRIX_BIN_022_Nb87_Mo12,0.0,0.0,0.0,0.0,0.0,0.125,0.875,0.0,0.0,0.0,0.0,0.0,0.0
Mo75-V25,MATRIX_BIN_023_Nb12_Ta87,-0.16699304468298823,3.10818653,2.629139739,0.01664066,5.0,0.0,1.512,0.0324961536185438,-0.4224,Mo75-V25,0.75,0.0,0.25,0.0,MATRIX_BIN_023_Nb12_Ta87,0.0,0.0,0.0,0.0,0.0,0.0,0.125,0.875,0.0,0.0,0.0,0.0,0.0
Mo75-V25,MATRIX_BIN_024_Nb25_Ta75,0.06429321417556412,3.10818653,3.314659229,0.02257152,5.0,0.0,1.525,0.0433012701892219,-0.75,Mo75-V25,0.75,0.0,0.25,0.0,MATRIX_BIN_024_Nb25_Ta75,0.0,0.0,0.0,0.0,0.0,0.0,0.25,0.75,0.0,0.0,0.0,0.0,0.0
Mo75-V25,MATRIX_BIN_025_Nb50_Ta50,0.29448145651872026,3.10818653,4.181529649,0.032388069,5.0,0.0,1.55,0.05,-1.0,Mo75-V25,0.75,0.0,0.25,0.0,MATRIX_BIN_025_Nb50_Ta50,0.0,0.0,0.0,0.0,0.0,0.0,0.5,0.5,0.0,0.0,0.0,0.0,0.0
Mo75-V25,MATRIX_BIN_026_Nb75_Ta25,0.0665880829370389,3.10818653,3.322282844,0.043369138,5.0,0.0,1.5750000000000002,0.0433012701892219,-0.75,Mo75-V25,0.75,0.0,0.25,0.0,MATRIX_BIN_026_Nb75_Ta25,0.0,0.0,0.0,0.0,0.0,0.0,0.75,0.25,0.0,0.0,0.0,0.0,0.0
Mo75-V25,MATRIX_BIN_027_Nb87_Ta12,-0.16361888492243756,3.10818653,2.638087089,0.04776952,5.0,0.0,1.588,0.0324961536185438,-0.4224,Mo75-V25,0.75,0.0,0.25,0.0,MATRIX_BIN_027_Nb87_Ta12,0.0,0.0,0.0,0.0,0.0,0.0,0.875,0.125,0.0,0.0,0.0,0.0,0.0
Mo75-V25,MATRIX_BIN_028_Nb12_W87,-0.20508254716742697,3.10818653,2.53003601,-0.064576028,5.875,0.0162666672861703,2.2688,0.2469707675009331,-0.8448,Mo75-V25,0.75,0.0,0.25,0.0,MATRIX_BIN_028_Nb12_W87,0.0,0.0,0.0,0.0,0.0,0.0,0.125,0.0,0.875,0.0,0.0,0.0,0.0
Mo75-V25,MATRIX_BIN_029_Nb25_W75,0.029763437384610198,3.10818653,3.202094355,-0.067975525,5.75,0.0215352675896663,2.17,0.3290896534380866,-1.5,Mo75-V25,0.75,0.0,0.25,0.0,MATRIX_BIN_029_Nb25_W75,0.0,0.0,0.0,0.0,0.0,0.0,0.25,0.0,0.75,0.0,0.0,0.0,0.0
Mo75-V25,MATRIX_BIN_030_Nb50_W50,0.2696859666607134,3.10818653,4.077067638,-0.024208031,5.5,0.0245614035087719,1.98,0.3799999999999999,-2.0,Mo75-V25,0.75,0.0,0.25,0.0,MATRIX_BIN_030_Nb50_W50,0.0,0.0,0.0,0.0,0.0,0.0,0.5,0.0,0.5,0.0,0.0,0.0,0.0
Mo75-V25,MATRIX_BIN_031_Nb75_W25,0.053226697291473,3.10818653,3.278148285,0.026336168,5.25,0.0210127480987559,1.79,0.3290896534380866,-1.5,Mo75-V25,0.75,0.0,0.25,0.0,MATRIX_BIN_031_Nb75_W25,0.0,0.0,0.0,0.0,0.0,0.0,0.75,0.0,0.25,0.0,0.0,0.0,0.0
Mo75-V25,MATRIX_BIN_032_Nb87_W12,-0.17043693576034913,3.10818653,2.620036168,0.042204846,5.125,0.0156705067050018,1.6912,0.2469707675009331,-0.8448,Mo75-V25,0.75,0.0,0.25,0.0,MATRIX_BIN_032_Nb87_W12,0.0,0.0,0.0,0.0,0.0,0.0,0.875,0.0,0.125,0.0,0.0,0.0,0.0
Mo75-V25,MATRIX_BIN_033_Nb12_V87,-0.25441804368183013,3.10818653,2.406649618,0.08248568,5.0,0.0287916304948704,1.6263999999999998,0.009748846085563,-0.4224,Mo75-V25,0.75,0.0,0.25,0.0,MATRIX_BIN_033_Nb12_V87,0.0,0.0,0.0,0.0,0.0,0.0,0.125,0.0,0.0,0.875,0.0,0.0,0.0
Mo75-V25,MATRIX_BIN_034_Nb25_V75,-0.00885214272794355,3.10818653,3.080793662,0.119704924,5.0,0.0379281198737709,1.6225,0.0129903810567664,-0.75,Mo75-V25,0.75,0.0,0.25,0.0,MATRIX_BIN_034_Nb25_V75,0.0,0.0,0.0,0.0,0.0,0.0,0.25,0.0,0.0,0.75,0.0,0.0,0.0
Mo75-V25,MATRIX_BIN_035_Nb50_V50,0.2503564671742301,3.10818653,3.997687259,0.146260085,5.0,0.0428571428571428,1.615,0.0149999999999999,-1.0,Mo75-V25,0.75,0.0,0.25,0.0,MATRIX_BIN_035_Nb50_V50,0.0,0.0,0.0,0.0,0.0,0.0,0.5,0.0,0.0,0.5,0.0,0.0,0.0
Mo75-V25,MATRIX_BIN_036_Nb75_V25,0.045384938760657405,3.10818653,3.252526823,0.114812331,5.0,0.0363367302287176,1.6075000000000002,0.0129903810567664,-0.75,Mo75-V25,0.75,0.0,0.25,0.0,MATRIX_BIN_036_Nb75_V25,0.0,0.0,0.0,0.0,0.0,0.0,0.75,0.0,0.0,0.25,0.0,0.0,0.0
Mo75-V25,MATRIX_BIN_037_Nb87_V12,-0.1741739966736259,3.10818653,2.61019026,0.086073827,5.0,0.0269752243651442,1.6036,0.009748846085563,-0.4224,Mo75-V25,0.75,0.0,0.25,0.0,MATRIX_BIN_037_Nb87_V12,0.0,0.0,0.0,0.0,0.0,0.0,0.875,0.0,0.0,0.125,0.0,0.0,0.0
Mo75-V25,MATRIX_BIN_038_Mo12_Ta87,-0.17445907084464513,3.10818653,2.609440574,-0.021898875,5.125,0.0156705067050018,1.5792000000000002,0.2144746138823893,-0.8448,Mo75-V25,0.75,0.0,0.25,0.0,MATRIX_BIN_038_Mo12_Ta87,0.0,0.0,0.0,0.0,0.0,0.125,0.0,0.875,0.0,0.0,0.0,0.0,0.0
Mo75-V25,MATRIX_BIN_039_Mo25_Ta75,0.0492126691582195,3.10818653,3.265007474,-0.045341345,5.25,0.0210127480987559,1.665,0.2857883832488648,-1.5,Mo75-V25,0.75,0.0,0.25,0.0,MATRIX_BIN_039_Mo25_Ta75,0.0,0.0,0.0,0.0,0.0,0.25,0.0,0.75,0.0,0.0,0.0,0.0,0.0
Mo75-V25,MATRIX_BIN_040_Mo50_Ta50,0.26474581575855205,3.10818653,4.056611707,-0.115010835,5.5,0.0245614035087719,1.83,0.33,-2.0,Mo75-V25,0.75,0.0,0.25,0.0,MATRIX_BIN_040_Mo50_Ta50,0.0,0.0,0.0,0.0,0.0,0.5,0.0,0.5,0.0,0.0,0.0,0.0,0.0
Mo75-V25,MATRIX_BIN_041_Mo75_Ta25,0.023982656492707925,3.10818653,3.183633813,-0.13445637,5.75,0.0215352675896663,1.995,0.2857883832488648,-1.5,Mo75-V25,0.75,0.0,0.25,0.0,MATRIX_BIN_041_Mo75_Ta25,0.0,0.0,0.0,0.0,0.0,0.75,0.0,0.25,0.0,0.0,0.0,0.0,0.0
Mo75-V25,MATRIX_BIN_042_Mo87_Ta12,-0.21118444708808626,3.10818653,2.514476987,-0.10635318,5.875,0.0162666672861703,2.0808,0.2144746138823893,-0.8448,Mo75-V25,0.75,0.0,0.25,0.0,MATRIX_BIN_042_Mo87_Ta12,0.0,0.0,0.0,0.0,0.0,0.875,0.0,0.125,0.0,0.0,0.0,0.0,0.0
Mo75-V25,MATRIX_BIN_043_Mo12_W87,-0.2108011181016138,3.10818653,2.515451896,-0.03228228,6.0,0.0,2.336,0.0649923072370876,-0.4224,Mo75-V25,0.75,0.0,0.25,0.0,MATRIX_BIN_043_Mo12_W87,0.0,0.0,0.0,0.0,0.0,0.125,0.0,0.0,0.875,0.0,0.0,0.0,0.0
Mo75-V25,MATRIX_BIN_044_Mo25_W75,0.018726550072031816,3.10818653,3.166942287,-0.031021756,6.0,0.0,2.31,0.0866025403784437,-0.75,Mo75-V25,0.75,0.0,0.25,0.0,MATRIX_BIN_044_Mo25_W75,0.0,0.0,0.0,0.0,0.0,0.25,0.0,0.0,0.75,0.0,0.0,0.0,0.0
Mo75-V25,MATRIX_BIN_045_Mo50_W50,0.2470296739904765,3.10818653,3.984201707,-0.031400886,6.0,0.0,2.26,0.0999999999999998,-1.0,Mo75-V25,0.75,0.0,0.25,0.0,MATRIX_BIN_045_Mo50_W50,0.0,0.0,0.0,0.0,0.0,0.5,0.0,0.0,0.5,0.0,0.0,0.0,0.0
Mo75-V25,MATRIX_BIN_046_Mo75_W25,0.01576368630550618,3.10818653,3.157572258,-0.029765179,6.0,0.0,2.21,0.0866025403784437,-0.75,Mo75-V25,0.75,0.0,0.25,0.0,MATRIX_BIN_046_Mo75_W25,0.0,0.0,0.0,0.0,0.0,0.75,0.0,0.0,0.25,0.0,0.0,0.0,0.0
Mo75-V25,MATRIX_BIN_047_Mo87_W12,-0.215315688770714,3.10818653,2.503991537,-0.029998622,6.0,0.0,2.184,0.0649923072370876,-0.4224,Mo75-V25,0.75,0.0,0.25,0.0,MATRIX_BIN_047_Mo87_W12,0.0,0.0,0.0,0.0,0.0,0.875,0.0,0.0,0.125,0.0,0.0,0.0,0.0
Mo75-V25,MATRIX_BIN_048_Mo12_V87,-0.2641156524480123,3.10818653,2.383028597,-0.006338223,5.125,0.0120713795016878,1.6936,0.1722296141782824,-0.4224,Mo75-V25,0.75,0.0,0.25,0.0,MATRIX_BIN_048_Mo12_V87,0.0,0.0,0.0,0.0,0.0,0.125,0.0,0.0,0.0,0.875,0.0,0.0,0.0
Mo75-V25,MATRIX_BIN_049_Mo25_V75,-0.027737599390061707,3.10818653,3.023152221,-0.037424369,5.25,0.0160078632862187,1.7625,0.2294967320028763,-0.75,Mo75-V25,0.75,0.0,0.25,0.0,MATRIX_BIN_049_Mo25_V75,0.0,0.0,0.0,0.0,0.0,0.25,0.0,0.0,0.0,0.75,0.0,0.0,0.0
Mo75-V25,MATRIX_BIN_050_Mo50_V50,0.21617963268204332,3.10818653,3.861543353,-0.097449414,5.5,0.0183150183150182,1.895,0.2650000000000001,-1.0,Mo75-V25,0.75,0.0,0.25,0.0,MATRIX_BIN_050_Mo50_V50,0.0,0.0,0.0,0.0,0.0,0.5,0.0,0.0,0.0,0.5,0.0,0.0,0.0
Mo75-V25,MATRIX_BIN_051_Mo75_V25,-0.0002184319168195855,3.10818653,3.107507677,-0.114008179,5.75,0.0157173394516231,2.0275,0.2294967320028763,-0.75,Mo75-V25,0.75,0.0,0.25,0.0,MATRIX_BIN_051_Mo75_V25,0.0,0.0,0.0,0.0,0.0,0.75,0.0,0.0,0.0,0.25,0.0,0.0,0.0
Mo75-V25,MATRIX_BIN_052_Mo87_V12,-0.223055012399072,3.10818653,2.484453351,-0.088360288,5.875,0.0117399398910924,2.0964,0.1722296141782824,-0.4224,Mo75-V25,0.75,0.0,0.25,0.0,MATRIX_BIN_052_Mo87_V12,0.0,0.0,0.0,0.0,0.0,0.875,0.0,0.0,0.0,0.125,0.0,0.0,0.0
Mo75-V25,MATRIX_BIN_053_Ta12_W87,-0.20574041203365817,3.10818653,2.528354403,-0.093051999,5.875,0.0162666672861703,2.2568,0.279466921119477,-0.4224,Mo75-V25,0.75,0.0,0.25,0.0,MATRIX_BIN_053_Ta12_W87,0.0,0.0,0.0,0.0,0.0,0.0,0.0,0.125,0.875,0.0,0.0,0.0,0.0
Mo75-V25,MATRIX_BIN_054_Ta25_W75,0.028419550489910635,3.10818653,3.197793083,-0.107372831,5.75,0.0215352675896663,2.145,0.3723909236273086,-0.75,Mo75-V25,0.75,0.0,0.25,0.0,MATRIX_BIN_054_Ta25_W75,0.0,0.0,0.0,0.0,0.0,0.0,0.0,0.25,0.75,0.0,0.0,0.0,0.0
Mo75-V25,MATRIX_BIN_055_Ta50_W50,0.2675810947646703,3.10818653,4.068337625,-0.070797609,5.5,0.0245614035087719,1.93,0.4299999999999999,-1.0,Mo75-V25,0.75,0.0,0.25,0.0,MATRIX_BIN_055_Ta50_W50,0.0,0.0,0.0,0.0,0.0,0.0,0.0,0.5,0.5,0.0,0.0,0.0,0.0
Mo75-V25,MATRIX_BIN_056_Ta75_W25,0.05030919964380361,3.10818653,3.268591838,-0.021707099,5.25,0.0210127480987559,1.715,0.3723909236273086,-0.75,Mo75-V25,0.75,0.0,0.25,0.0,MATRIX_BIN_056_Ta75_W25,0.0,0.0,0.0,0.0,0.0,0.0,0.0,0.75,0.25,0.0,0.0,0.0,0.0
Mo75-V25,MATRIX_BIN_057_Ta87_W12,-0.17396270735253241,3.10818653,2.610746034,-0.005622646,5.125,0.0156705067050018,1.6032,0.279466921119477,-0.4224,Mo75-V25,0.75,0.0,0.25,0.0,MATRIX_BIN_057_Ta87_W12,0.0,0.0,0.0,0.0,0.0,0.0,0.0,0.875,0.125,0.0,0.0,0.0,0.0
Mo75-V25,MATRIX_BIN_058_Ta12_V87,-0.2547261383696444,3.10818653,2.405896049,0.06873568,5.0,0.0287916304948704,1.6143999999999998,0.0422449997041069,0.0,Mo75-V25,0.75,0.0,0.25,0.0,MATRIX_BIN_058_Ta12_V87,0.0,0.0,0.0,0.0,0.0,0.0,0.0,0.125,0.0,0.875,0.0,0.0,0.0
Mo75-V25,MATRIX_BIN_059_Ta25_V75,-0.009097161172611948,3.10818653,3.080038888,0.103170482,5.0,0.0379281198737709,1.5975,0.0562916512459884,0.0,Mo75-V25,0.75,0.0,0.25,0.0,MATRIX_BIN_059_Ta25_V75,0.0,0.0,0.0,0.0,0.0,0.0,0.0,0.25,0.0,0.75,0.0,0.0,0.0
Mo75-V25,MATRIX_BIN_060_Ta50_V50,0.24899860924173917,3.10818653,3.992176831,0.118279576,5.0,0.0428571428571428,1.565,0.0649999999999999,0.0,Mo75-V25,0.75,0.0,0.25,0.0,MATRIX_BIN_060_Ta50_V50,0.0,0.0,0.0,0.0,0.0,0.0,0.0,0.5,0.0,0.5,0.0,0.0,0.0
Mo75-V25,MATRIX_BIN_061_Ta75_V25,0.04283677833462516,3.10818653,3.244245389,0.083356798,5.0,0.0363367302287176,1.5325,0.0562916512459884,0.0,Mo75-V25,0.75,0.0,0.25,0.0,MATRIX_BIN_061_Ta75_V25,0.0,0.0,0.0,0.0,0.0,0.0,0.0,0.75,0.0,0.25,0.0,0.0,0.0
Mo75-V25,MATRIX_BIN_062_Ta87_V12,-0.17745830016572753,3.10818653,2.601565119,0.048231505,5.0,0.0269752243651442,1.5156,0.0422449997041069,0.0,Mo75-V25,0.75,0.0,0.25,0.0,MATRIX_BIN_062_Ta87_V12,0.0,0.0,0.0,0.0,0.0,0.0,0.0,0.875,0.0,0.125,0.0,0.0,0.0
Mo75-V25,MATRIX_BIN_063_W12_V87,-0.26264902092460574,3.10818653,2.38658796,0.007573578,5.125,0.0120713795016878,1.7175999999999998,0.23722192141537,0.0,Mo75-V25,0.75,0.0,0.25,0.0,MATRIX_BIN_063_W12_V87,0.0,0.0,0.0,0.0,0.0,0.0,0.0,0.0,0.125,0.875,0.0,0.0,0.0
Mo75-V25,MATRIX_BIN_064_W25_V75,-0.024655490436221214,3.10818653,3.032485885,-0.010397496,5.25,0.0160078632862187,1.8125,0.3160992723813201,0.0,Mo75-V25,0.75,0.0,0.25,0.0,MATRIX_BIN_064_W25_V75,0.0,0.0,0.0,0.0,0.0,0.0,0.0,0.0,0.25,0.75,0.0,0.0,0.0
Mo75-V25,MATRIX_BIN_065_W50_V50,0.22133814820629116,3.10818653,3.881757122,-0.05491275,5.5,0.0183150183150182,1.995,0.365,0.0,Mo75-V25,0.75,0.0,0.25,0.0,MATRIX_BIN_065_W50_V50,0.0,0.0,0.0,0.0,0.0,0.0,0.0,0.0,0.5,0.5,0.0,0.0,0.0
Mo75-V25,MATRIX_BIN_066_W75_V25,0.006067698545003856,3.10818653,3.12710346,-0.09208095,5.75,0.0157173394516231,2.1775,0.3160992723813201,0.0,Mo75-V25,0.75,0.0,0.25,0.0,MATRIX_BIN_066_W75_V25,0.0,0.0,0.0,0.0,0.0,0.0,0.0,0.0,0.75,0.25,0.0,0.0,0.0
Mo75-V25,MATRIX_BIN_067_W87_V12,-0.2168172255019273,3.10818653,2.50019019,-0.084931073,5.875,0.0117399398910924,2.2724,0.23722192141537,0.0,Mo75-V25,0.75,0.0,0.25,0.0,MATRIX_BIN_067_W87_V12,0.0,0.0,0.0,0.0,0.0,0.0,0.0,0.0,0.875,0.125,0.0,0.0,0.0
Mo75-V25,MATRIX_TERN_068_Nb33_Mo33_Ta33,0.18069026230789284,3.10818653,3.725584467,-0.065262171,5.333333333,0.0229686657461987,1.7533333333333334,0.2904402788105596,-2.2222222222222228,Mo75-V25,0.75,0.0,0.25,0.0,MATRIX_TERN_068_Nb33_Mo33_Ta33,0.0,0.0,0.0,0.0,0.0,0.333333333,0.333333333,0.333333333,0.0,0.0,0.0,0.0,0.0
Mo75-V25,MATRIX_TERN_069_Nb33_Mo33_W33,0.16707806063453512,3.10818653,3.674833441,-0.049686914,5.666666667,0.0233478654165369,2.0400000000000005,0.3216623488483951,-2.2222222222222223,Mo75-V25,0.75,0.0,0.25,0.0,MATRIX_TERN_069_Nb33_Mo33_W33,0.0,0.0,0.0,0.0,0.0,0.333333333,0.333333333,0.0,0.333333333,0.0,0.0,0.0,0.0
Mo75-V25,MATRIX_TERN_070_Nb33_Mo33_V33,0.1504285408757499,3.10818653,3.613773878,-0.013214523,5.333333333,0.0352382411938744,1.7966666666666669,0.2572072229848058,-1.777777777777778,Mo75-V25,0.75,0.0,0.25,0.0,MATRIX_TERN_070_Nb33_Mo33_V33,0.0,0.0,0.0,0.0,0.0,0.333333333,0.333333333,0.0,0.0,0.333333333,0.0,0.0,0.0
Mo75-V25,MATRIX_TERN_071_Nb33_Ta33_W33,0.18194753560294386,3.10818653,3.730310358,-0.031019427,5.333333333,0.0229686657461987,1.82,0.3840138886377244,-1.777777777777778,Mo75-V25,0.75,0.0,0.25,0.0,MATRIX_TERN_071_Nb33_Ta33_W33,0.0,0.0,0.0,0.0,0.0,0.0,0.333333333,0.333333333,0.333333333,0.0,0.0,0.0,0.0
Mo75-V25,MATRIX_TERN_072_Nb33_Ta33_V33,0.16984671042992935,3.10818653,3.685094771,0.08652521,5.0,0.0398370017569885,1.5766666666666669,0.0555777733351102,-0.8888888888888891,Mo75-V25,0.75,0.0,0.25,0.0,MATRIX_TERN_072_Nb33_Ta33_V33,0.0,0.0,0.0,0.0,0.0,0.0,0.333333333,0.333333333,0.0,0.333333333,0.0,0.0,0.0
Mo75-V25,MATRIX_TERN_073_Nb33_W33_V33,0.1527840655916951,3.10818653,3.622345558,0.018775382,5.333333333,0.0352382411938744,1.8633333333333333,0.351409858838492,-1.3333333333333337,Mo75-V25,0.75,0.0,0.25,0.0,MATRIX_TERN_073_Nb33_W33_V33,0.0,0.0,0.0,0.0,0.0,0.0,0.333333333,0.0,0.333333333,0.333333333,0.0,0.0,0.0
Mo75-V25,MATRIX_TERN_074_Mo33_Ta33_W33,0.16529931584953408,3.10818653,3.668257294,-0.093088097,5.666666667,0.0233478654165369,2.006666666666667,0.3674537007872178,-1.777777777777778,Mo75-V25,0.75,0.0,0.25,0.0,MATRIX_TERN_074_Mo33_Ta33_W33,0.0,0.0,0.0,0.0,0.0,0.333333333,0.0,0.333333333,0.333333333,0.0,0.0,0.0,0.0
Mo75-V25,MATRIX_TERN_075_Mo33_Ta33_V33,0.1487294178178846,3.10818653,3.607604365,-0.042224622,5.333333333,0.0352382411938744,1.7633333333333336,0.2854625875467553,-1.3333333333333337,Mo75-V25,0.75,0.0,0.25,0.0,MATRIX_TERN_075_Mo33_Ta33_V33,0.0,0.0,0.0,0.0,0.0,0.333333333,0.0,0.333333333,0.0,0.333333333,0.0,0.0,0.0
Mo75-V25,MATRIX_TERN_076_Mo33_W33_V33,0.13378936773214065,3.10818653,3.553840738,-0.074437179,5.666666667,0.0171627859511297,2.0500000000000003,0.3080043289739069,-0.8888888888888891,Mo75-V25,0.75,0.0,0.25,0.0,MATRIX_TERN_076_Mo33_W33_V33,0.0,0.0,0.0,0.0,0.0,0.333333333,0.0,0.0,0.333333333,0.333333333,0.0,0.0,0.0
Mo75-V25,MATRIX_TERN_077_Ta33_W33_V33,0.15117364098980204,3.10818653,3.616482912,-0.005449438,5.333333333,0.0352382411938744,1.83,0.3785058343892028,-0.4444444444444445,Mo75-V25,0.75,0.0,0.25,0.0,MATRIX_TERN_077_Ta33_W33_V33,0.0,0.0,0.0,0.0,0.0,0.0,0.0,0.333333333,0.333333333,0.333333333,0.0,0.0,0.0
Mo75-V25,B2_TERN_SOL_078_Ru_Hf87_Nb12,-0.1926487029400824,3.10818653,2.562008656,-1.091011246,6.0625,0.079929319846275,1.7680000000000002,0.4374654272053965,-14.1168,Mo75-V25,0.75,0.0,0.25,0.0,B2_TERN_SOL_078_Ru_Hf87_Nb12,0.5,0.4375,0.0,0.0,0.0,0.0,0.0625,0.0,0.0,0.0,0.0,0.0,0.0
Mo75-V25,B2_TERN_SOL_079_Ru_Hf75_Nb25,0.035698802343679205,3.10818653,3.221161604,-0.990479496,6.125,0.0772310128363896,1.786,0.4237971212738473,-13.1472,Mo75-V25,0.75,0.0,0.25,0.0,B2_TERN_SOL_079_Ru_Hf75_Nb25,0.5,0.375,0.0,0.0,0.0,0.0,0.125,0.0,0.0,0.0,0.0,0.0,0.0
Mo75-V25,B2_TERN_SOL_080_Ru_Hf87_Mo12,-0.19559593926832955,3.10818653,2.554397326,-1.011580317,6.125,0.0808002001785193,1.8016,0.4447172584912801,-14.16,Mo75-V25,0.75,0.0,0.25,0.0,B2_TERN_SOL_080_Ru_Hf87_Mo12,0.5,0.4375,0.0,0.0,0.0,0.0625,0.0,0.0,0.0,0.0,0.0,0.0,0.0
Mo75-V25,B2_TERN_SOL_081_Ru_Hf75_Mo25,0.02914922206379931,3.10818653,3.200127757,-0.833822359,6.25,0.0785362630419332,1.8532,0.4332686926146408,-13.32,Mo75-V25,0.75,0.0,0.25,0.0,B2_TERN_SOL_081_Ru_Hf75_Mo25,0.5,0.375,0.0,0.0,0.0,0.125,0.0,0.0,0.0,0.0,0.0,0.0,0.0
Mo75-V25,B2_TERN_SOL_082_Ru_Hf87_Ta12,-0.19331116571115534,3.10818653,2.560296043,-1.113680888,6.0625,0.079929319846275,1.7620000000000002,0.4404043596514458,-13.68,Mo75-V25,0.75,0.0,0.25,0.0,B2_TERN_SOL_082_Ru_Hf87_Ta12,0.5,0.4375,0.0,0.0,0.0,0.0,0.0,0.0625,0.0,0.0,0.0,0.0,0.0
Mo75-V25,B2_TERN_SOL_083_Ru_Hf75_Ta25,0.03427064170725463,3.10818653,3.216563145,-1.032519678,6.125,0.0772310128363896,1.774,0.4302603862778911,-12.36,Mo75-V25,0.75,0.0,0.25,0.0,B2_TERN_SOL_083_Ru_Hf75_Ta25,0.5,0.375,0.0,0.0,0.0,0.0,0.0,0.125,0.0,0.0,0.0,0.0,0.0
Mo75-V25,B2_TERN_SOL_084_Ru_Hf87_W12,-0.1956150230970118,3.10818653,2.554348108,-1.017173511,6.125,0.0808002001785193,1.8136,0.4567614694783263,-13.92,Mo75-V25,0.75,0.0,0.25,0.0,B2_TERN_SOL_084_Ru_Hf87_W12,0.5,0.4375,0.0,0.0,0.0,0.0,0.0,0.0,0.0625,0.0,0.0,0.0,0.0
Mo75-V25,B2_TERN_SOL_085_Ru_Hf75_W25,0.029388462003370946,3.10818653,3.200893611,-0.836868509,6.25,0.0785362630419332,1.8772,0.4546120983871855,-12.84,Mo75-V25,0.75,0.0,0.25,0.0,B2_TERN_SOL_085_Ru_Hf75_W25,0.5,0.375,0.0,0.0,0.0,0.0,0.0,0.0,0.125,0.0,0.0,0.0,0.0
Mo75-V25,B2_TERN_SOL_086_Ru_Hf87_V12,-0.19886831478411637,3.10818653,2.545970218,-1.063735031,6.0625,0.0824106716944606,1.7698,0.4368317296167943,-13.44,Mo75-V25,0.75,0.0,0.25,0.0,B2_TERN_SOL_086_Ru_Hf87_V12,0.5,0.4375,0.0,0.0,0.0,0.0,0.0,0.0,0.0,0.0625,0.0,0.0,0.0
Mo75-V25,B2_TERN_SOL_087_Ru_Hf75_V25,0.023096405288540824,3.10818653,3.180813173,-0.946727169,6.125,0.0813951555025931,1.7896,0.4223266981851847,-11.88,Mo75-V25,0.75,0.0,0.25,0.0,B2_TERN_SOL_087_Ru_Hf75_V25,0.5,0.375,0.0,0.0,0.0,0.0,0.0,0.0,0.0,0.125,0.0,0.0,0.0
Mo75-V25,B2_TERN_SOL_088_Ru_Ti87_Nb12,-0.2359803177867994,3.10818653,2.452124543,-0.983188993,6.0625,0.04588506177003,1.8736,0.3266910467092724,-9.6112,Mo75-V25,0.75,0.0,0.25,0.0,B2_TERN_SOL_088_Ru_Ti87_Nb12,0.5,0.0,0.4375,0.0,0.0,0.0,0.0625,0.0,0.0,0.0,0.0,0.0,0.0
Mo75-V25,B2_TERN_SOL_089_Ru_Ti75_Nb25,-0.0017008609388809003,3.10818653,3.102904429,-0.903188944,6.125,0.0454989552387946,1.8772,0.3233081502220444,-9.1648,Mo75-V25,0.75,0.0,0.25,0.0,B2_TERN_SOL_089_Ru_Ti75_Nb25,0.5,0.0,0.375,0.0,0.0,0.0,0.125,0.0,0.0,0.0,0.0,0.0,0.0
Mo75-V25,B2_TERN_SOL_090_Ru_Ti87_Mo12,-0.23964771619789196,3.10818653,2.443019595,-0.92145562,6.125,0.0449536510398423,1.9072,0.3256196554263886,-9.760000000000002,Mo75-V25,0.75,0.0,0.25,0.0,B2_TERN_SOL_090_Ru_Ti87_Mo12,0.5,0.0,0.4375,0.0,0.0,0.0625,0.0,0.0,0.0,0.0,0.0,0.0,0.0
Mo75-V25,B2_TERN_SOL_091_Ru_Ti75_Mo25,-0.00784891581111729,3.10818653,3.083886002,-0.762838311,6.25,0.0433128345312989,1.9444,0.3168416639269527,-9.52,Mo75-V25,0.75,0.0,0.25,0.0,B2_TERN_SOL_091_Ru_Ti75_Mo25,0.5,0.0,0.375,0.0,0.0,0.125,0.0,0.0,0.0,0.0,0.0,0.0,0.0
Mo75-V25,B2_TERN_SOL_092_Ru_Ti87_Ta12,-0.23662566202696564,3.10818653,2.4505202,-1.012091649,6.0625,0.04588506177003,1.8676,0.3325270515311499,-9.28,Mo75-V25,0.75,0.0,0.25,0.0,B2_TERN_SOL_092_Ru_Ti87_Ta12,0.5,0.0,0.4375,0.0,0.0,0.0,0.0,0.0625,0.0,0.0,0.0,0.0,0.0
Mo75-V25,B2_TERN_SOL_093_Ru_Ti75_Ta25,-0.003025034914991444,3.10818653,3.098798357,-0.958150623,6.125,0.0454989552387946,1.8652,0.3350178502706983,-8.559999999999999,Mo75-V25,0.75,0.0,0.25,0.0,B2_TERN_SOL_093_Ru_Ti75_Ta25,0.5,0.0,0.375,0.0,0.0,0.0,0.0,0.125,0.0,0.0,0.0,0.0,0.0
Mo75-V25,B2_TERN_SOL_094_Ru_Ti87_W12,-0.23934607525895554,3.10818653,2.443767345,-0.933472753,6.125,0.0449536510398423,1.9192,0.338158779273879,-9.52,Mo75-V25,0.75,0.0,0.25,0.0,B2_TERN_SOL_094_Ru_Ti87_W12,0.5,0.0,0.4375,0.0,0.0,0.0,0.0,0.0,0.0625,0.0,0.0,0.0,0.0
Mo75-V25,B2_TERN_SOL_095_Ru_Ti75_W25,-0.00840030962420897,3.10818653,3.082186007,-0.789613358,6.25,0.0433128345312989,1.9684,0.3390596407713546,-9.04,Mo75-V25,0.75,0.0,0.25,0.0,B2_TERN_SOL_095_Ru_Ti75_W25,0.5,0.0,0.375,0.0,0.0,0.0,0.0,0.0,0.125,0.0,0.0,0.0,0.0
Mo75-V25,B2_TERN_SOL_096_Ru_Ti87_V12,-0.24385848265264237,3.10818653,2.432602346,-0.982724607,6.0625,0.0461854444311139,1.8754,0.3252581128888256,-9.04,Mo75-V25,0.75,0.0,0.25,0.0,B2_TERN_SOL_096_Ru_Ti87_V12,0.5,0.0,0.4375,0.0,0.0,0.0,0.0,0.0,0.0,0.0625,0.0,0.0,0.0
Mo75-V25,B2_TERN_SOL_097_Ru_Ti75_V25,-0.017260597464496694,3.10818653,3.05499642,-0.905306641,6.125,0.0454154582679287,1.8808,0.3203550530271062,-8.08,Mo75-V25,0.75,0.0,0.25,0.0,B2_TERN_SOL_097_Ru_Ti75_V25,0.5,0.0,0.375,0.0,0.0,0.0,0.0,0.0,0.0,0.125,0.0,0.0,0.0
Mo75-V25,B2_TERN_SOL_098_Ru_Zr87_Nb12,-0.18290196348238533,3.10818653,2.587326291,-0.890146496,6.0625,0.0860586382926536,1.7812,0.423370476060861,-16.756800000000002,Mo75-V25,0.75,0.0,0.25,0.0,B2_TERN_SOL_098_Ru_Zr87_Nb12,0.5,0.0,0.0,0.4375,0.0,0.0,0.0625,0.0,0.0,0.0,0.0,0.0,0.0
Mo75-V25,B2_TERN_SOL_099_Ru_Zr75_Nb25,0.04420181879038857,3.10818653,3.24867904,-0.818094975,6.125,0.0831528643327092,1.7974,0.4107739524361301,-15.4272,Mo75-V25,0.75,0.0,0.25,0.0,B2_TERN_SOL_099_Ru_Zr75_Nb25,0.5,0.0,0.0,0.375,0.0,0.0,0.125,0.0,0.0,0.0,0.0,0.0,0.0
Mo75-V25,B2_TERN_SOL_100_Ru_Zr87_Mo12,-0.186048603619437,3.10818653,2.579128061,-0.806967569,6.125,0.0870934949098326,1.8148,0.4298289892503762,-16.8,Mo75-V25,0.75,0.0,0.25,0.0,B2_TERN_SOL_100_Ru_Zr87_Mo12,0.5,0.0,0.0,0.4375,0.0,0.0625,0.0,0.0,0.0,0.0,0.0,0.0,0.0
Mo75-V25,B2_TERN_SOL_101_Ru_Zr75_Mo25,0.037743032084175836,3.10818653,3.227755359,-0.655458039,6.25,0.084783177312234,1.8646000000000005,0.4187133148109814,-15.6,Mo75-V25,0.75,0.0,0.25,0.0,B2_TERN_SOL_101_Ru_Zr75_Mo25,0.5,0.0,0.0,0.375,0.0,0.125,0.0,0.0,0.0,0.0,0.0,0.0,0.0
Mo75-V25,B2_TERN_SOL_102_Ru_Zr87_Ta12,-0.18356340592387294,3.10818653,2.585601013,-0.911972703,6.0625,0.0860586382926536,1.7752,0.4265922643461787,-16.32,Mo75-V25,0.75,0.0,0.25,0.0,B2_TERN_SOL_102_Ru_Zr87_Ta12,0.5,0.0,0.0,0.4375,0.0,0.0,0.0,0.0625,0.0,0.0,0.0,0.0,0.0
Mo75-V25,B2_TERN_SOL_103_Ru_Zr75_Ta25,0.04291427236600986,3.10818653,3.244496924,-0.863325979,6.125,0.0831528643327091,1.7854,0.4177664898002233,-14.64,Mo75-V25,0.75,0.0,0.25,0.0,B2_TERN_SOL_103_Ru_Zr75_Ta25,0.5,0.0,0.0,0.375,0.0,0.0,0.0,0.125,0.0,0.0,0.0,0.0,0.0
Mo75-V25,B2_TERN_SOL_104_Ru_Zr87_W12,-0.1859075479318617,3.10818653,2.579495061,-0.814514579,6.125,0.0870934949098326,1.8268,0.4419205358432667,-16.56,Mo75-V25,0.75,0.0,0.25,0.0,B2_TERN_SOL_104_Ru_Zr87_W12,0.5,0.0,0.0,0.4375,0.0,0.0,0.0,0.0,0.0625,0.0,0.0,0.0,0.0
Mo75-V25,B2_TERN_SOL_105_Ru_Zr75_W25,0.03826058895375945,3.10818653,3.229426942,-0.661370427,6.25,0.084783177312234,1.8886,0.4401409319752027,-15.12,Mo75-V25,0.75,0.0,0.25,0.0,B2_TERN_SOL_105_Ru_Zr75_W25,0.5,0.0,0.0,0.375,0.0,0.0,0.0,0.0,0.125,0.0,0.0,0.0,0.0
Mo75-V25,B2_TERN_SOL_106_Ru_Zr87_V12,-0.18874757533930764,3.10818653,2.572114963,-0.856520623,6.0625,0.0887380403728719,1.783,0.4226594373724548,-16.08,Mo75-V25,0.75,0.0,0.25,0.0,B2_TERN_SOL_106_Ru_Zr87_V12,0.5,0.0,0.0,0.4375,0.0,0.0,0.0,0.0,0.0,0.0625,0.0,0.0,0.0
Mo75-V25,B2_TERN_SOL_107_Ru_Zr75_V25,0.031723693747700385,3.10818653,3.208378924,-0.759667971,6.125,0.0877123126458997,1.8010000000000002,0.4091564492953766,-14.16,Mo75-V25,0.75,0.0,0.25,0.0,B2_TERN_SOL_107_Ru_Zr75_V25,0.5,0.0,0.0,0.375,0.0,0.0,0.0,0.0,0.0,0.125,0.0,0.0,0.0
Mo75-V25,B2_PENALTY_108_Ru100Al0_Hf,0.4917702156774822,3.10818653,5.135083991,-1.187745448,6.0,0.0821917808219178,1.75,0.45,-15.0,Mo75-V25,0.75,0.0,0.25,0.0,B2_PENALTY_108_Ru100Al0_Hf,0.5,0.5,0.0,0.0,0.0,0.0,0.0,0.0,0.0,0.0,0.0,0.0,0.0
Mo75-V25,B2_PENALTY_109_Ru87Al12_Hf,-0.18609963682427186,3.10818653,2.578995294,-1.06443911,5.6875,0.0794670531912796,1.7146,0.4362027510229618,-15.312,Mo75-V25,0.75,0.0,0.25,0.0,B2_PENALTY_109_Ru87Al12_Hf,0.4375,0.5,0.0,0.0,0.0625,0.0,0.0,0.0,0.0,0.0,0.0,0.0,0.0
Mo75-V25,B2_PENALTY_110_Ru75Al25_Hf,0.049140263028301996,3.10818653,3.264770933,-0.95574225,5.375,0.0765104674756606,1.6792000000000002,0.4189741758151689,-15.048,Mo75-V25,0.75,0.0,0.25,0.0,B2_PENALTY_110_Ru75Al25_Hf,0.375,0.5,0.0,0.0,0.125,0.0,0.0,0.0,0.0,0.0,0.0,0.0,0.0
Mo75-V25,B2_PENALTY_111_Ru62Al37_Hf,-0.1765159493682019,3.10818653,2.60403723,-0.842813539,5.0625,0.072734714189907,1.6379,0.3939322149812072,-14.012,Mo75-V25,0.75,0.0,0.25,0.0,B2_PENALTY_111_Ru62Al37_Hf,0.3125,0.5,0.0,0.0,0.1875,0.0,0.0,0.0,0.0,0.0,0.0,0.0,0.0
Mo75-V25,B2_PENALTY_112_Ru50Al50_Hf,0.2877100331127103,3.10818653,4.152701731,-0.729649314,4.75,0.0691810843061248,1.6025,0.3674489760497368,-12.5,Mo75-V25,0.75,0.0,0.25,0.0,B2_PENALTY_112_Ru50Al50_Hf,0.25,0.5,0.0,0.0,0.25,0.0,0.0,0.0,0.0,0.0,0.0,0.0,0.0
Mo75-V25,B2_PENALTY_113_Ru87Cr12_Hf,-0.19245771783330853,3.10818653,2.562502587,-1.035615577,5.875,0.0853931303142513,1.7176,0.4356446258132884,-12.672,Mo75-V25,0.75,0.0,0.25,0.0,B2_PENALTY_113_Ru87Cr12_Hf,0.4375,0.5,0.0,0.0,0.0,0.0,0.0,0.0,0.0,0.0,0.0625,0.0,0.0
Mo75-V25,B2_PENALTY_114_Ru75Cr25_Hf,0.03702094566114864,3.10818653,3.225424668,-0.878162691,5.75,0.0884389348964152,1.6852000000000005,0.4182976930369089,-10.488,Mo75-V25,0.75,0.0,0.25,0.0,B2_PENALTY_114_Ru75Cr25_Hf,0.375,0.5,0.0,0.0,0.0,0.0,0.0,0.0,0.0,0.0,0.125,0.0,0.0
Mo75-V25,B2_PENALTY_115_Ru62Cr37_Hf,-0.19469439115509096,3.10818653,2.556723432,-0.716377173,5.625,0.0918154837201231,1.6474000000000002,0.3937476857074846,-8.122,Mo75-V25,0.75,0.0,0.25,0.0,B2_PENALTY_115_Ru62Cr37_Hf,0.3125,0.5,0.0,0.0,0.0,0.0,0.0,0.0,0.0,0.0,0.1875,0.0,0.0
Mo75-V25,B2_PENALTY_116_Ru50Cr50_Hf,0.26400817605872345,3.10818653,4.053567315,-0.552796357,5.5,0.09457197487001,1.615,0.3683408747342603,-6.25,Mo75-V25,0.75,0.0,0.25,0.0,B2_PENALTY_116_Ru50Cr50_Hf,0.25,0.5,0.0,0.0,0.0,0.0,0.0,0.0,0.0,0.0,0.25,0.0,0.0
Mo75-V25,B2_PENALTY_117_Ru87Cu12_Hf,-0.18977951738767534,3.10818653,2.569438099,-1.045192975,6.1875,0.0853931303142513,1.7320000000000002,0.4374654272053965,-14.4672,Mo75-V25,0.75,0.0,0.25,0.0,B2_PENALTY_117_Ru87Cu12_Hf,0.4375,0.5,0.0,0.0,0.0,0.0,0.0,0.0,0.0,0.0,0.0,0.0625,0.0
Mo75-V25,B2_PENALTY_118_Ru75Cu25_Hf,0.040373972611701114,3.10818653,3.236261822,-0.923389889,6.375,0.0884389348964152,1.7140000000000002,0.4237971212738473,-13.5888,Mo75-V25,0.75,0.0,0.25,0.0,B2_PENALTY_118_Ru75Cu25_Hf,0.375,0.5,0.0,0.0,0.0,0.0,0.0,0.0,0.0,0.0,0.0,0.125,0.0
Mo75-V25,B2_PENALTY_119_Ru62Cu37_Hf,-0.19022822521706312,3.10818653,2.568274935,-0.799684359,6.5625,0.0918154837201231,1.693,0.4062646920420233,-12.1272,Mo75-V25,0.75,0.0,0.25,0.0,B2_PENALTY_119_Ru62Cu37_Hf,0.3125,0.5,0.0,0.0,0.0,0.0,0.0,0.0,0.0,0.0,0.0,0.1875,0.0
Mo75-V25,B2_PENALTY_120_Ru50Cu50_Hf,0.26959270835218907,3.10818653,4.076680397,-0.677358279,6.75,0.09457197487001,1.675,0.3897114317029974,-10.5,Mo75-V25,0.75,0.0,0.25,0.0,B2_PENALTY_120_Ru50Cu50_Hf,0.25,0.5,0.0,0.0,0.0,0.0,0.0,0.0,0.0,0.0,0.0,0.25,0.0
Mo75-V25,B2_PENALTY_121_Ru87Si12_Hf,-0.18796057726218862,3.10818653,2.574158138,-1.089550642,5.75,0.0937602843775687,1.7320000000000002,0.4374654272053965,-12.3552,Mo75-V25,0.75,0.0,0.25,0.0,B2_PENALTY_121_Ru87Si12_Hf,0.4375,0.5,0.0,0.0,0.0,0.0,0.0,0.0,0.0,0.0,0.0,0.0,0.0625
Mo75-V25,B2_PENALTY_122_Ru75Si25_Hf,0.0441197879257307,3.10818653,3.248412429,-1.009713639,5.5,0.1038426921242283,1.7140000000000002,0.4237971212738473,-9.9408,Mo75-V25,0.75,0.0,0.25,0.0,B2_PENALTY_122_Ru75Si25_Hf,0.375,0.5,0.0,0.0,0.0,0.0,0.0,0.0,0.0,0.0,0.0,0.0,0.125
Mo75-V25,B2_PENALTY_123_Ru62Si37_Hf,-0.18451255296076485,3.10818653,2.583127124,-0.920694427,5.25,0.1142356063938751,1.693,0.4062646920420233,-7.4152,Mo75-V25,0.75,0.0,0.25,0.0,B2_PENALTY_123_Ru62Si37_Hf,0.3125,0.5,0.0,0.0,0.0,0.0,0.0,0.0,0.0,0.0,0.0,0.0,0.1875
Mo75-V25,B2_PENALTY_124_Ru50Si50_Hf,0.27708071324665984,3.10818653,4.107906653,-0.838327211,5.0,0.1222287117389678,1.6750000000000005,0.3897114317029974,-5.5,Mo75-V25,0.75,0.0,0.25,0.0,B2_PENALTY_124_Ru50Si50_Hf,0.25,0.5,0.0,0.0,0.0,0.0,0.0,0.0,0.0,0.0,0.0,0.0,0.25
Mo75-V25,B2_PENALTY_125_Ru100Al0_Ti,0.44394071750598474,3.10818653,4.881705796,-1.057956866,6.0,0.0462633451957295,1.87,0.33,-10.0,Mo75-V25,0.75,0.0,0.25,0.0,B2_PENALTY_125_Ru100Al0_Ti,0.5,0.0,0.5,0.0,0.0,0.0,0.0,0.0,0.0,0.0,0.0,0.0,0.0
Mo75-V25,B2_PENALTY_126_Ru87Al12_Ti,-0.2366722415039191,3.10818653,2.450404438,-0.970267174,5.6875,0.0447291357659921,1.8346,0.3242974560492266,-10.912,Mo75-V25,0.75,0.0,0.25,0.0,B2_PENALTY_126_Ru87Al12_Ti,0.4375,0.0,0.5,0.0,0.0625,0.0,0.0,0.0,0.0,0.0,0.0,0.0,0.0
Mo75-V25,B2_PENALTY_127_Ru75Al25_Ti,-0.00273562552215066,3.10818653,3.09969531,-0.88819063,5.375,0.0428259601061415,1.7992,0.3145335594177512,-11.248,Mo75-V25,0.75,0.0,0.25,0.0,B2_PENALTY_127_Ru75Al25_Ti,0.375,0.0,0.5,0.0,0.125,0.0,0.0,0.0,0.0,0.0,0.0,0.0,0.0
Mo75-V25,B2_PENALTY_128_Ru62Al37_Ti,-0.2282658386132444,3.10818653,2.471374896,-0.804440265,5.0625,0.0400790404298587,1.7579,0.2974669561480737,-10.912,Mo75-V25,0.75,0.0,0.25,0.0,B2_PENALTY_128_Ru62Al37_Ti,0.3125,0.0,0.5,0.0,0.1875,0.0,0.0,0.0,0.0,0.0,0.0,0.0,0.0
Mo75-V25,B2_PENALTY_129_Ru50Al50_Ti,0.23592435415892749,3.10818653,3.939553259,-0.713701673,4.75,0.0371922251866817,1.7225,0.2771619562638422,-10.0,Mo75-V25,0.75,0.0,0.25,0.0,B2_PENALTY_129_Ru50Al50_Ti,0.25,0.0,0.5,0.0,0.25,0.0,0.0,0.0,0.0,0.0,0.0,0.0,0.0
Mo75-V25,B2_PENALTY_130_Ru87Cr12_Ti,-0.24313155564524266,3.10818653,2.434397938,-0.94270459,5.875,0.0499298619726951,1.8376,0.3224317602222213,-8.272,Mo75-V25,0.75,0.0,0.25,0.0,B2_PENALTY_130_Ru87Cr12_Ti,0.4375,0.0,0.5,0.0,0.0,0.0,0.0,0.0,0.0,0.0,0.0625,0.0,0.0
Mo75-V25,B2_PENALTY_131_Ru75Cr25_Ti,-0.015150887031291393,3.10818653,3.061448806,-0.80961964,5.75,0.0532543770850372,1.8052,0.3113277372801852,-6.688,Mo75-V25,0.75,0.0,0.25,0.0,B2_PENALTY_131_Ru75Cr25_Ti,0.375,0.0,0.5,0.0,0.0,0.0,0.0,0.0,0.0,0.0,0.125,0.0,0.0
Mo75-V25,B2_PENALTY_132_Ru62Cr37_Ti,-0.2471565475939905,3.10818653,2.424470344,-0.675679922,5.625,0.0567786551293567,1.7674,0.2933619607242902,-5.022,Mo75-V25,0.75,0.0,0.25,0.0,B2_PENALTY_132_Ru62Cr37_Ti,0.3125,0.0,0.5,0.0,0.0,0.0,0.0,0.0,0.0,0.0,0.1875,0.0,0.0
Mo75-V25,B2_PENALTY_133_Ru50Cr50_Ti,0.21056671903598878,3.10818653,3.839681408,-0.538077974,5.5,0.0595429689109598,1.735,0.2729010809799038,-3.75,Mo75-V25,0.75,0.0,0.25,0.0,B2_PENALTY_133_Ru50Cr50_Ti,0.25,0.0,0.5,0.0,0.0,0.0,0.0,0.0,0.0,0.0,0.25,0.0,0.0
Mo75-V25,B2_PENALTY_134_Ru87Cu12_Ti,-0.24034267689701694,3.10818653,2.441297595,-0.919729937,6.1875,0.0499298619726951,1.852,0.3195246469366644,-10.0672,Mo75-V25,0.75,0.0,0.25,0.0,B2_PENALTY_134_Ru87Cu12_Ti,0.4375,0.0,0.5,0.0,0.0,0.0,0.0,0.0,0.0,0.0,0.0,0.0625,0.0
Mo75-V25,B2_PENALTY_135_Ru75Cu25_Ti,-0.010840131795589198,3.10818653,3.074675013,-0.801717189,6.375,0.0532543770850372,1.834,0.3076426498390625,-9.7888,Mo75-V25,0.75,0.0,0.25,0.0,B2_PENALTY_135_Ru75Cu25_Ti,0.375,0.0,0.5,0.0,0.0,0.0,0.0,0.0,0.0,0.0,0.0,0.125,0.0
Mo75-V25,B2_PENALTY_136_Ru62Cu37_Ti,-0.24079561366849103,3.10818653,2.440175866,-0.680640909,6.5625,0.0567786551293567,1.813,0.2917721713940519,-9.0272,Mo75-V25,0.75,0.0,0.25,0.0,B2_PENALTY_136_Ru62Cu37_Ti,0.3125,0.0,0.5,0.0,0.0,0.0,0.0,0.0,0.0,0.0,0.0,0.1875,0.0
Mo75-V25,B2_PENALTY_137_Ru50Cu50_Ti,0.21904146314483366,3.10818653,3.872743044,-0.557797759,6.75,0.0595429689109598,1.7950000000000002,0.2761792895928295,-8.0,Mo75-V25,0.75,0.0,0.25,0.0,B2_PENALTY_137_Ru50Cu50_Ti,0.25,0.0,0.5,0.0,0.0,0.0,0.0,0.0,0.0,0.0,0.0,0.25,0.0
Mo75-V25,B2_PENALTY_138_Ru87Si12_Ti,-0.2393132669496897,3.10818653,2.443848687,-0.989505902,5.75,0.0607546208741894,1.852,0.3195246469366644,-7.9552,Mo75-V25,0.75,0.0,0.25,0.0,B2_PENALTY_138_Ru87Si12_Ti,0.4375,0.0,0.5,0.0,0.0,0.0,0.0,0.0,0.0,0.0,0.0,0.0,0.0625
Mo75-V25,B2_PENALTY_139_Ru75Si25_Ti,-0.008444371722759601,3.10818653,3.0820502,-0.93611645,5.5,0.0719655963958058,1.834,0.3076426498390625,-6.1408,Mo75-V25,0.75,0.0,0.25,0.0,B2_PENALTY_139_Ru75Si25_Ti,0.375,0.0,0.5,0.0,0.0,0.0,0.0,0.0,0.0,0.0,0.0,0.0,0.125
Mo75-V25,B2_PENALTY_140_Ru62Si37_Ti,-0.23745077508903026,3.10818653,2.448470295,-0.869757039,5.25,0.0826499299050591,1.813,0.2917721713940519,-4.3152,Mo75-V25,0.75,0.0,0.25,0.0,B2_PENALTY_140_Ru62Si37_Ti,0.3125,0.0,0.5,0.0,0.0,0.0,0.0,0.0,0.0,0.0,0.0,0.0,0.1875
Mo75-V25,B2_PENALTY_141_Ru50Si50_Ti,0.22353595209419364,3.10818653,3.890404933,-0.808674347,5.0,0.090393746324797,1.795,0.2761792895928295,-3.0,Mo75-V25,0.75,0.0,0.25,0.0,B2_PENALTY_141_Ru50Si50_Ti,0.25,0.0,0.5,0.0,0.0,0.0,0.0,0.0,0.0,0.0,0.0,0.0,0.25
Mo75-V25,B2_PENALTY_142_Ru100Al0_Zr,0.5025427537781437,3.10818653,5.194385147,-0.960777489,6.0,0.0884353741496598,1.765,0.435,-18.0,Mo75-V25,0.75,0.0,0.25,0.0,B2_PENALTY_142_Ru100Al0_Zr,0.5,0.0,0.0,0.5,0.0,0.0,0.0,0.0,0.0,0.0,0.0,0.0,0.0
Mo75-V25,B2_PENALTY_143_Ru87Al12_Zr,-0.17472790193590929,3.10818653,2.608733784,-0.873588029,5.6875,0.0856069896776228,1.7296,0.421971373436635,-17.951999999999998,Mo75-V25,0.75,0.0,0.25,0.0,B2_PENALTY_143_Ru87Al12_Zr,0.4375,0.0,0.0,0.5,0.0625,0.0,0.0,0.0,0.0,0.0,0.0,0.0,0.0
Mo75-V25,B2_PENALTY_144_Ru75Al25_Zr,0.06058783401659989,3.10818653,3.302387941,-0.797935587,5.375,0.0825630715605787,1.6942000000000002,0.4054483444287324,-17.328,Mo75-V25,0.75,0.0,0.25,0.0,B2_PENALTY_144_Ru75Al25_Zr,0.375,0.0,0.0,0.5,0.125,0.0,0.0,0.0,0.0,0.0,0.0,0.0,0.0
Mo75-V25,B2_PENALTY_145_Ru62Al37_Zr,-0.1652224685620257,3.10818653,2.633831346,-0.726652657,5.0625,0.0787099182537501,1.6529,0.381143791763686,-15.872,Mo75-V25,0.75,0.0,0.25,0.0,B2_PENALTY_145_Ru62Al37_Zr,0.3125,0.0,0.0,0.5,0.1875,0.0,0.0,0.0,0.0,0.0,0.0,0.0,0.0
Mo75-V25,B2_PENALTY_146_Ru50Al50_Zr,0.29862742111123974,3.10818653,4.199293486,-0.654418284,4.75,0.0751158704347694,1.6175000000000002,0.3552024070864386,-14.0,Mo75-V25,0.75,0.0,0.25,0.0,B2_PENALTY_146_Ru50Al50_Zr,0.25,0.0,0.0,0.5,0.25,0.0,0.0,0.0,0.0,0.0,0.0,0.0,0.0
Mo75-V25,B2_PENALTY_147_Ru87Cr12_Zr,-0.18104364686839292,3.10818653,2.592179044,-0.824075051,5.875,0.0915913075118357,1.7326,0.4212875977286776,-15.312,Mo75-V25,0.75,0.0,0.25,0.0,B2_PENALTY_147_Ru87Cr12_Zr,0.4375,0.0,0.0,0.5,0.0,0.0,0.0,0.0,0.0,0.0,0.0625,0.0,0.0
Mo75-V25,B2_PENALTY_148_Ru75Cr25_Zr,0.04829340444229629,3.10818653,3.262005664,-0.675888976,5.75,0.0946071432924222,1.7002000000000002,0.4045268347093924,-12.768,Mo75-V25,0.75,0.0,0.25,0.0,B2_PENALTY_148_Ru75Cr25_Zr,0.375,0.0,0.0,0.5,0.0,0.0,0.0,0.0,0.0,0.0,0.125,0.0,0.0
Mo75-V25,B2_PENALTY_149_Ru62Cr37_Zr,-0.18360184166495433,3.10818653,2.585500791,-0.525764636,5.625,0.097964971374696,1.6624,0.3805788223219995,-9.982,Mo75-V25,0.75,0.0,0.25,0.0,B2_PENALTY_149_Ru62Cr37_Zr,0.3125,0.0,0.0,0.5,0.0,0.0,0.0,0.0,0.0,0.0,0.1875,0.0,0.0
Mo75-V25,B2_PENALTY_150_Ru50Cr50_Zr,0.2747894660032163,3.10818653,4.09832298,-0.377855166,5.5,0.100717188245724,1.63,0.355598087733891,-7.75,Mo75-V25,0.75,0.0,0.25,0.0,B2_PENALTY_150_Ru50Cr50_Zr,0.25,0.0,0.0,0.5,0.0,0.0,0.0,0.0,0.0,0.0,0.25,0.0,0.0
Mo75-V25,B2_PENALTY_151_Ru87Cu12_Zr,-0.1785819498168797,3.10818653,2.598620194,-0.842497728,6.1875,0.0915913075118357,1.747,0.4226594373724548,-17.1072,Mo75-V25,0.75,0.0,0.25,0.0,B2_PENALTY_151_Ru87Cu12_Zr,0.4375,0.0,0.0,0.5,0.0,0.0,0.0,0.0,0.0,0.0,0.0,0.0625,0.0
Mo75-V25,B2_PENALTY_152_Ru75Cu25_Zr,0.051677363504667416,3.10818653,3.273069781,-0.744916574,6.375,0.0946071432924222,1.729,0.4091564492953766,-15.8688,Mo75-V25,0.75,0.0,0.25,0.0,B2_PENALTY_152_Ru75Cu25_Zr,0.375,0.0,0.0,0.5,0.0,0.0,0.0,0.0,0.0,0.0,0.0,0.125,0.0
Mo75-V25,B2_PENALTY_153_Ru62Cu37_Zr,-0.17895260537682234,3.10818653,2.597649425,-0.643740809,6.5625,0.097964971374696,1.708,0.3917728933961614,-13.9872,Mo75-V25,0.75,0.0,0.25,0.0,B2_PENALTY_153_Ru62Cu37_Zr,0.3125,0.0,0.0,0.5,0.0,0.0,0.0,0.0,0.0,0.0,0.0,0.1875,0.0
Mo75-V25,B2_PENALTY_154_Ru50Cu50_Zr,0.28099066455061034,3.10818653,4.124319928,-0.545283305,6.75,0.100717188245724,1.6900000000000002,0.3752998800959041,-12.0,Mo75-V25,0.75,0.0,0.25,0.0,B2_PENALTY_154_Ru50Cu50_Zr,0.25,0.0,0.0,0.5,0.0,0.0,0.0,0.0,0.0,0.0,0.0,0.25,0.0
Mo75-V25,B2_PENALTY_155_Ru87Si12_Zr,-0.1767252779660094,3.10818653,2.603487904,-0.898605077,5.75,0.0996987498196708,1.747,0.4226594373724548,-14.9952,Mo75-V25,0.75,0.0,0.25,0.0,B2_PENALTY_155_Ru87Si12_Zr,0.4375,0.0,0.0,0.5,0.0,0.0,0.0,0.0,0.0,0.0,0.0,0.0,0.0625
Mo75-V25,B2_PENALTY_156_Ru75Si25_Zr,0.055441546825863934,3.10818653,3.285422312,-0.857108746,5.5,0.1096308366502065,1.729,0.4091564492953766,-12.2208,Mo75-V25,0.75,0.0,0.25,0.0,B2_PENALTY_156_Ru75Si25_Zr,0.375,0.0,0.0,0.5,0.0,0.0,0.0,0.0,0.0,0.0,0.0,0.0,0.125
Mo75-V25,B2_PENALTY_157_Ru62Si37_Zr,-0.17349820110059955,3.10818653,2.611968248,-0.806319256,5.25,0.1199620550667942,1.708,0.3917728933961614,-9.2752,Mo75-V25,0.75,0.0,0.25,0.0,B2_PENALTY_157_Ru62Si37_Zr,0.3125,0.0,0.0,0.5,0.0,0.0,0.0,0.0,0.0,0.0,0.0,0.0,0.1875
Mo75-V25,B2_PENALTY_158_Ru50Si50_Zr,0.2871757591306464,3.10818653,4.150436873,-0.770078956,5.0,0.127965781170799,1.69,0.3752998800959041,-7.0,Mo75-V25,0.75,0.0,0.25,0.0,B2_PENALTY_158_Ru50Si50_Zr,0.25,0.0,0.0,0.5,0.0,0.0,0.0,0.0,0.0,0.0,0.0,0.0,0.25
Mo75-V25,B2_MULTI_159_A_Ru87_Al12_B_HfTi,-0.20965041188790492,3.10818653,2.518380484,-0.993246203,5.6875,0.0678797217863284,1.7746000000000002,0.3889997943444186,-13.112,Mo75-V25,0.75,0.0,0.25,0.0,B2_MULTI_159_A_Ru87_Al12_B_HfTi,0.4375,0.25,0.25,0.0,0.0625,0.0,0.0,0.0,0.0,0.0,0.0,0.0,0.0
Mo75-V25,B2_MULTI_160_A_Ru75_Al25_B_HfTi,0.02486584919691011,3.10818653,3.186447237,-0.900034303,5.375,0.0654597746128897,1.7392,0.3752803751863399,-13.148,Mo75-V25,0.75,0.0,0.25,0.0,B2_MULTI_160_A_Ru75_Al25_B_HfTi,0.375,0.25,0.25,0.0,0.125,0.0,0.0,0.0,0.0,0.0,0.0,0.0,0.0
Mo75-V25,B2_MULTI_161_A_Ru87_Al12_B_HfZr,-0.18035334995857502,3.10818653,2.593983772,-0.966894404,5.6875,0.0826853853075511,1.7221000000000002,0.4292115911761937,-16.631999999999998,Mo75-V25,0.75,0.0,0.25,0.0,B2_MULTI_161_A_Ru87_Al12_B_HfZr,0.4375,0.25,0.0,0.25,0.0625,0.0,0.0,0.0,0.0,0.0,0.0,0.0,0.0
Mo75-V25,B2_MULTI_162_A_Ru75_Al25_B_HfZr,0.05495363005112697,3.10818653,3.283818469,-0.87583034,5.375,0.0796873228030491,1.6867,0.4123349487976978,-16.188,Mo75-V25,0.75,0.0,0.25,0.0,B2_MULTI_162_A_Ru75_Al25_B_HfZr,0.375,0.25,0.0,0.25,0.125,0.0,0.0,0.0,0.0,0.0,0.0,0.0,0.0
Mo75-V25,B2_MULTI_163_A_Ru87_Al12_B_HfAl,-0.21875431358591288,3.10818653,2.495293785,-4.954411074,2.8125,0.0553065594713224,1.8678,0.3451393341825878,-18.8,Mo75-V25,0.75,0.0,0.25,0.0,B2_MULTI_163_A_Ru87_Al12_B_HfAl,0.25,0.0625,0.0,0.0,0.1875,0.0,0.0,0.0,0.0,0.0,0.0,0.0,0.0
Mo75-V25,B2_MULTI_163_A_Ru87_Al13_B_HfAl,-0.21888766985672056,3.10818653,2.494957013,-1.044063929,5.4375,0.0671169315930914,1.7921,0.3795109879832204,-17.512,Mo75-V25,0.75,0.0,0.25,0.0,B2_MULTI_163_A_Ru87_Al13_B_HfAl,0.4375,0.25,0.0,0.0,0.3125,0.0,0.0,0.0,0.0,0.0,0.0,0.0,0.0
Mo75-V25,B2_MULTI_164_A_Ru75_Al25_B_HfAl,0.01680276656996077,3.10818653,3.160855152,-0.932800309,5.125,0.0647257979106258,1.7552475247524757,0.3655934929642944,-16.912067444368198,Mo75-V25,0.75,0.0,0.25,0.0,B2_MULTI_164_A_Ru75_Al25_B_HfAl,0.375,0.25,0.0,0.0,0.375,0.0,0.0,0.0,0.0,0.0,0.0,0.0,0.0
Mo75-V25,B2_MULTI_165_A_Ru87_Al12_B_TiZr,-0.20366350954307083,3.10818653,2.533666714,-0.881935538,5.6875,0.0727621617453034,1.7821000000000002,0.3799613006610016,-14.432,Mo75-V25,0.75,0.0,0.25,0.0,B2_MULTI_165_A_Ru87_Al12_B_TiZr,0.4375,0.0,0.25,0.25,0.0625,0.0,0.0,0.0,0.0,0.0,0.0,0.0,0.0
Mo75-V25,B2_MULTI_166_A_Ru75_Al25_B_TiZr,0.031094919290001403,3.10818653,3.206361714,-0.808063227,5.375,0.0703058182976203,1.7467,0.3666280267519111,-14.288,Mo75-V25,0.75,0.0,0.25,0.0,B2_MULTI_166_A_Ru75_Al25_B_TiZr,0.375,0.0,0.25,0.25,0.125,0.0,0.0,0.0,0.0,0.0,0.0,0.0,0.0
Mo75-V25,B2_MULTI_167_A_Ru87_Al12_B_TiAl,-0.2471151344261789,3.10818653,2.424572308,-5.952786629,1.5,0.0273038199437399,1.694324324324325,0.2239032192052839,-9.817384952520088,Mo75-V25,0.75,0.0,0.25,0.0,B2_MULTI_167_A_Ru87_Al12_B_TiAl,0.0625,0.0,0.0625,0.0,0.25,0.0,0.0,0.0,0.0,0.0,0.0,0.0,0.0
Mo75-V25,B2_MULTI_167_A_Ru87_Al13_B_TiAl,-0.2471566288264501,3.10818653,2.424470144,-1.021190861,5.4375,0.0396803315535911,1.8521,0.309477931361834,-15.312,Mo75-V25,0.75,0.0,0.25,0.0,B2_MULTI_167_A_Ru87_Al13_B_TiAl,0.4375,0.0,0.25,0.0,0.3125,0.0,0.0,0.0,0.0,0.0,0.0,0.0,0.0
Mo75-V25,B2_MULTI_168_A_Ru75_Al25_B_TiAl,-0.012068002393646781,3.10818653,3.070901903,-0.941385339,5.125,0.0380980563492807,1.814653465346535,0.3004965012116891,-15.049504950495049,Mo75-V25,0.75,0.0,0.25,0.0,B2_MULTI_168_A_Ru75_Al25_B_TiAl,0.375,0.0,0.25,0.0,0.375,0.0,0.0,0.0,0.0,0.0,0.0,0.0,0.0
Mo75-V25,B2_MULTI_169_A_Ru87_Al12_B_ZrAl,-0.21198794835750728,3.10818653,2.512434563,-3.978965604,3.1875,0.0773292902137734,1.9146938775510205,0.3828683476015858,-17.35276967930029,Mo75-V25,0.75,0.0,0.25,0.0,B2_MULTI_169_A_Ru87_Al12_B_ZrAl,0.3125,0.0,0.0,0.125,0.0625,0.0,0.0,0.0,0.0,0.0,0.0,0.0,0.0
Mo75-V25,B2_MULTI_169_A_Ru87_Al13_B_ZrAl,-0.21198830255136575,3.10818653,2.512433663,-0.95203949,5.4375,0.0724611766706071,1.7996,0.3698862527859072,-18.832,Mo75-V25,0.75,0.0,0.25,0.0,B2_MULTI_169_A_Ru87_Al13_B_ZrAl,0.4375,0.0,0.0,0.25,0.3125,0.0,0.0,0.0,0.0,0.0,0.0,0.0,0.0
Mo75-V25,B2_MULTI_170_A_Ru75_Al25_B_ZrAl,0.022877045545560287,3.10818653,3.180115415,-0.885427863,5.125,0.0699929276125827,1.762673267326733,0.356461962724668,-18.02960494069209,Mo75-V25,0.75,0.0,0.25,0.0,B2_MULTI_170_A_Ru75_Al25_B_ZrAl,0.375,0.0,0.0,0.25,0.375,0.0,0.0,0.0,0.0,0.0,0.0,0.0,0.0
Nb25-Mo75,B2_014_RuHf,-0.21520231240173712,3.19107183,2.571059804,-1.190557465,6.0,0.0821917808219178,1.75,0.45,-15.0,Nb25-Mo75,0.75,0.0,0.0,0.25,B2_014_RuHf,0.5,0.5,0.0,0.0,0.0,0.0,0.0,0.0,0.0,0.0,0.0,0.0,0.0
Nb25-Mo75,B2_015_RuTi,-0.2668555125785005,3.19107183,2.43976227,-1.048598035,6.0,0.0462633451957295,1.87,0.33,-10.0,Nb25-Mo75,0.75,0.0,0.0,0.25,B2_015_RuTi,0.5,0.0,0.5,0.0,0.0,0.0,0.0,0.0,0.0,0.0,0.0,0.0,0.0
Nb25-Mo75,B2_016_RuZr,-0.2061431521657635,3.19107183,2.59472104,-0.959079125,6.0,0.0884353741496598,1.765,0.435,-18.0,Nb25-Mo75,0.75,0.0,0.0,0.25,B2_016_RuZr,0.5,0.0,0.0,0.5,0.0,0.0,0.0,0.0,0.0,0.0,0.0,0.0,0.0
Nb25-Mo75,B2_017_RuAl,-0.28769159638005803,3.19107183,2.388477153,-1.00191235,5.5,0.0324909747292418,1.905,0.295,-20.0,Nb25-Mo75,0.75,0.0,0.0,0.25,B2_017_RuAl,0.5,0.0,0.0,0.0,0.5,0.0,0.0,0.0,0.0,0.0,0.0,0.0,0.0
Nb25-Mo75,MATRIX_BIN_018_Nb12_Mo87,-0.23639660009539648,3.19107183,2.516452193,-0.074598622,5.875,0.0162666672861703,2.0928,0.1819784602638455,-0.8448,Nb25-Mo75,0.75,0.0,0.0,0.25,MATRIX_BIN_018_Nb12_Mo87,0.0,0.0,0.0,0.0,0.0,0.875,0.125,0.0,0.0,0.0,0.0,0.0,0.0
Nb25-Mo75,MATRIX_BIN_019_Nb25_Mo75,-0.0008165041136512486,3.19107183,3.18846737,-0.093096702,5.75,0.0215352675896663,2.02,0.2424871130596428,-1.5,Nb25-Mo75,0.75,0.0,0.0,0.25,MATRIX_BIN_019_Nb25_Mo75,0.0,0.0,0.0,0.0,0.0,0.75,0.25,0.0,0.0,0.0,0.0,0.0,0.0
Nb25-Mo75,MATRIX_BIN_020_Nb50_Mo50,0.24169618374565904,3.19107183,4.068360358,-0.068167471,5.5,0.0245614035087719,1.88,0.28,-2.0,Nb25-Mo75,0.75,0.0,0.0,0.25,MATRIX_BIN_020_Nb50_Mo50,0.0,0.0,0.0,0.0,0.0,0.5,0.5,0.0,0.0,0.0,0.0,0.0,0.0
Nb25-Mo75,MATRIX_BIN_021_Nb75_Mo25,0.026353586198657426,3.19107183,3.276290931,-0.003897255,5.25,0.0210127480987559,1.7400000000000002,0.2424871130596428,-1.5,Nb25-Mo75,0.75,0.0,0.0,0.25,MATRIX_BIN_021_Nb75_Mo25,0.0,0.0,0.0,0.0,0.0,0.25,0.75,0.0,0.0,0.0,0.0,0.0,0.0
Nb25-Mo75,MATRIX_BIN_022_Nb87_Mo12,-0.19698082898420916,3.19107183,2.618850201,0.026755452,5.125,0.0156705067050018,1.6672000000000002,0.1819784602638455,-0.8448,Nb25-Mo75,0.75,0.0,0.0,0.25,MATRIX_BIN_022_Nb87_Mo12,0.0,0.0,0.0,0.0,0.0,0.125,0.875,0.0,0.0,0.0,0.0,0.0,0.0
Nb25-Mo75,MATRIX_BIN_023_Nb12_Ta87,-0.19309679187368375,3.19107183,2.629139739,0.01664066,5.0,0.0,1.512,0.0324961536185438,-0.4224,Nb25-Mo75,0.75,0.0,0.0,0.25,MATRIX_BIN_023_Nb12_Ta87,0.0,0.0,0.0,0.0,0.0,0.0,0.125,0.875,0.0,0.0,0.0,0.0,0.0
Nb25-Mo75,MATRIX_BIN_024_Nb25_Ta75,0.03799339317263353,3.19107183,3.314659229,0.02257152,5.0,0.0,1.525,0.0433012701892219,-0.75,Nb25-Mo75,0.75,0.0,0.0,0.25,MATRIX_BIN_024_Nb25_Ta75,0.0,0.0,0.0,0.0,0.0,0.0,0.25,0.75,0.0,0.0,0.0,0.0,0.0
Nb25-Mo75,MATRIX_BIN_025_Nb50_Ta50,0.26868611353026584,3.19107183,4.181529649,0.032388069,5.0,0.0,1.55,0.05,-1.0,Nb25-Mo75,0.75,0.0,0.0,0.25,MATRIX_BIN_025_Nb50_Ta50,0.0,0.0,0.0,0.0,0.0,0.0,0.5,0.5,0.0,0.0,0.0,0.0,0.0
Nb25-Mo75,MATRIX_BIN_026_Nb75_Ta25,0.04028984158463477,3.19107183,3.322282844,0.043369138,5.0,0.0,1.5750000000000002,0.0433012701892219,-0.75,Nb25-Mo75,0.75,0.0,0.0,0.25,MATRIX_BIN_026_Nb75_Ta25,0.0,0.0,0.0,0.0,0.0,0.0,0.75,0.25,0.0,0.0,0.0,0.0,0.0
Nb25-Mo75,MATRIX_BIN_027_Nb87_Ta12,-0.18973054215336618,3.19107183,2.638087089,0.04776952,5.0,0.0,1.588,0.0324961536185438,-0.4224,Nb25-Mo75,0.75,0.0,0.0,0.25,MATRIX_BIN_027_Nb87_Ta12,0.0,0.0,0.0,0.0,0.0,0.0,0.875,0.125,0.0,0.0,0.0,0.0,0.0
Nb25-Mo75,MATRIX_BIN_028_Nb12_W87,-0.23108664912004173,3.19107183,2.53003601,-0.064576028,5.875,0.0162666672861703,2.2688,0.2469707675009331,-0.8448,Nb25-Mo75,0.75,0.0,0.0,0.25,MATRIX_BIN_028_Nb12_W87,0.0,0.0,0.0,0.0,0.0,0.0,0.125,0.0,0.875,0.0,0.0,0.0,0.0
Nb25-Mo75,MATRIX_BIN_029_Nb25_W75,0.0034482210163288615,3.19107183,3.202094355,-0.067975525,5.75,0.0215352675896663,2.17,0.3290896534380866,-1.5,Nb25-Mo75,0.75,0.0,0.0,0.25,MATRIX_BIN_029_Nb25_W75,0.0,0.0,0.0,0.0,0.0,0.0,0.25,0.0,0.75,0.0,0.0,0.0,0.0
Nb25-Mo75,MATRIX_BIN_030_Nb50_W50,0.2438026435515836,3.19107183,4.077067638,-0.024208031,5.5,0.0245614035087719,1.98,0.3799999999999999,-2.0,Nb25-Mo75,0.75,0.0,0.0,0.25,MATRIX_BIN_030_Nb50_W50,0.0,0.0,0.0,0.0,0.0,0.0,0.5,0.0,0.5,0.0,0.0,0.0,0.0
Nb25-Mo75,MATRIX_BIN_031_Nb75_W25,0.02692023256345794,3.19107183,3.278148285,0.026336168,5.25,0.0210127480987559,1.79,0.3290896534380866,-1.5,Nb25-Mo75,0.75,0.0,0.0,0.25,MATRIX_BIN_031_Nb75_W25,0.0,0.0,0.0,0.0,0.0,0.0,0.75,0.0,0.25,0.0,0.0,0.0,0.0
Nb25-Mo75,MATRIX_BIN_032_Nb87_W12,-0.19653245549610587,3.19107183,2.620036168,0.042204846,5.125,0.0156705067050018,1.6912,0.2469707675009331,-0.8448,Nb25-Mo75,0.75,0.0,0.0,0.25,MATRIX_BIN_032_Nb87_W12,0.0,0.0,0.0,0.0,0.0,0.0,0.875,0.0,0.125,0.0,0.0,0.0,0.0
Nb25-Mo75,MATRIX_BIN_033_Nb12_V87,-0.2802648253532747,3.19107183,2.406649618,0.08248568,5.0,0.0287916304948704,1.6263999999999998,0.009748846085563,-0.4224,Nb25-Mo75,0.75,0.0,0.0,0.25,MATRIX_BIN_033_Nb12_V87,0.0,0.0,0.0,0.0,0.0,0.0,0.125,0.0,0.0,0.875,0.0,0.0,0.0
Nb25-Mo75,MATRIX_BIN_034_Nb25_V75,-0.03516598630524323,3.19107183,3.080793662,0.119704924,5.0,0.0379281198737709,1.6225,0.0129903810567664,-0.75,Nb25-Mo75,0.75,0.0,0.0,0.25,MATRIX_BIN_034_Nb25_V75,0.0,0.0,0.0,0.0,0.0,0.0,0.25,0.0,0.0,0.75,0.0,0.0,0.0
Nb25-Mo75,MATRIX_BIN_035_Nb50_V50,0.22441019903817794,3.19107183,3.997687259,0.146260085,5.0,0.0428571428571428,1.615,0.0149999999999999,-1.0,Nb25-Mo75,0.75,0.0,0.0,0.25,MATRIX_BIN_035_Nb50_V50,0.0,0.0,0.0,0.0,0.0,0.0,0.5,0.0,0.0,0.5,0.0,0.0,0.0
Nb25-Mo75,MATRIX_BIN_036_Nb75_V25,0.019074742642882708,3.19107183,3.252526823,0.114812331,5.0,0.0363367302287176,1.6075000000000002,0.0129903810567664,-0.75,Nb25-Mo75,0.75,0.0,0.0,0.25,MATRIX_BIN_036_Nb75_V25,0.0,0.0,0.0,0.0,0.0,0.0,0.75,0.0,0.0,0.25,0.0,0.0,0.0
Nb25-Mo75,MATRIX_BIN_037_Nb87_V12,-0.20026041264410444,3.19107183,2.61019026,0.086073827,5.0,0.0269752243651442,1.6036,0.009748846085563,-0.4224,Nb25-Mo75,0.75,0.0,0.0,0.25,MATRIX_BIN_037_Nb87_V12,0.0,0.0,0.0,0.0,0.0,0.0,0.875,0.0,0.0,0.125,0.0,0.0,0.0
Nb25-Mo75,MATRIX_BIN_038_Mo12_Ta87,-0.200544784836219,3.19107183,2.609440574,-0.021898875,5.125,0.0156705067050018,1.5792000000000002,0.2144746138823893,-0.8448,Nb25-Mo75,0.75,0.0,0.0,0.25,MATRIX_BIN_038_Mo12_Ta87,0.0,0.0,0.0,0.0,0.0,0.125,0.0,0.875,0.0,0.0,0.0,0.0,0.0
Nb25-Mo75,MATRIX_BIN_039_Mo25_Ta75,0.022904193247499826,3.19107183,3.265007474,-0.045341345,5.25,0.0210127480987559,1.665,0.2857883832488648,-1.5,Nb25-Mo75,0.75,0.0,0.0,0.25,MATRIX_BIN_039_Mo25_Ta75,0.0,0.0,0.0,0.0,0.0,0.25,0.0,0.75,0.0,0.0,0.0,0.0,0.0
Nb25-Mo75,MATRIX_BIN_040_Mo50_Ta50,0.23884593541684054,3.19107183,4.056611707,-0.115010835,5.5,0.0245614035087719,1.83,0.33,-2.0,Nb25-Mo75,0.75,0.0,0.0,0.25,MATRIX_BIN_040_Mo50_Ta50,0.0,0.0,0.0,0.0,0.0,0.5,0.0,0.5,0.0,0.0,0.0,0.0,0.0
Nb25-Mo75,MATRIX_BIN_041_Mo75_Ta25,-0.00233360328038591,3.19107183,3.183633813,-0.13445637,5.75,0.0215352675896663,1.995,0.2857883832488648,-1.5,Nb25-Mo75,0.75,0.0,0.0,0.25,MATRIX_BIN_041_Mo75_Ta25,0.0,0.0,0.0,0.0,0.0,0.75,0.0,0.25,0.0,0.0,0.0,0.0,0.0
Nb25-Mo75,MATRIX_BIN_042_Mo87_Ta12,-0.23717081903989595,3.19107183,2.514476987,-0.10635318,5.875,0.0162666672861703,2.0808,0.2144746138823893,-0.8448,Nb25-Mo75,0.75,0.0,0.0,0.25,MATRIX_BIN_042_Mo87_Ta12,0.0,0.0,0.0,0.0,0.0,0.875,0.0,0.125,0.0,0.0,0.0,0.0,0.0
Nb25-Mo75,MATRIX_BIN_043_Mo12_W87,-0.2367886182341616,3.19107183,2.515451896,-0.03228228,6.0,0.0,2.336,0.0649923072370876,-0.4224,Nb25-Mo75,0.75,0.0,0.0,0.25,MATRIX_BIN_043_Mo12_W87,0.0,0.0,0.0,0.0,0.0,0.125,0.0,0.0,0.875,0.0,0.0,0.0,0.0
Nb25-Mo75,MATRIX_BIN_044_Mo25_W75,-0.007590276635430101,3.19107183,3.166942287,-0.031021756,6.0,0.0,2.31,0.0866025403784437,-0.75,Nb25-Mo75,0.75,0.0,0.0,0.25,MATRIX_BIN_044_Mo25_W75,0.0,0.0,0.0,0.0,0.0,0.25,0.0,0.0,0.75,0.0,0.0,0.0,0.0
Nb25-Mo75,MATRIX_BIN_045_Mo50_W50,0.2210730707087746,3.19107183,3.984201707,-0.031400886,6.0,0.0,2.26,0.0999999999999998,-1.0,Nb25-Mo75,0.75,0.0,0.0,0.25,MATRIX_BIN_045_Mo50_W50,0.0,0.0,0.0,0.0,0.0,0.5,0.0,0.0,0.5,0.0,0.0,0.0,0.0
Nb25-Mo75,MATRIX_BIN_046_Mo75_W25,-0.010553299739489114,3.19107183,3.157572258,-0.029765179,6.0,0.0,2.21,0.0866025403784437,-0.75,Nb25-Mo75,0.75,0.0,0.0,0.25,MATRIX_BIN_046_Mo75_W25,0.0,0.0,0.0,0.0,0.0,0.75,0.0,0.0,0.25,0.0,0.0,0.0,0.0
Nb25-Mo75,MATRIX_BIN_047_Mo87_W12,-0.2412897798403021,3.19107183,2.503991537,-0.029998622,6.0,0.0,2.184,0.0649923072370876,-0.4224,Nb25-Mo75,0.75,0.0,0.0,0.25,MATRIX_BIN_047_Mo87_W12,0.0,0.0,0.0,0.0,0.0,0.875,0.0,0.0,0.125,0.0,0.0,0.0,0.0
Nb25-Mo75,MATRIX_BIN_048_Mo12_V87,-0.2899277627241788,3.19107183,2.383028597,-0.006338223,5.125,0.0120713795016878,1.6936,0.1722296141782824,-0.4224,Nb25-Mo75,0.75,0.0,0.0,0.25,MATRIX_BIN_048_Mo12_V87,0.0,0.0,0.0,0.0,0.0,0.125,0.0,0.0,0.0,0.875,0.0,0.0,0.0
Nb25-Mo75,MATRIX_BIN_049_Mo25_V75,-0.054043628817334925,3.19107183,3.023152221,-0.037424369,5.25,0.0160078632862187,1.7625,0.2294967320028763,-0.75,Nb25-Mo75,0.75,0.0,0.0,0.25,MATRIX_BIN_049_Mo25_V75,0.0,0.0,0.0,0.0,0.0,0.25,0.0,0.0,0.0,0.75,0.0,0.0,0.0
Nb25-Mo75,MATRIX_BIN_050_Mo50_V50,0.19013415750121757,3.19107183,3.861543353,-0.097449414,5.5,0.0183150183150182,1.895,0.2650000000000001,-1.0,Nb25-Mo75,0.75,0.0,0.0,0.25,MATRIX_BIN_050_Mo50_V50,0.0,0.0,0.0,0.0,0.0,0.5,0.0,0.0,0.0,0.5,0.0,0.0,0.0
Nb25-Mo75,MATRIX_BIN_051_Mo75_V25,-0.026534285359779856,3.19107183,3.107507677,-0.114008179,5.75,0.0157173394516231,2.0275,0.2294967320028763,-0.75,Nb25-Mo75,0.75,0.0,0.0,0.25,MATRIX_BIN_051_Mo75_V25,0.0,0.0,0.0,0.0,0.0,0.75,0.0,0.0,0.0,0.25,0.0,0.0,0.0
Nb25-Mo75,MATRIX_BIN_052_Mo87_V12,-0.2490054951621225,3.19107183,2.484453351,-0.088360288,5.875,0.0117399398910924,2.0964,0.1722296141782824,-0.4224,Nb25-Mo75,0.75,0.0,0.0,0.25,MATRIX_BIN_052_Mo87_V12,0.0,0.0,0.0,0.0,0.0,0.875,0.0,0.0,0.0,0.125,0.0,0.0,0.0
Nb25-Mo75,MATRIX_BIN_053_Ta12_W87,-0.2317426259215467,3.19107183,2.528354403,-0.093051999,5.875,0.0162666672861703,2.2568,0.279466921119477,-0.4224,Nb25-Mo75,0.75,0.0,0.0,0.25,MATRIX_BIN_053_Ta12_W87,0.0,0.0,0.0,0.0,0.0,0.0,0.0,0.125,0.875,0.0,0.0,0.0,0.0
Nb25-Mo75,MATRIX_BIN_054_Ta25_W75,0.002104052313369131,3.19107183,3.197793083,-0.107372831,5.75,0.0215352675896663,2.145,0.3723909236273086,-0.75,Nb25-Mo75,0.75,0.0,0.0,0.25,MATRIX_BIN_054_Ta25_W75,0.0,0.0,0.0,0.0,0.0,0.0,0.0,0.25,0.75,0.0,0.0,0.0,0.0
Nb25-Mo75,MATRIX_BIN_055_Ta50_W50,0.2416906775786764,3.19107183,4.068337625,-0.070797609,5.5,0.0245614035087719,1.93,0.4299999999999999,-1.0,Nb25-Mo75,0.75,0.0,0.0,0.25,MATRIX_BIN_055_Ta50_W50,0.0,0.0,0.0,0.0,0.0,0.0,0.0,0.5,0.5,0.0,0.0,0.0,0.0
Nb25-Mo75,MATRIX_BIN_056_Ta75_W25,0.024001252072617982,3.19107183,3.268591838,-0.021707099,5.25,0.0210127480987559,1.715,0.3723909236273086,-0.75,Nb25-Mo75,0.75,0.0,0.0,0.25,MATRIX_BIN_056_Ta75_W25,0.0,0.0,0.0,0.0,0.0,0.0,0.0,0.75,0.25,0.0,0.0,0.0,0.0
Nb25-Mo75,MATRIX_BIN_057_Ta87_W12,-0.20004964292343386,3.19107183,2.610746034,-0.005622646,5.125,0.0156705067050018,1.6032,0.279466921119477,-0.4224,Nb25-Mo75,0.75,0.0,0.0,0.25,MATRIX_BIN_057_Ta87_W12,0.0,0.0,0.0,0.0,0.0,0.0,0.0,0.875,0.125,0.0,0.0,0.0,0.0
Nb25-Mo75,MATRIX_BIN_058_Ta12_V87,-0.28057183745720765,3.19107183,2.405896049,0.06873568,5.0,0.0287916304948704,1.6143999999999998,0.0422449997041069,0.0,Nb25-Mo75,0.75,0.0,0.0,0.25,MATRIX_BIN_058_Ta12_V87,0.0,0.0,0.0,0.0,0.0,0.0,0.0,0.125,0.0,0.875,0.0,0.0,0.0
Nb25-Mo75,MATRIX_BIN_059_Ta25_V75,-0.0354109334033289,3.19107183,3.080038888,0.103170482,5.0,0.0379281198737709,1.5975,0.0562916512459884,0.0,Nb25-Mo75,0.75,0.0,0.0,0.25,MATRIX_BIN_059_Ta25_V75,0.0,0.0,0.0,0.0,0.0,0.0,0.0,0.25,0.0,0.75,0.0,0.0,0.0
Nb25-Mo75,MATRIX_BIN_060_Ta50_V50,0.22304810505849207,3.19107183,3.992176831,0.118279576,5.0,0.0428571428571428,1.565,0.0649999999999999,0.0,Nb25-Mo75,0.75,0.0,0.0,0.25,MATRIX_BIN_060_Ta50_V50,0.0,0.0,0.0,0.0,0.0,0.0,0.0,0.5,0.0,0.5,0.0,0.0,0.0
Nb25-Mo75,MATRIX_BIN_061_Ta75_V25,0.016525544022292338,3.19107183,3.244245389,0.083356798,5.0,0.0363367302287176,1.5325,0.0562916512459884,0.0,Nb25-Mo75,0.75,0.0,0.0,0.25,MATRIX_BIN_061_Ta75_V25,0.0,0.0,0.0,0.0,0.0,0.0,0.0,0.75,0.0,0.25,0.0,0.0,0.0
Nb25-Mo75,MATRIX_BIN_062_Ta87_V12,-0.20353656415555893,3.19107183,2.601565119,0.048231505,5.0,0.0269752243651442,1.5156,0.0422449997041069,0.0,Nb25-Mo75,0.75,0.0,0.0,0.25,MATRIX_BIN_062_Ta87_V12,0.0,0.0,0.0,0.0,0.0,0.0,0.0,0.875,0.0,0.125,0.0,0.0,0.0
Nb25-Mo75,MATRIX_BIN_063_W12_V87,-0.288466453777741,3.19107183,2.38658796,0.007573578,5.125,0.0120713795016878,1.7175999999999998,0.23722192141537,0.0,Nb25-Mo75,0.75,0.0,0.0,0.25,MATRIX_BIN_063_W12_V87,0.0,0.0,0.0,0.0,0.0,0.0,0.0,0.0,0.125,0.875,0.0,0.0,0.0
Nb25-Mo75,MATRIX_BIN_064_W25_V75,-0.050963115395484045,3.19107183,3.032485885,-0.010397496,5.25,0.0160078632862187,1.8125,0.3160992723813201,0.0,Nb25-Mo75,0.75,0.0,0.0,0.25,MATRIX_BIN_064_W25_V75,0.0,0.0,0.0,0.0,0.0,0.0,0.0,0.0,0.25,0.75,0.0,0.0,0.0
Nb25-Mo75,MATRIX_BIN_065_W50_V50,0.1953066578274011,3.19107183,3.881757122,-0.05491275,5.5,0.0183150183150182,1.995,0.365,0.0,Nb25-Mo75,0.75,0.0,0.0,0.25,MATRIX_BIN_065_W50_V50,0.0,0.0,0.0,0.0,0.0,0.0,0.0,0.0,0.5,0.5,0.0,0.0,0.0
Nb25-Mo75,MATRIX_BIN_066_W75_V25,-0.020249001353680393,3.19107183,3.12710346,-0.09208095,5.75,0.0157173394516231,2.1775,0.3160992723813201,0.0,Nb25-Mo75,0.75,0.0,0.0,0.25,MATRIX_BIN_066_W75_V25,0.0,0.0,0.0,0.0,0.0,0.0,0.0,0.0,0.75,0.25,0.0,0.0,0.0
Nb25-Mo75,MATRIX_BIN_067_W87_V12,-0.24278679757569824,3.19107183,2.50019019,-0.084931073,5.875,0.0117399398910924,2.2724,0.23722192141537,0.0,Nb25-Mo75,0.75,0.0,0.0,0.25,MATRIX_BIN_067_W87_V12,0.0,0.0,0.0,0.0,0.0,0.0,0.0,0.0,0.875,0.125,0.0,0.0,0.0
Nb25-Mo75,MATRIX_TERN_068_Nb33_Mo33_Ta33,0.15455810265773576,3.19107183,3.725584467,-0.065262171,5.333333333,0.0229686657461987,1.7533333333333334,0.2904402788105596,-2.2222222222222228,Nb25-Mo75,0.75,0.0,0.0,0.25,MATRIX_TERN_068_Nb33_Mo33_Ta33,0.0,0.0,0.0,0.0,0.0,0.333333333,0.333333333,0.333333333,0.0,0.0,0.0,0.0,0.0
Nb25-Mo75,MATRIX_TERN_069_Nb33_Mo33_W33,0.14091706538489476,3.19107183,3.674833441,-0.049686914,5.666666667,0.0233478654165369,2.0400000000000005,0.3216623488483951,-2.2222222222222223,Nb25-Mo75,0.75,0.0,0.0,0.25,MATRIX_TERN_069_Nb33_Mo33_W33,0.0,0.0,0.0,0.0,0.0,0.333333333,0.333333333,0.0,0.333333333,0.0,0.0,0.0,0.0
Nb25-Mo75,MATRIX_TERN_070_Nb33_Mo33_V33,0.12423560096390068,3.19107183,3.613773878,-0.013214523,5.333333333,0.0352382411938744,1.7966666666666669,0.2572072229848058,-1.777777777777778,Nb25-Mo75,0.75,0.0,0.0,0.25,MATRIX_TERN_070_Nb33_Mo33_V33,0.0,0.0,0.0,0.0,0.0,0.333333333,0.333333333,0.0,0.0,0.333333333,0.0,0.0,0.0
Nb25-Mo75,MATRIX_TERN_071_Nb33_Ta33_W33,0.1558181627175304,3.19107183,3.730310358,-0.031019427,5.333333333,0.0229686657461987,1.82,0.3840138886377244,-1.777777777777778,Nb25-Mo75,0.75,0.0,0.0,0.25,MATRIX_TERN_071_Nb33_Ta33_W33,0.0,0.0,0.0,0.0,0.0,0.0,0.333333333,0.333333333,0.333333333,0.0,0.0,0.0,0.0
Nb25-Mo75,MATRIX_TERN_072_Nb33_Ta33_V33,0.14369138203491308,3.19107183,3.685094771,0.08652521,5.0,0.0398370017569885,1.5766666666666669,0.0555777733351102,-0.8888888888888891,Nb25-Mo75,0.75,0.0,0.0,0.25,MATRIX_TERN_072_Nb33_Ta33_V33,0.0,0.0,0.0,0.0,0.0,0.0,0.333333333,0.333333333,0.0,0.333333333,0.0,0.0,0.0
Nb25-Mo75,MATRIX_TERN_073_Nb33_W33_V33,0.12659542295458748,3.19107183,3.622345558,0.018775382,5.333333333,0.0352382411938744,1.8633333333333333,0.351409858838492,-1.3333333333333337,Nb25-Mo75,0.75,0.0,0.0,0.25,MATRIX_TERN_073_Nb33_W33_V33,0.0,0.0,0.0,0.0,0.0,0.0,0.333333333,0.0,0.333333333,0.333333333,0.0,0.0,0.0
Nb25-Mo75,MATRIX_TERN_074_Mo33_Ta33_W33,0.13913473325849998,3.19107183,3.668257294,-0.093088097,5.666666667,0.0233478654165369,2.006666666666667,0.3674537007872178,-1.777777777777778,Nb25-Mo75,0.75,0.0,0.0,0.25,MATRIX_TERN_074_Mo33_Ta33_W33,0.0,0.0,0.0,0.0,0.0,0.333333333,0.0,0.333333333,0.333333333,0.0,0.0,0.0,0.0
Nb25-Mo75,MATRIX_TERN_075_Mo33_Ta33_V33,0.12253342358217724,3.19107183,3.607604365,-0.042224622,5.333333333,0.0352382411938744,1.7633333333333336,0.2854625875467553,-1.3333333333333337,Nb25-Mo75,0.75,0.0,0.0,0.25,MATRIX_TERN_075_Mo33_Ta33_V33,0.0,0.0,0.0,0.0,0.0,0.333333333,0.0,0.333333333,0.0,0.333333333,0.0,0.0,0.0
Nb25-Mo75,MATRIX_TERN_076_Mo33_W33_V33,0.10756815728674989,3.19107183,3.553840738,-0.074437179,5.666666667,0.0171627859511297,2.0500000000000003,0.3080043289739069,-0.8888888888888891,Nb25-Mo75,0.75,0.0,0.0,0.25,MATRIX_TERN_076_Mo33_W33_V33,0.0,0.0,0.0,0.0,0.0,0.333333333,0.0,0.0,0.333333333,0.333333333,0.0,0.0,0.0
Nb25-Mo75,MATRIX_TERN_077_Ta33_W33_V33,0.12498205247631047,3.19107183,3.616482912,-0.005449438,5.333333333,0.0352382411938744,1.83,0.3785058343892028,-0.4444444444444445,Nb25-Mo75,0.75,0.0,0.0,0.25,MATRIX_TERN_077_Ta33_W33_V33,0.0,0.0,0.0,0.0,0.0,0.0,0.0,0.333333333,0.333333333,0.333333333,0.0,0.0,0.0
Nb25-Mo75,B2_TERN_SOL_078_Ru_Hf87_Nb12,-0.2186874233832854,3.19107183,2.562008656,-1.091011246,6.0625,0.079929319846275,1.7680000000000002,0.4374654272053965,-14.1168,Nb25-Mo75,0.75,0.0,0.0,0.25,B2_TERN_SOL_078_Ru_Hf87_Nb12,0.5,0.4375,0.0,0.0,0.0,0.0,0.0625,0.0,0.0,0.0,0.0,0.0,0.0
Nb25-Mo75,B2_TERN_SOL_079_Ru_Hf75_Nb25,0.009385114971159157,3.19107183,3.221161604,-0.990479496,6.125,0.0772310128363896,1.786,0.4237971212738473,-13.1472,Nb25-Mo75,0.75,0.0,0.0,0.25,B2_TERN_SOL_079_Ru_Hf75_Nb25,0.5,0.375,0.0,0.0,0.0,0.0,0.125,0.0,0.0,0.0,0.0,0.0,0.0
Nb25-Mo75,B2_TERN_SOL_080_Ru_Hf87_Mo12,-0.22162663716856604,3.19107183,2.554397326,-1.011580317,6.125,0.0808002001785193,1.8016,0.4447172584912801,-14.16,Nb25-Mo75,0.75,0.0,0.0,0.25,B2_TERN_SOL_080_Ru_Hf87_Mo12,0.5,0.4375,0.0,0.0,0.0,0.0625,0.0,0.0,0.0,0.0,0.0,0.0,0.0
Nb25-Mo75,B2_TERN_SOL_081_Ru_Hf75_Mo25,0.002833873947050733,3.19107183,3.200127757,-0.833822359,6.25,0.0785362630419332,1.8532,0.4332686926146408,-13.32,Nb25-Mo75,0.75,0.0,0.0,0.25,B2_TERN_SOL_081_Ru_Hf75_Mo25,0.5,0.375,0.0,0.0,0.0,0.125,0.0,0.0,0.0,0.0,0.0,0.0,0.0
Nb25-Mo75,B2_TERN_SOL_082_Ru_Hf87_Ta12,-0.2193480928115202,3.19107183,2.560296043,-1.113680888,6.0625,0.079929319846275,1.7620000000000002,0.4404043596514458,-13.68,Nb25-Mo75,0.75,0.0,0.0,0.25,B2_TERN_SOL_082_Ru_Hf87_Ta12,0.5,0.4375,0.0,0.0,0.0,0.0,0.0,0.0625,0.0,0.0,0.0,0.0,0.0
Nb25-Mo75,B2_TERN_SOL_083_Ru_Hf75_Ta25,0.007956544060158489,3.19107183,3.216563145,-1.032519678,6.125,0.0772310128363896,1.774,0.4302603862778911,-12.36,Nb25-Mo75,0.75,0.0,0.0,0.25,B2_TERN_SOL_083_Ru_Hf75_Ta25,0.5,0.375,0.0,0.0,0.0,0.0,0.0,0.125,0.0,0.0,0.0,0.0,0.0
Nb25-Mo75,B2_TERN_SOL_084_Ru_Hf87_W12,-0.22164566867905758,3.19107183,2.554348108,-1.017173511,6.125,0.0808002001785193,1.8136,0.4567614694783263,-13.92,Nb25-Mo75,0.75,0.0,0.0,0.25,B2_TERN_SOL_084_Ru_Hf87_W12,0.5,0.4375,0.0,0.0,0.0,0.0,0.0,0.0,0.0625,0.0,0.0,0.0,0.0
Nb25-Mo75,B2_TERN_SOL_085_Ru_Hf75_W25,0.0030731646128749172,3.19107183,3.200893611,-0.836868509,6.25,0.0785362630419332,1.8772,0.4546120983871855,-12.84,Nb25-Mo75,0.75,0.0,0.0,0.25,B2_TERN_SOL_085_Ru_Hf75_W25,0.5,0.375,0.0,0.0,0.0,0.0,0.0,0.0,0.125,0.0,0.0,0.0,0.0
Nb25-Mo75,B2_TERN_SOL_086_Ru_Hf87_V12,-0.22488997173199732,3.19107183,2.545970218,-1.063735031,6.0625,0.0824106716944606,1.7698,0.4368317296167943,-13.44,Nb25-Mo75,0.75,0.0,0.0,0.25,B2_TERN_SOL_086_Ru_Hf87_V12,0.5,0.4375,0.0,0.0,0.0,0.0,0.0,0.0,0.0,0.0625,0.0,0.0,0.0
Nb25-Mo75,B2_TERN_SOL_087_Ru_Hf75_V25,-0.003219975563014603,3.19107183,3.180813173,-0.946727169,6.125,0.0813951555025931,1.7896,0.4223266981851847,-11.88,Nb25-Mo75,0.75,0.0,0.0,0.25,B2_TERN_SOL_087_Ru_Hf75_V25,0.5,0.375,0.0,0.0,0.0,0.0,0.0,0.0,0.0,0.125,0.0,0.0,0.0
Nb25-Mo75,B2_TERN_SOL_088_Ru_Ti87_Nb12,-0.26188962359541823,3.19107183,2.452124543,-0.983188993,6.0625,0.04588506177003,1.8736,0.3266910467092724,-9.6112,Nb25-Mo75,0.75,0.0,0.0,0.25,B2_TERN_SOL_088_Ru_Ti87_Nb12,0.5,0.0,0.4375,0.0,0.0,0.0,0.0625,0.0,0.0,0.0,0.0,0.0,0.0
Nb25-Mo75,B2_TERN_SOL_089_Ru_Ti75_Nb25,-0.028016439011483648,3.19107183,3.102904429,-0.903188944,6.125,0.0454989552387946,1.8772,0.3233081502220444,-9.1648,Nb25-Mo75,0.75,0.0,0.0,0.25,B2_TERN_SOL_089_Ru_Ti75_Nb25,0.5,0.0,0.375,0.0,0.0,0.0,0.125,0.0,0.0,0.0,0.0,0.0,0.0
Nb25-Mo75,B2_TERN_SOL_090_Ru_Ti87_Mo12,-0.2655449401054048,3.19107183,2.443019595,-0.92145562,6.125,0.0449536510398423,1.9072,0.3256196554263886,-9.760000000000002,Nb25-Mo75,0.75,0.0,0.0,0.25,B2_TERN_SOL_090_Ru_Ti87_Mo12,0.5,0.0,0.4375,0.0,0.0,0.0625,0.0,0.0,0.0,0.0,0.0,0.0,0.0
Nb25-Mo75,B2_TERN_SOL_091_Ru_Ti75_Mo25,-0.03416304328083013,3.19107183,3.083886002,-0.762838311,6.25,0.0433128345312989,1.9444,0.3168416639269527,-9.52,Nb25-Mo75,0.75,0.0,0.0,0.25,B2_TERN_SOL_091_Ru_Ti75_Mo25,0.5,0.0,0.375,0.0,0.0,0.125,0.0,0.0,0.0,0.0,0.0,0.0,0.0
Nb25-Mo75,B2_TERN_SOL_092_Ru_Ti87_Ta12,-0.2625328545779301,3.19107183,2.4505202,-1.012091649,6.0625,0.04588506177003,1.8676,0.3325270515311499,-9.28,Nb25-Mo75,0.75,0.0,0.0,0.25,B2_TERN_SOL_092_Ru_Ti87_Ta12,0.5,0.0,0.4375,0.0,0.0,0.0,0.0,0.0625,0.0,0.0,0.0,0.0,0.0
Nb25-Mo75,B2_TERN_SOL_093_Ru_Ti75_Ta25,-0.029340342568821814,3.19107183,3.098798357,-0.958150623,6.125,0.0454989552387946,1.8652,0.3350178502706983,-8.559999999999999,Nb25-Mo75,0.75,0.0,0.0,0.25,B2_TERN_SOL_093_Ru_Ti75_Ta25,0.5,0.0,0.375,0.0,0.0,0.0,0.0,0.125,0.0,0.0,0.0,0.0,0.0
Nb25-Mo75,B2_TERN_SOL_094_Ru_Ti87_W12,-0.2652442995411666,3.19107183,2.443767345,-0.933472753,6.125,0.0449536510398423,1.9192,0.338158779273879,-9.52,Nb25-Mo75,0.75,0.0,0.0,0.25,B2_TERN_SOL_094_Ru_Ti87_W12,0.5,0.0,0.4375,0.0,0.0,0.0,0.0,0.0,0.0625,0.0,0.0,0.0,0.0
Nb25-Mo75,B2_TERN_SOL_095_Ru_Ti75_W25,-0.034714282699424795,3.19107183,3.082186007,-0.789613358,6.25,0.0433128345312989,1.9684,0.3390596407713546,-9.04,Nb25-Mo75,0.75,0.0,0.0,0.25,B2_TERN_SOL_095_Ru_Ti75_W25,0.5,0.0,0.375,0.0,0.0,0.0,0.0,0.0,0.125,0.0,0.0,0.0,0.0
Nb25-Mo75,B2_TERN_SOL_096_Ru_Ti87_V12,-0.26974161740624997,3.19107183,2.432602346,-0.982724607,6.0625,0.0461854444311139,1.8754,0.3252581128888256,-9.04,Nb25-Mo75,0.75,0.0,0.0,0.25,B2_TERN_SOL_096_Ru_Ti87_V12,0.5,0.0,0.4375,0.0,0.0,0.0,0.0,0.0,0.0,0.0625,0.0,0.0,0.0
Nb25-Mo75,B2_TERN_SOL_097_Ru_Ti75_V25,-0.04357154118512863,3.19107183,3.05499642,-0.905306641,6.125,0.0454154582679287,1.8808,0.3203550530271062,-8.08,Nb25-Mo75,0.75,0.0,0.0,0.25,B2_TERN_SOL_097_Ru_Ti75_V25,0.5,0.0,0.375,0.0,0.0,0.0,0.0,0.0,0.0,0.125,0.0,0.0,0.0
Nb25-Mo75,B2_TERN_SOL_098_Ru_Zr87_Nb12,-0.20896640430705266,3.19107183,2.587326291,-0.890146496,6.0625,0.0860586382926536,1.7812,0.423370476060861,-16.756800000000002,Nb25-Mo75,0.75,0.0,0.0,0.25,B2_TERN_SOL_098_Ru_Zr87_Nb12,0.5,0.0,0.0,0.4375,0.0,0.0,0.0625,0.0,0.0,0.0,0.0,0.0,0.0
Nb25-Mo75,B2_TERN_SOL_099_Ru_Zr75_Nb25,0.017891130002673544,3.19107183,3.24867904,-0.818094975,6.125,0.0831528643327092,1.7974,0.4107739524361301,-15.4272,Nb25-Mo75,0.75,0.0,0.0,0.25,B2_TERN_SOL_099_Ru_Zr75_Nb25,0.5,0.0,0.0,0.375,0.0,0.0,0.125,0.0,0.0,0.0,0.0,0.0,0.0
Nb25-Mo75,B2_TERN_SOL_100_Ru_Zr87_Mo12,-0.21210487697470298,3.19107183,2.579128061,-0.806967569,6.125,0.0870934949098326,1.8148,0.4298289892503762,-16.8,Nb25-Mo75,0.75,0.0,0.0,0.25,B2_TERN_SOL_100_Ru_Zr87_Mo12,0.5,0.0,0.0,0.4375,0.0,0.0625,0.0,0.0,0.0,0.0,0.0,0.0,0.0
Nb25-Mo75,B2_TERN_SOL_101_Ru_Zr75_Mo25,0.011429978692327206,3.19107183,3.227755359,-0.655458039,6.25,0.084783177312234,1.8646000000000005,0.4187133148109814,-15.6,Nb25-Mo75,0.75,0.0,0.0,0.25,B2_TERN_SOL_101_Ru_Zr75_Mo25,0.5,0.0,0.0,0.375,0.0,0.125,0.0,0.0,0.0,0.0,0.0,0.0,0.0
Nb25-Mo75,B2_TERN_SOL_102_Ru_Zr87_Ta12,-0.20962614067150837,3.19107183,2.585601013,-0.911972703,6.0625,0.0860586382926536,1.7752,0.4265922643461787,-16.32,Nb25-Mo75,0.75,0.0,0.0,0.25,B2_TERN_SOL_102_Ru_Zr87_Ta12,0.5,0.0,0.0,0.4375,0.0,0.0,0.0,0.0625,0.0,0.0,0.0,0.0,0.0
Nb25-Mo75,B2_TERN_SOL_103_Ru_Zr75_Ta25,0.01660306836650418,3.19107183,3.244496924,-0.863325979,6.125,0.0831528643327091,1.7854,0.4177664898002233,-14.64,Nb25-Mo75,0.75,0.0,0.0,0.25,B2_TERN_SOL_103_Ru_Zr75_Ta25,0.5,0.0,0.0,0.375,0.0,0.0,0.0,0.125,0.0,0.0,0.0,0.0,0.0
Nb25-Mo75,B2_TERN_SOL_104_Ru_Zr87_W12,-0.21196419019207244,3.19107183,2.579495061,-0.814514579,6.125,0.0870934949098326,1.8268,0.4419205358432667,-16.56,Nb25-Mo75,0.75,0.0,0.0,0.25,B2_TERN_SOL_104_Ru_Zr87_W12,0.5,0.0,0.0,0.4375,0.0,0.0,0.0,0.0,0.0625,0.0,0.0,0.0,0.0
Nb25-Mo75,B2_TERN_SOL_105_Ru_Zr75_W25,0.011947704800526697,3.19107183,3.229426942,-0.661370427,6.25,0.084783177312234,1.8886,0.4401409319752027,-15.12,Nb25-Mo75,0.75,0.0,0.0,0.25,B2_TERN_SOL_105_Ru_Zr75_W25,0.5,0.0,0.0,0.375,0.0,0.0,0.0,0.0,0.125,0.0,0.0,0.0,0.0
Nb25-Mo75,B2_TERN_SOL_106_Ru_Zr87_V12,-0.2147967398008991,3.19107183,2.572114963,-0.856520623,6.0625,0.0887380403728719,1.783,0.4226594373724548,-16.08,Nb25-Mo75,0.75,0.0,0.0,0.25,B2_TERN_SOL_106_Ru_Zr87_V12,0.5,0.0,0.0,0.4375,0.0,0.0,0.0,0.0,0.0,0.0625,0.0,0.0,0.0
Nb25-Mo75,B2_TERN_SOL_107_Ru_Zr75_V25,0.005408931067773935,3.19107183,3.208378924,-0.759667971,6.125,0.0877123126458997,1.8010000000000002,0.4091564492953766,-14.16,Nb25-Mo75,0.75,0.0,0.0,0.25,B2_TERN_SOL_107_Ru_Zr75_V25,0.5,0.0,0.0,0.375,0.0,0.0,0.0,0.0,0.0,0.125,0.0,0.0,0.0
Nb25-Mo75,B2_PENALTY_108_Ru100Al0_Hf,0.46696511638585153,3.19107183,5.135083991,-1.187745448,6.0,0.0821917808219178,1.75,0.45,-15.0,Nb25-Mo75,0.75,0.0,0.0,0.25,B2_PENALTY_108_Ru100Al0_Hf,0.5,0.5,0.0,0.0,0.0,0.0,0.0,0.0,0.0,0.0,0.0,0.0,0.0
Nb25-Mo75,B2_PENALTY_109_Ru87Al12_Hf,-0.21215577664742608,3.19107183,2.578995294,-1.06443911,5.6875,0.0794670531912796,1.7146,0.4362027510229618,-15.312,Nb25-Mo75,0.75,0.0,0.0,0.25,B2_PENALTY_109_Ru87Al12_Hf,0.4375,0.5,0.0,0.0,0.0625,0.0,0.0,0.0,0.0,0.0,0.0,0.0,0.0
Nb25-Mo75,B2_PENALTY_110_Ru75Al25_Hf,0.022831752787533015,3.19107183,3.264770933,-0.95574225,5.375,0.0765104674756606,1.6792000000000002,0.4189741758151689,-15.048,Nb25-Mo75,0.75,0.0,0.0,0.25,B2_PENALTY_110_Ru75Al25_Hf,0.375,0.5,0.0,0.0,0.125,0.0,0.0,0.0,0.0,0.0,0.0,0.0,0.0
Nb25-Mo75,B2_PENALTY_111_Ru62Al37_Hf,-0.20259656683665586,3.19107183,2.60403723,-0.842813539,5.0625,0.072734714189907,1.6379,0.3939322149812072,-14.012,Nb25-Mo75,0.75,0.0,0.0,0.25,B2_PENALTY_111_Ru62Al37_Hf,0.3125,0.5,0.0,0.0,0.1875,0.0,0.0,0.0,0.0,0.0,0.0,0.0,0.0
Nb25-Mo75,B2_PENALTY_112_Ru50Al50_Hf,0.2618898562196558,3.19107183,4.152701731,-0.729649314,4.75,0.0691810843061248,1.6025,0.3674489760497368,-12.5,Nb25-Mo75,0.75,0.0,0.0,0.25,B2_PENALTY_112_Ru50Al50_Hf,0.25,0.5,0.0,0.0,0.25,0.0,0.0,0.0,0.0,0.0,0.0,0.0,0.0
Nb25-Mo75,B2_PENALTY_113_Ru87Cr12_Hf,-0.218496954221284,3.19107183,2.562502587,-1.035615577,5.875,0.0853931303142513,1.7176,0.4356446258132884,-12.672,Nb25-Mo75,0.75,0.0,0.0,0.25,B2_PENALTY_113_Ru87Cr12_Hf,0.4375,0.5,0.0,0.0,0.0,0.0,0.0,0.0,0.0,0.0,0.0625,0.0,0.0
Nb25-Mo75,B2_PENALTY_114_Ru75Cr25_Hf,0.010707662042894556,3.19107183,3.225424668,-0.878162691,5.75,0.0884389348964152,1.6852000000000005,0.4182976930369089,-10.488,Nb25-Mo75,0.75,0.0,0.0,0.25,B2_PENALTY_114_Ru75Cr25_Hf,0.375,0.5,0.0,0.0,0.0,0.0,0.0,0.0,0.0,0.0,0.125,0.0,0.0
Nb25-Mo75,B2_PENALTY_115_Ru62Cr37_Hf,-0.2207275552049751,3.19107183,2.556723432,-0.716377173,5.625,0.0918154837201231,1.6474000000000002,0.3937476857074846,-8.122,Nb25-Mo75,0.75,0.0,0.0,0.25,B2_PENALTY_115_Ru62Cr37_Hf,0.3125,0.5,0.0,0.0,0.0,0.0,0.0,0.0,0.0,0.0,0.1875,0.0,0.0
Nb25-Mo75,B2_PENALTY_116_Ru50Cr50_Hf,0.23810585116451646,3.19107183,4.053567315,-0.552796357,5.5,0.09457197487001,1.615,0.3683408747342603,-6.25,Nb25-Mo75,0.75,0.0,0.0,0.25,B2_PENALTY_116_Ru50Cr50_Hf,0.25,0.5,0.0,0.0,0.0,0.0,0.0,0.0,0.0,0.0,0.25,0.0,0.0
Nb25-Mo75,B2_PENALTY_117_Ru87Cu12_Hf,-0.21582593855815566,3.19107183,2.569438099,-1.045192975,6.1875,0.0853931303142513,1.7320000000000002,0.4374654272053965,-14.4672,Nb25-Mo75,0.75,0.0,0.0,0.25,B2_PENALTY_117_Ru87Cu12_Hf,0.4375,0.5,0.0,0.0,0.0,0.0,0.0,0.0,0.0,0.0,0.0,0.0625,0.0
Nb25-Mo75,B2_PENALTY_118_Ru75Cu25_Hf,0.01406181612679723,3.19107183,3.236261822,-0.923389889,6.375,0.0884389348964152,1.7140000000000002,0.4237971212738473,-13.5888,Nb25-Mo75,0.75,0.0,0.0,0.25,B2_PENALTY_118_Ru75Cu25_Hf,0.375,0.5,0.0,0.0,0.0,0.0,0.0,0.0,0.0,0.0,0.0,0.125,0.0
Nb25-Mo75,B2_PENALTY_119_Ru62Cu37_Hf,-0.21627344919906033,3.19107183,2.568274935,-0.799684359,6.5625,0.0918154837201231,1.693,0.4062646920420233,-12.1272,Nb25-Mo75,0.75,0.0,0.0,0.25,B2_PENALTY_119_Ru62Cu37_Hf,0.3125,0.5,0.0,0.0,0.0,0.0,0.0,0.0,0.0,0.0,0.0,0.1875,0.0
Nb25-Mo75,B2_PENALTY_120_Ru50Cu50_Hf,0.24370906969280748,3.19107183,4.076680397,-0.677358279,6.75,0.09457197487001,1.675,0.3897114317029974,-10.5,Nb25-Mo75,0.75,0.0,0.0,0.25,B2_PENALTY_120_Ru50Cu50_Hf,0.25,0.5,0.0,0.0,0.0,0.0,0.0,0.0,0.0,0.0,0.0,0.25,0.0
Nb25-Mo75,B2_PENALTY_121_Ru87Si12_Hf,-0.21401182448026843,3.19107183,2.574158138,-1.089550642,5.75,0.0937602843775687,1.7320000000000002,0.4374654272053965,-12.3552,Nb25-Mo75,0.75,0.0,0.0,0.25,B2_PENALTY_121_Ru87Si12_Hf,0.4375,0.5,0.0,0.0,0.0,0.0,0.0,0.0,0.0,0.0,0.0,0.0,0.0625
Nb25-Mo75,B2_PENALTY_122_Ru75Si25_Hf,0.01780906566231897,3.19107183,3.248412429,-1.009713639,5.5,0.1038426921242283,1.7140000000000002,0.4237971212738473,-9.9408,Nb25-Mo75,0.75,0.0,0.0,0.25,B2_PENALTY_122_Ru75Si25_Hf,0.375,0.5,0.0,0.0,0.0,0.0,0.0,0.0,0.0,0.0,0.0,0.0,0.125
Nb25-Mo75,B2_PENALTY_123_Ru62Si37_Hf,-0.21057282952775777,3.19107183,2.583127124,-0.920694427,5.25,0.1142356063938751,1.693,0.4062646920420233,-7.4152,Nb25-Mo75,0.75,0.0,0.0,0.25,B2_PENALTY_123_Ru62Si37_Hf,0.3125,0.5,0.0,0.0,0.0,0.0,0.0,0.0,0.0,0.0,0.0,0.0,0.1875
Nb25-Mo75,B2_PENALTY_124_Ru50Si50_Hf,0.25122277730654874,3.19107183,4.107906653,-0.838327211,5.0,0.1222287117389678,1.6750000000000005,0.3897114317029974,-5.5,Nb25-Mo75,0.75,0.0,0.0,0.25,B2_PENALTY_124_Ru50Si50_Hf,0.25,0.5,0.0,0.0,0.0,0.0,0.0,0.0,0.0,0.0,0.0,0.0,0.25
Nb25-Mo75,B2_PENALTY_125_Ru100Al0_Ti,0.4188481447959063,3.19107183,4.881705796,-1.057956866,6.0,0.0462633451957295,1.87,0.33,-10.0,Nb25-Mo75,0.75,0.0,0.0,0.25,B2_PENALTY_125_Ru100Al0_Ti,0.5,0.0,0.5,0.0,0.0,0.0,0.0,0.0,0.0,0.0,0.0,0.0,0.0
Nb25-Mo75,B2_PENALTY_126_Ru87Al12_Ti,-0.26257928131374697,3.19107183,2.450404438,-0.970267174,5.6875,0.0447291357659921,1.8346,0.3242974560492266,-10.912,Nb25-Mo75,0.75,0.0,0.0,0.25,B2_PENALTY_126_Ru87Al12_Ti,0.4375,0.0,0.5,0.0,0.0625,0.0,0.0,0.0,0.0,0.0,0.0,0.0,0.0
Nb25-Mo75,B2_PENALTY_127_Ru75Al25_Ti,-0.029050994248056003,3.19107183,3.09969531,-0.88819063,5.375,0.0428259601061415,1.7992,0.3145335594177512,-11.248,Nb25-Mo75,0.75,0.0,0.0,0.25,B2_PENALTY_127_Ru75Al25_Ti,0.375,0.0,0.5,0.0,0.125,0.0,0.0,0.0,0.0,0.0,0.0,0.0,0.0
Nb25-Mo75,B2_PENALTY_128_Ru62Al37_Ti,-0.25419998415010253,3.19107183,2.471374896,-0.804440265,5.0625,0.0400790404298587,1.7579,0.2974669561480737,-10.912,Nb25-Mo75,0.75,0.0,0.0,0.25,B2_PENALTY_128_Ru62Al37_Ti,0.3125,0.0,0.5,0.0,0.1875,0.0,0.0,0.0,0.0,0.0,0.0,0.0,0.0
Nb25-Mo75,B2_PENALTY_129_Ru50Al50_Ti,0.2099343100101109,3.19107183,3.939553259,-0.713701673,4.75,0.0371922251866817,1.7225,0.2771619562638422,-10.0,Nb25-Mo75,0.75,0.0,0.0,0.25,B2_PENALTY_129_Ru50Al50_Ti,0.25,0.0,0.5,0.0,0.25,0.0,0.0,0.0,0.0,0.0,0.0,0.0,0.0
Nb25-Mo75,B2_PENALTY_130_Ru87Cr12_Ti,-0.26901713926338167,3.19107183,2.434397938,-0.94270459,5.875,0.0499298619726951,1.8376,0.3224317602222213,-8.272,Nb25-Mo75,0.75,0.0,0.0,0.25,B2_PENALTY_130_Ru87Cr12_Ti,0.4375,0.0,0.5,0.0,0.0,0.0,0.0,0.0,0.0,0.0,0.0625,0.0,0.0
Nb25-Mo75,B2_PENALTY_131_Ru75Cr25_Ti,-0.041462645722005996,3.19107183,3.061448806,-0.80961964,5.75,0.0532543770850372,1.8052,0.3113277372801852,-6.688,Nb25-Mo75,0.75,0.0,0.0,0.25,B2_PENALTY_131_Ru75Cr25_Ti,0.375,0.0,0.5,0.0,0.0,0.0,0.0,0.0,0.0,0.0,0.125,0.0,0.0
Nb25-Mo75,B2_PENALTY_132_Ru62Cr37_Ti,-0.27302848496067583,3.19107183,2.424470344,-0.675679922,5.625,0.0567786551293567,1.7674,0.2933619607242902,-5.022,Nb25-Mo75,0.75,0.0,0.0,0.25,B2_PENALTY_132_Ru62Cr37_Ti,0.3125,0.0,0.5,0.0,0.0,0.0,0.0,0.0,0.0,0.0,0.1875,0.0,0.0
Nb25-Mo75,B2_PENALTY_133_Ru50Cr50_Ti,0.18450642656447624,3.19107183,3.839681408,-0.538077974,5.5,0.0595429689109598,1.735,0.2729010809799038,-3.75,Nb25-Mo75,0.75,0.0,0.0,0.25,B2_PENALTY_133_Ru50Cr50_Ti,0.25,0.0,0.5,0.0,0.0,0.0,0.0,0.0,0.0,0.0,0.25,0.0,0.0
Nb25-Mo75,B2_PENALTY_134_Ru87Cu12_Ti,-0.26623759147332554,3.19107183,2.441297595,-0.919729937,6.1875,0.0499298619726951,1.852,0.3195246469366644,-10.0672,Nb25-Mo75,0.75,0.0,0.0,0.25,B2_PENALTY_134_Ru87Cu12_Ti,0.4375,0.0,0.5,0.0,0.0,0.0,0.0,0.0,0.0,0.0,0.0,0.0625,0.0
Nb25-Mo75,B2_PENALTY_135_Ru75Cu25_Ti,-0.0371533737051751,3.19107183,3.074675013,-0.801717189,6.375,0.0532543770850372,1.834,0.3076426498390625,-9.7888,Nb25-Mo75,0.75,0.0,0.0,0.25,B2_PENALTY_135_Ru75Cu25_Ti,0.375,0.0,0.5,0.0,0.0,0.0,0.0,0.0,0.0,0.0,0.0,0.125,0.0
Nb25-Mo75,B2_PENALTY_136_Ru62Cu37_Ti,-0.2666890197472144,3.19107183,2.440175866,-0.680640909,6.5625,0.0567786551293567,1.813,0.2917721713940519,-9.0272,Nb25-Mo75,0.75,0.0,0.0,0.25,B2_PENALTY_136_Ru62Cu37_Ti,0.3125,0.0,0.5,0.0,0.0,0.0,0.0,0.0,0.0,0.0,0.0,0.1875,0.0
Nb25-Mo75,B2_PENALTY_137_Ru50Cu50_Ti,0.19300370300163108,3.19107183,3.872743044,-0.557797759,6.75,0.0595429689109598,1.7950000000000002,0.2761792895928295,-8.0,Nb25-Mo75,0.75,0.0,0.0,0.25,B2_PENALTY_137_Ru50Cu50_Ti,0.25,0.0,0.5,0.0,0.0,0.0,0.0,0.0,0.0,0.0,0.0,0.25,0.0
Nb25-Mo75,B2_PENALTY_138_Ru87Si12_Ti,-0.265211599966921,3.19107183,2.443848687,-0.989505902,5.75,0.0607546208741894,1.852,0.3195246469366644,-7.9552,Nb25-Mo75,0.75,0.0,0.0,0.25,B2_PENALTY_138_Ru87Si12_Ti,0.4375,0.0,0.5,0.0,0.0,0.0,0.0,0.0,0.0,0.0,0.0,0.0,0.0625
Nb25-Mo75,B2_PENALTY_139_Ru75Si25_Ti,-0.03475833228769503,3.19107183,3.0820502,-0.93611645,5.5,0.0719655963958058,1.834,0.3076426498390625,-6.1408,Nb25-Mo75,0.75,0.0,0.0,0.25,B2_PENALTY_139_Ru75Si25_Ti,0.375,0.0,0.5,0.0,0.0,0.0,0.0,0.0,0.0,0.0,0.0,0.0,0.125
Nb25-Mo75,B2_PENALTY_140_Ru62Si37_Ti,-0.26335525776394475,3.19107183,2.448470295,-0.869757039,5.25,0.0826499299050591,1.813,0.2917721713940519,-4.3152,Nb25-Mo75,0.75,0.0,0.0,0.25,B2_PENALTY_140_Ru62Si37_Ti,0.3125,0.0,0.5,0.0,0.0,0.0,0.0,0.0,0.0,0.0,0.0,0.0,0.1875
Nb25-Mo75,B2_PENALTY_141_Ru50Si50_Ti,0.1975105268025294,3.19107183,3.890404933,-0.808674347,5.0,0.090393746324797,1.795,0.2761792895928295,-3.0,Nb25-Mo75,0.75,0.0,0.0,0.25,B2_PENALTY_141_Ru50Si50_Ti,0.25,0.0,0.5,0.0,0.0,0.0,0.0,0.0,0.0,0.0,0.0,0.0,0.25
Nb25-Mo75,B2_PENALTY_142_Ru100Al0_Zr,0.4778065936048032,3.19107183,5.194385147,-0.960777489,6.0,0.0884353741496598,1.765,0.435,-18.0,Nb25-Mo75,0.75,0.0,0.0,0.25,B2_PENALTY_142_Ru100Al0_Zr,0.5,0.0,0.0,0.5,0.0,0.0,0.0,0.0,0.0,0.0,0.0,0.0,0.0
Nb25-Mo75,B2_PENALTY_143_Ru87Al12_Zr,-0.2008129529701165,3.19107183,2.608733784,-0.873588029,5.6875,0.0856069896776228,1.7296,0.421971373436635,-17.951999999999998,Nb25-Mo75,0.75,0.0,0.0,0.25,B2_PENALTY_143_Ru87Al12_Zr,0.4375,0.0,0.0,0.5,0.0625,0.0,0.0,0.0,0.0,0.0,0.0,0.0,0.0
Nb25-Mo75,B2_PENALTY_144_Ru75Al25_Zr,0.03428560888207596,3.19107183,3.302387941,-0.797935587,5.375,0.0825630715605787,1.6942000000000002,0.4054483444287324,-17.328,Nb25-Mo75,0.75,0.0,0.0,0.25,B2_PENALTY_144_Ru75Al25_Zr,0.375,0.0,0.0,0.5,0.125,0.0,0.0,0.0,0.0,0.0,0.0,0.0,0.0
Nb25-Mo75,B2_PENALTY_145_Ru62Al37_Zr,-0.19133038512844797,3.19107183,2.633831346,-0.726652657,5.0625,0.0787099182537501,1.6529,0.381143791763686,-15.872,Nb25-Mo75,0.75,0.0,0.0,0.25,B2_PENALTY_145_Ru62Al37_Zr,0.3125,0.0,0.0,0.5,0.1875,0.0,0.0,0.0,0.0,0.0,0.0,0.0,0.0
Nb25-Mo75,B2_PENALTY_146_Ru50Al50_Zr,0.27284758273511045,3.19107183,4.199293486,-0.654418284,4.75,0.0751158704347694,1.6175000000000002,0.3552024070864386,-14.0,Nb25-Mo75,0.75,0.0,0.0,0.25,B2_PENALTY_146_Ru50Al50_Zr,0.25,0.0,0.0,0.5,0.25,0.0,0.0,0.0,0.0,0.0,0.0,0.0,0.0
Nb25-Mo75,B2_PENALTY_147_Ru87Cr12_Zr,-0.2071128502111043,3.19107183,2.592179044,-0.824075051,5.875,0.0915913075118357,1.7326,0.4212875977286776,-15.312,Nb25-Mo75,0.75,0.0,0.0,0.25,B2_PENALTY_147_Ru87Cr12_Zr,0.4375,0.0,0.0,0.5,0.0,0.0,0.0,0.0,0.0,0.0,0.0625,0.0,0.0
Nb25-Mo75,B2_PENALTY_148_Ru75Cr25_Zr,0.0219844978046378,3.19107183,3.262005664,-0.675888976,5.75,0.0946071432924222,1.7002000000000002,0.4045268347093924,-12.768,Nb25-Mo75,0.75,0.0,0.0,0.25,B2_PENALTY_148_Ru75Cr25_Zr,0.375,0.0,0.0,0.5,0.0,0.0,0.0,0.0,0.0,0.0,0.125,0.0,0.0
Nb25-Mo75,B2_PENALTY_149_Ru62Cr37_Zr,-0.20966447709789815,3.19107183,2.585500791,-0.525764636,5.625,0.097964971374696,1.6624,0.3805788223219995,-9.982,Nb25-Mo75,0.75,0.0,0.0,0.25,B2_PENALTY_149_Ru62Cr37_Zr,0.3125,0.0,0.0,0.5,0.0,0.0,0.0,0.0,0.0,0.0,0.1875,0.0,0.0
Nb25-Mo75,B2_PENALTY_150_Ru50Cr50_Zr,0.2489235865658922,3.19107183,4.09832298,-0.377855166,5.5,0.100717188245724,1.63,0.355598087733891,-7.75,Nb25-Mo75,0.75,0.0,0.0,0.25,B2_PENALTY_150_Ru50Cr50_Zr,0.25,0.0,0.0,0.5,0.0,0.0,0.0,0.0,0.0,0.0,0.25,0.0,0.0
Nb25-Mo75,B2_PENALTY_151_Ru87Cu12_Zr,-0.20465739232557142,3.19107183,2.598620194,-0.842497728,6.1875,0.0915913075118357,1.747,0.4226594373724548,-17.1072,Nb25-Mo75,0.75,0.0,0.0,0.25,B2_PENALTY_151_Ru87Cu12_Zr,0.4375,0.0,0.0,0.5,0.0,0.0,0.0,0.0,0.0,0.0,0.0,0.0625,0.0
Nb25-Mo75,B2_PENALTY_152_Ru75Cu25_Zr,0.025370097356921893,3.19107183,3.273069781,-0.744916574,6.375,0.0946071432924222,1.729,0.4091564492953766,-15.8688,Nb25-Mo75,0.75,0.0,0.0,0.25,B2_PENALTY_152_Ru75Cu25_Zr,0.375,0.0,0.0,0.5,0.0,0.0,0.0,0.0,0.0,0.0,0.0,0.125,0.0
Nb25-Mo75,B2_PENALTY_153_Ru62Cu37_Zr,-0.20502711353994868,3.19107183,2.597649425,-0.643740809,6.5625,0.097964971374696,1.708,0.3917728933961614,-13.9872,Nb25-Mo75,0.75,0.0,0.0,0.25,B2_PENALTY_153_Ru62Cu37_Zr,0.3125,0.0,0.0,0.5,0.0,0.0,0.0,0.0,0.0,0.0,0.0,0.1875,0.0
Nb25-Mo75,B2_PENALTY_154_Ru50Cu50_Zr,0.25514644433892814,3.19107183,4.124319928,-0.545283305,6.75,0.100717188245724,1.6900000000000002,0.3752998800959041,-12.0,Nb25-Mo75,0.75,0.0,0.0,0.25,B2_PENALTY_154_Ru50Cu50_Zr,0.25,0.0,0.0,0.5,0.0,0.0,0.0,0.0,0.0,0.0,0.0,0.25,0.0
Nb25-Mo75,B2_PENALTY_155_Ru87Si12_Zr,-0.2028053736515333,3.19107183,2.603487904,-0.898605077,5.75,0.0996987498196708,1.747,0.4226594373724548,-14.9952,Nb25-Mo75,0.75,0.0,0.0,0.25,B2_PENALTY_155_Ru87Si12_Zr,0.4375,0.0,0.0,0.5,0.0,0.0,0.0,0.0,0.0,0.0,0.0,0.0,0.0625
Nb25-Mo75,B2_PENALTY_156_Ru75Si25_Zr,0.029136282665072868,3.19107183,3.285422312,-0.857108746,5.5,0.1096308366502065,1.729,0.4091564492953766,-12.2208,Nb25-Mo75,0.75,0.0,0.0,0.25,B2_PENALTY_156_Ru75Si25_Zr,0.375,0.0,0.0,0.5,0.0,0.0,0.0,0.0,0.0,0.0,0.0,0.0,0.125
Nb25-Mo75,B2_PENALTY_157_Ru62Si37_Zr,-0.19958627692248712,3.19107183,2.611968248,-0.806319256,5.25,0.1199620550667942,1.708,0.3917728933961614,-9.2752,Nb25-Mo75,0.75,0.0,0.0,0.25,B2_PENALTY_157_Ru62Si37_Zr,0.3125,0.0,0.0,0.5,0.0,0.0,0.0,0.0,0.0,0.0,0.0,0.0,0.1875
Nb25-Mo75,B2_PENALTY_158_Ru50Si50_Zr,0.2613536486330037,3.19107183,4.150436873,-0.770078956,5.0,0.127965781170799,1.69,0.3752998800959041,-7.0,Nb25-Mo75,0.75,0.0,0.0,0.25,B2_PENALTY_158_Ru50Si50_Zr,0.25,0.0,0.0,0.5,0.0,0.0,0.0,0.0,0.0,0.0,0.0,0.0,0.25
Nb25-Mo75,B2_MULTI_159_A_Ru87_Al12_B_HfTi,-0.23564128711628282,3.19107183,2.518380484,-0.993246203,5.6875,0.0678797217863284,1.7746000000000002,0.3889997943444186,-13.112,Nb25-Mo75,0.75,0.0,0.0,0.25,B2_MULTI_159_A_Ru87_Al12_B_HfTi,0.4375,0.25,0.25,0.0,0.0625,0.0,0.0,0.0,0.0,0.0,0.0,0.0,0.0
Nb25-Mo75,B2_MULTI_160_A_Ru75_Al25_B_HfTi,-0.0014502796311279002,3.19107183,3.186447237,-0.900034303,5.375,0.0654597746128897,1.7392,0.3752803751863399,-13.148,Nb25-Mo75,0.75,0.0,0.0,0.25,B2_MULTI_160_A_Ru75_Al25_B_HfTi,0.375,0.25,0.25,0.0,0.125,0.0,0.0,0.0,0.0,0.0,0.0,0.0,0.0
Nb25-Mo75,B2_MULTI_161_A_Ru87_Al12_B_HfZr,-0.2064243108721636,3.19107183,2.593983772,-0.966894404,5.6875,0.0826853853075511,1.7221000000000002,0.4292115911761937,-16.631999999999998,Nb25-Mo75,0.75,0.0,0.0,0.25,B2_MULTI_161_A_Ru87_Al12_B_HfZr,0.4375,0.25,0.0,0.25,0.0625,0.0,0.0,0.0,0.0,0.0,0.0,0.0,0.0
Nb25-Mo75,B2_MULTI_162_A_Ru75_Al25_B_HfZr,0.028648095864828495,3.19107183,3.283818469,-0.87583034,5.375,0.0796873228030491,1.6867,0.4123349487976978,-16.188,Nb25-Mo75,0.75,0.0,0.0,0.25,B2_MULTI_162_A_Ru75_Al25_B_HfZr,0.375,0.25,0.0,0.25,0.125,0.0,0.0,0.0,0.0,0.0,0.0,0.0,0.0
Nb25-Mo75,B2_MULTI_163_A_Ru87_Al12_B_HfAl,-0.2447180122096317,3.19107183,2.495293785,-4.954411074,2.8125,0.0553065594713224,1.8678,0.3451393341825878,-18.8,Nb25-Mo75,0.75,0.0,0.0,0.25,B2_MULTI_163_A_Ru87_Al12_B_HfAl,0.25,0.0625,0.0,0.0,0.1875,0.0,0.0,0.0,0.0,0.0,0.0,0.0,0.0
Nb25-Mo75,B2_MULTI_163_A_Ru87_Al13_B_HfAl,-0.24485096232214093,3.19107183,2.494957013,-1.044063929,5.4375,0.0671169315930914,1.7921,0.3795109879832204,-17.512,Nb25-Mo75,0.75,0.0,0.0,0.25,B2_MULTI_163_A_Ru87_Al13_B_HfAl,0.4375,0.25,0.0,0.0,0.3125,0.0,0.0,0.0,0.0,0.0,0.0,0.0,0.0
Nb25-Mo75,B2_MULTI_164_A_Ru75_Al25_B_HfAl,-0.00951417674845052,3.19107183,3.160855152,-0.932800309,5.125,0.0647257979106258,1.7552475247524757,0.3655934929642944,-16.912067444368198,Nb25-Mo75,0.75,0.0,0.0,0.25,B2_MULTI_164_A_Ru75_Al25_B_HfAl,0.375,0.25,0.0,0.0,0.375,0.0,0.0,0.0,0.0,0.0,0.0,0.0,0.0
Nb25-Mo75,B2_MULTI_165_A_Ru87_Al12_B_TiZr,-0.22967166480957096,3.19107183,2.533666714,-0.881935538,5.6875,0.0727621617453034,1.7821000000000002,0.3799613006610016,-14.432,Nb25-Mo75,0.75,0.0,0.0,0.25,B2_MULTI_165_A_Ru87_Al12_B_TiZr,0.4375,0.0,0.25,0.25,0.0625,0.0,0.0,0.0,0.0,0.0,0.0,0.0,0.0
Nb25-Mo75,B2_MULTI_166_A_Ru75_Al25_B_TiZr,0.004780005574060239,3.19107183,3.206361714,-0.808063227,5.375,0.0703058182976203,1.7467,0.3666280267519111,-14.288,Nb25-Mo75,0.75,0.0,0.0,0.25,B2_MULTI_166_A_Ru75_Al25_B_TiZr,0.375,0.0,0.25,0.25,0.125,0.0,0.0,0.0,0.0,0.0,0.0,0.0,0.0
Nb25-Mo75,B2_MULTI_167_A_Ru87_Al12_B_TiAl,-0.2729872132791473,3.19107183,2.424572308,-5.952786629,1.5,0.0273038199437399,1.694324324324325,0.2239032192052839,-9.817384952520088,Nb25-Mo75,0.75,0.0,0.0,0.25,B2_MULTI_167_A_Ru87_Al12_B_TiAl,0.0625,0.0,0.0625,0.0,0.25,0.0,0.0,0.0,0.0,0.0,0.0,0.0,0.0
Nb25-Mo75,B2_MULTI_167_A_Ru87_Al13_B_TiAl,-0.2730285659155862,3.19107183,2.424470144,-1.021190861,5.4375,0.0396803315535911,1.8521,0.309477931361834,-15.312,Nb25-Mo75,0.75,0.0,0.0,0.25,B2_MULTI_167_A_Ru87_Al13_B_TiAl,0.4375,0.0,0.25,0.0,0.3125,0.0,0.0,0.0,0.0,0.0,0.0,0.0,0.0
Nb25-Mo75,B2_MULTI_168_A_Ru75_Al25_B_TiAl,-0.03838084671825295,3.19107183,3.070901903,-0.941385339,5.125,0.0380980563492807,1.814653465346535,0.3004965012116891,-15.049504950495049,Nb25-Mo75,0.75,0.0,0.0,0.25,B2_MULTI_168_A_Ru75_Al25_B_TiAl,0.375,0.0,0.25,0.0,0.375,0.0,0.0,0.0,0.0,0.0,0.0,0.0,0.0
Nb25-Mo75,B2_MULTI_169_A_Ru87_Al12_B_ZrAl,-0.23797194926717427,3.19107183,2.512434563,-3.978965604,3.1875,0.0773292902137734,1.9146938775510205,0.3828683476015858,-17.35276967930029,Nb25-Mo75,0.75,0.0,0.0,0.25,B2_MULTI_169_A_Ru87_Al12_B_ZrAl,0.3125,0.0,0.0,0.125,0.0625,0.0,0.0,0.0,0.0,0.0,0.0,0.0,0.0
Nb25-Mo75,B2_MULTI_169_A_Ru87_Al13_B_ZrAl,-0.23797230241398137,3.19107183,2.512433663,-0.95203949,5.4375,0.0724611766706071,1.7996,0.3698862527859072,-18.832,Nb25-Mo75,0.75,0.0,0.0,0.25,B2_MULTI_169_A_Ru87_Al13_B_ZrAl,0.4375,0.0,0.0,0.25,0.3125,0.0,0.0,0.0,0.0,0.0,0.0,0.0,0.0
Nb25-Mo75,B2_MULTI_170_A_Ru75_Al25_B_ZrAl,-0.003439363678597987,3.19107183,3.180115415,-0.885427863,5.125,0.0699929276125827,1.762673267326733,0.356461962724668,-18.02960494069209,Nb25-Mo75,0.75,0.0,0.0,0.25,B2_MULTI_170_A_Ru75_Al25_B_ZrAl,0.375,0.0,0.0,0.25,0.375,0.0,0.0,0.0,0.0,0.0,0.0,0.0,0.0
Nb25-Ta75,B2_014_RuHf,-0.25181055042211314,3.31173466,2.571059804,-1.190557465,6.0,0.0821917808219178,1.75,0.45,-15.0,Nb25-Ta75,0.0,0.75,0.0,0.25,B2_014_RuHf,0.5,0.5,0.0,0.0,0.0,0.0,0.0,0.0,0.0,0.0,0.0,0.0,0.0
Nb25-Ta75,B2_015_RuTi,-0.30321580646310103,3.31173466,2.43976227,-1.048598035,6.0,0.0462633451957295,1.87,0.33,-10.0,Nb25-Ta75,0.0,0.75,0.0,0.25,B2_015_RuTi,0.5,0.0,0.5,0.0,0.0,0.0,0.0,0.0,0.0,0.0,0.0,0.0,0.0
Nb25-Ta75,B2_016_RuZr,-0.2427898070919248,3.31173466,2.59472104,-0.959079125,6.0,0.0884353741496598,1.765,0.435,-18.0,Nb25-Ta75,0.0,0.75,0.0,0.25,B2_016_RuZr,0.5,0.0,0.0,0.5,0.0,0.0,0.0,0.0,0.0,0.0,0.0,0.0,0.0
Nb25-Ta75,B2_017_RuAl,-0.3239379648645347,3.31173466,2.388477153,-1.00191235,5.5,0.0324909747292418,1.905,0.295,-20.0,Nb25-Ta75,0.0,0.75,0.0,0.25,B2_017_RuAl,0.5,0.0,0.0,0.0,0.5,0.0,0.0,0.0,0.0,0.0,0.0,0.0,0.0
Nb25-Ta75,MATRIX_BIN_018_Nb12_Mo87,-0.2729090494381237,3.31173466,2.516452193,-0.074598622,5.875,0.0162666672861703,2.0928,0.1819784602638455,-0.8448,Nb25-Ta75,0.0,0.75,0.0,0.25,MATRIX_BIN_018_Nb12_Mo87,0.0,0.0,0.0,0.0,0.0,0.875,0.125,0.0,0.0,0.0,0.0,0.0,0.0
Nb25-Ta75,MATRIX_BIN_019_Nb25_Mo75,-0.03792721808678916,3.31173466,3.18846737,-0.093096702,5.75,0.0215352675896663,2.02,0.2424871130596428,-1.5,Nb25-Ta75,0.0,0.75,0.0,0.25,MATRIX_BIN_019_Nb25_Mo75,0.0,0.0,0.0,0.0,0.0,0.75,0.25,0.0,0.0,0.0,0.0,0.0,0.0
Nb25-Ta75,MATRIX_BIN_020_Nb50_Mo50,0.2050449746662055,3.31173466,4.068360358,-0.068167471,5.5,0.0245614035087719,1.88,0.28,-2.0,Nb25-Ta75,0.0,0.75,0.0,0.25,MATRIX_BIN_020_Nb50_Mo50,0.0,0.0,0.0,0.0,0.0,0.5,0.5,0.0,0.0,0.0,0.0,0.0,0.0
Nb25-Ta75,MATRIX_BIN_021_Nb75_Mo25,-0.010760045938018218,3.31173466,3.276290931,-0.003897255,5.25,0.0210127480987559,1.7400000000000002,0.2424871130596428,-1.5,Nb25-Ta75,0.0,0.75,0.0,0.25,MATRIX_BIN_021_Nb75_Mo25,0.0,0.0,0.0,0.0,0.0,0.25,0.75,0.0,0.0,0.0,0.0,0.0,0.0
Nb25-Ta75,MATRIX_BIN_022_Nb87_Mo12,-0.23366479874740978,3.31173466,2.618850201,0.026755452,5.125,0.0156705067050018,1.6672000000000002,0.1819784602638455,-0.8448,Nb25-Ta75,0.0,0.75,0.0,0.25,MATRIX_BIN_022_Nb87_Mo12,0.0,0.0,0.0,0.0,0.0,0.125,0.875,0.0,0.0,0.0,0.0,0.0,0.0
Nb25-Ta75,MATRIX_BIN_023_Nb12_Ta87,-0.22979611254360058,3.31173466,2.629139739,0.01664066,5.0,0.0,1.512,0.0324961536185438,-0.4224,Nb25-Ta75,0.0,0.75,0.0,0.25,MATRIX_BIN_023_Nb12_Ta87,0.0,0.0,0.0,0.0,0.0,0.0,0.125,0.875,0.0,0.0,0.0,0.0,0.0
Nb25-Ta75,MATRIX_BIN_024_Nb25_Ta75,0.0008827030354639863,3.31173466,3.314659229,0.02257152,5.0,0.0,1.525,0.0433012701892219,-0.75,Nb25-Ta75,0.0,0.75,0.0,0.25,MATRIX_BIN_024_Nb25_Ta75,0.0,0.0,0.0,0.0,0.0,0.0,0.25,0.75,0.0,0.0,0.0,0.0,0.0
Nb25-Ta75,MATRIX_BIN_025_Nb50_Ta50,0.23215382592478626,3.31173466,4.181529649,0.032388069,5.0,0.0,1.55,0.05,-1.0,Nb25-Ta75,0.0,0.75,0.0,0.25,MATRIX_BIN_025_Nb50_Ta50,0.0,0.0,0.0,0.0,0.0,0.0,0.5,0.5,0.0,0.0,0.0,0.0,0.0
Nb25-Ta75,MATRIX_BIN_026_Nb75_Ta25,0.003180028992579555,3.31173466,3.322282844,0.043369138,5.0,0.0,1.5750000000000002,0.0433012701892219,-0.75,Nb25-Ta75,0.0,0.75,0.0,0.25,MATRIX_BIN_026_Nb75_Ta25,0.0,0.0,0.0,0.0,0.0,0.0,0.75,0.25,0.0,0.0,0.0,0.0,0.0
Nb25-Ta75,MATRIX_BIN_027_Nb87_Ta12,-0.22644294213124,3.31173466,2.638087089,0.04776952,5.0,0.0,1.588,0.0324961536185438,-0.4224,Nb25-Ta75,0.0,0.75,0.0,0.25,MATRIX_BIN_027_Nb87_Ta12,0.0,0.0,0.0,0.0,0.0,0.0,0.875,0.125,0.0,0.0,0.0,0.0,0.0
Nb25-Ta75,MATRIX_BIN_028_Nb12_W87,-0.2676238743894409,3.31173466,2.53003601,-0.064576028,5.875,0.0162666672861703,2.2688,0.2469707675009331,-0.8448,Nb25-Ta75,0.0,0.75,0.0,0.25,MATRIX_BIN_028_Nb12_W87,0.0,0.0,0.0,0.0,0.0,0.0,0.125,0.0,0.875,0.0,0.0,0.0,0.0
Nb25-Ta75,MATRIX_BIN_029_Nb25_W75,-0.03366385723282609,3.31173466,3.202094355,-0.067975525,5.75,0.0215352675896663,2.17,0.3290896534380866,-1.5,Nb25-Ta75,0.0,0.75,0.0,0.25,MATRIX_BIN_029_Nb25_W75,0.0,0.0,0.0,0.0,0.0,0.0,0.25,0.0,0.75,0.0,0.0,0.0,0.0
Nb25-Ta75,MATRIX_BIN_030_Nb50_W50,0.20716022628110112,3.31173466,4.077067638,-0.024208031,5.5,0.0245614035087719,1.98,0.3799999999999999,-2.0,Nb25-Ta75,0.0,0.75,0.0,0.25,MATRIX_BIN_030_Nb50_W50,0.0,0.0,0.0,0.0,0.0,0.0,0.5,0.0,0.5,0.0,0.0,0.0,0.0
Nb25-Ta75,MATRIX_BIN_031_Nb75_W25,-0.010193314594603944,3.31173466,3.278148285,0.026336168,5.25,0.0210127480987559,1.79,0.3290896534380866,-1.5,Nb25-Ta75,0.0,0.75,0.0,0.25,MATRIX_BIN_031_Nb75_W25,0.0,0.0,0.0,0.0,0.0,0.0,0.75,0.0,0.25,0.0,0.0,0.0,0.0
Nb25-Ta75,MATRIX_BIN_032_Nb87_W12,-0.2332182115785543,3.31173466,2.620036168,0.042204846,5.125,0.0156705067050018,1.6912,0.2469707675009331,-0.8448,Nb25-Ta75,0.0,0.75,0.0,0.25,MATRIX_BIN_032_Nb87_W12,0.0,0.0,0.0,0.0,0.0,0.0,0.875,0.0,0.125,0.0,0.0,0.0,0.0
Nb25-Ta75,MATRIX_BIN_033_Nb12_V87,-0.31655271769058263,3.31173466,2.406649618,0.08248568,5.0,0.0287916304948704,1.6263999999999998,0.009748846085563,-0.4224,Nb25-Ta75,0.0,0.75,0.0,0.25,MATRIX_BIN_033_Nb12_V87,0.0,0.0,0.0,0.0,0.0,0.0,0.125,0.0,0.0,0.875,0.0,0.0,0.0
Nb25-Ta75,MATRIX_BIN_034_Nb25_V75,-0.07225341410071265,3.31173466,3.080793662,0.119704924,5.0,0.0379281198737709,1.6225,0.0129903810567664,-0.75,Nb25-Ta75,0.0,0.75,0.0,0.25,MATRIX_BIN_034_Nb25_V75,0.0,0.0,0.0,0.0,0.0,0.0,0.25,0.0,0.0,0.75,0.0,0.0,0.0
Nb25-Ta75,MATRIX_BIN_035_Nb50_V50,0.18768997236756724,3.31173466,3.997687259,0.146260085,5.0,0.0428571428571428,1.615,0.0149999999999999,-1.0,Nb25-Ta75,0.0,0.75,0.0,0.25,MATRIX_BIN_035_Nb50_V50,0.0,0.0,0.0,0.0,0.0,0.0,0.5,0.0,0.0,0.5,0.0,0.0,0.0
Nb25-Ta75,MATRIX_BIN_036_Nb75_V25,-0.01803945109540048,3.31173466,3.252526823,0.114812331,5.0,0.0363367302287176,1.6075000000000002,0.0129903810567664,-0.75,Nb25-Ta75,0.0,0.75,0.0,0.25,MATRIX_BIN_036_Nb75_V25,0.0,0.0,0.0,0.0,0.0,0.0,0.75,0.0,0.0,0.25,0.0,0.0,0.0
Nb25-Ta75,MATRIX_BIN_037_Nb87_V12,-0.2369312037816244,3.31173466,2.61019026,0.086073827,5.0,0.0269752243651442,1.6036,0.009748846085563,-0.4224,Nb25-Ta75,0.0,0.75,0.0,0.25,MATRIX_BIN_037_Nb87_V12,0.0,0.0,0.0,0.0,0.0,0.0,0.875,0.0,0.0,0.125,0.0,0.0,0.0
Nb25-Ta75,MATRIX_BIN_038_Mo12_Ta87,-0.237214423909414,3.31173466,2.609440574,-0.021898875,5.125,0.0156705067050018,1.5792000000000002,0.2144746138823893,-0.8448,Nb25-Ta75,0.0,0.75,0.0,0.25,MATRIX_BIN_038_Mo12_Ta87,0.0,0.0,0.0,0.0,0.0,0.125,0.0,0.875,0.0,0.0,0.0,0.0,0.0
Nb25-Ta75,MATRIX_BIN_039_Mo25_Ta75,-0.014209827616148417,3.31173466,3.265007474,-0.045341345,5.25,0.0210127480987559,1.665,0.2857883832488648,-1.5,Nb25-Ta75,0.0,0.75,0.0,0.25,MATRIX_BIN_039_Mo25_Ta75,0.0,0.0,0.0,0.0,0.0,0.25,0.0,0.75,0.0,0.0,0.0,0.0,0.0
Nb25-Ta75,MATRIX_BIN_040_Mo50_Ta50,0.20218296206487224,3.31173466,4.056611707,-0.115010835,5.5,0.0245614035087719,1.83,0.33,-2.0,Nb25-Ta75,0.0,0.75,0.0,0.25,MATRIX_BIN_040_Mo50_Ta50,0.0,0.0,0.0,0.0,0.0,0.5,0.0,0.5,0.0,0.0,0.0,0.0,0.0
Nb25-Ta75,MATRIX_BIN_041_Mo75_Ta25,-0.03944375058397085,3.31173466,3.183633813,-0.13445637,5.75,0.0215352675896663,1.995,0.2857883832488648,-1.5,Nb25-Ta75,0.0,0.75,0.0,0.25,MATRIX_BIN_041_Mo75_Ta25,0.0,0.0,0.0,0.0,0.0,0.75,0.0,0.25,0.0,0.0,0.0,0.0,0.0
Nb25-Ta75,MATRIX_BIN_042_Mo87_Ta12,-0.2736796125182027,3.31173466,2.514476987,-0.10635318,5.875,0.0162666672861703,2.0808,0.2144746138823893,-0.8448,Nb25-Ta75,0.0,0.75,0.0,0.25,MATRIX_BIN_042_Mo87_Ta12,0.0,0.0,0.0,0.0,0.0,0.875,0.0,0.125,0.0,0.0,0.0,0.0,0.0
Nb25-Ta75,MATRIX_BIN_043_Mo12_W87,-0.2732992178464244,3.31173466,2.515451896,-0.03228228,6.0,0.0,2.336,0.0649923072370876,-0.4224,Nb25-Ta75,0.0,0.75,0.0,0.25,MATRIX_BIN_043_Mo12_W87,0.0,0.0,0.0,0.0,0.0,0.125,0.0,0.0,0.875,0.0,0.0,0.0,0.0
Nb25-Ta75,MATRIX_BIN_044_Mo25_W75,-0.04469813024619084,3.31173466,3.166942287,-0.031021756,6.0,0.0,2.31,0.0866025403784437,-0.75,Nb25-Ta75,0.0,0.75,0.0,0.25,MATRIX_BIN_044_Mo25_W75,0.0,0.0,0.0,0.0,0.0,0.25,0.0,0.0,0.75,0.0,0.0,0.0,0.0
Nb25-Ta75,MATRIX_BIN_045_Mo50_W50,0.184340162296813,3.31173466,3.984201707,-0.031400886,6.0,0.0,2.26,0.0999999999999998,-1.0,Nb25-Ta75,0.0,0.75,0.0,0.25,MATRIX_BIN_045_Mo50_W50,0.0,0.0,0.0,0.0,0.0,0.5,0.0,0.0,0.5,0.0,0.0,0.0,0.0
Nb25-Ta75,MATRIX_BIN_046_Mo75_W25,-0.04765963462672119,3.31173466,3.157572258,-0.029765179,6.0,0.0,2.21,0.0866025403784437,-0.75,Nb25-Ta75,0.0,0.75,0.0,0.25,MATRIX_BIN_046_Mo75_W25,0.0,0.0,0.0,0.0,0.0,0.75,0.0,0.0,0.25,0.0,0.0,0.0,0.0
Nb25-Ta75,MATRIX_BIN_047_Mo87_W12,-0.27777893787938923,3.31173466,2.503991537,-0.029998622,6.0,0.0,2.184,0.0649923072370876,-0.4224,Nb25-Ta75,0.0,0.75,0.0,0.25,MATRIX_BIN_047_Mo87_W12,0.0,0.0,0.0,0.0,0.0,0.875,0.0,0.0,0.125,0.0,0.0,0.0,0.0
Nb25-Ta75,MATRIX_BIN_048_Mo12_V87,-0.3261614297516003,3.31173466,2.383028597,-0.006338223,5.125,0.0120713795016878,1.6936,0.1722296141782824,-0.4224,Nb25-Ta75,0.0,0.75,0.0,0.25,MATRIX_BIN_048_Mo12_V87,0.0,0.0,0.0,0.0,0.0,0.125,0.0,0.0,0.0,0.875,0.0,0.0,0.0
Nb25-Ta75,MATRIX_BIN_049_Mo25_V75,-0.09110894777475342,3.31173466,3.023152221,-0.037424369,5.25,0.0160078632862187,1.7625,0.2294967320028763,-0.75,Nb25-Ta75,0.0,0.75,0.0,0.25,MATRIX_BIN_049_Mo25_V75,0.0,0.0,0.0,0.0,0.0,0.25,0.0,0.0,0.0,0.75,0.0,0.0,0.0
Nb25-Ta75,MATRIX_BIN_050_Mo50_V50,0.15329356871533265,3.31173466,3.861543353,-0.097449414,5.5,0.0183150183150182,1.895,0.2650000000000001,-1.0,Nb25-Ta75,0.0,0.75,0.0,0.25,MATRIX_BIN_050_Mo50_V50,0.0,0.0,0.0,0.0,0.0,0.5,0.0,0.0,0.0,0.5,0.0,0.0,0.0
Nb25-Ta75,MATRIX_BIN_051_Mo75_V25,-0.06362962240040444,3.31173466,3.107507677,-0.114008179,5.75,0.0157173394516231,2.0275,0.2294967320028763,-0.75,Nb25-Ta75,0.0,0.75,0.0,0.25,MATRIX_BIN_051_Mo75_V25,0.0,0.0,0.0,0.0,0.0,0.75,0.0,0.0,0.0,0.25,0.0,0.0,0.0
Nb25-Ta75,MATRIX_BIN_052_Mo87_V12,-0.28545703052764554,3.31173466,2.484453351,-0.088360288,5.875,0.0117399398910924,2.0964,0.1722296141782824,-0.4224,Nb25-Ta75,0.0,0.75,0.0,0.25,MATRIX_BIN_052_Mo87_V12,0.0,0.0,0.0,0.0,0.0,0.875,0.0,0.0,0.0,0.125,0.0,0.0,0.0
Nb25-Ta75,MATRIX_BIN_053_Ta12_W87,-0.26827681857221025,3.31173466,2.528354403,-0.093051999,5.875,0.0162666672861703,2.2568,0.279466921119477,-0.4224,Nb25-Ta75,0.0,0.75,0.0,0.25,MATRIX_BIN_053_Ta12_W87,0.0,0.0,0.0,0.0,0.0,0.0,0.0,0.125,0.875,0.0,0.0,0.0,0.0
Nb25-Ta75,MATRIX_BIN_054_Ta25_W75,-0.03500763235014293,3.31173466,3.197793083,-0.107372831,5.75,0.0215352675896663,2.145,0.3723909236273086,-0.75,Nb25-Ta75,0.0,0.75,0.0,0.25,MATRIX_BIN_054_Ta25_W75,0.0,0.0,0.0,0.0,0.0,0.0,0.0,0.25,0.75,0.0,0.0,0.0,0.0
Nb25-Ta75,MATRIX_BIN_055_Ta50_W50,0.2050394456265139,3.31173466,4.068337625,-0.070797609,5.5,0.0245614035087719,1.93,0.4299999999999999,-1.0,Nb25-Ta75,0.0,0.75,0.0,0.25,MATRIX_BIN_055_Ta50_W50,0.0,0.0,0.0,0.0,0.0,0.0,0.0,0.5,0.5,0.0,0.0,0.0,0.0
Nb25-Ta75,MATRIX_BIN_056_Ta75_W25,-0.013112669109386214,3.31173466,3.268591838,-0.021707099,5.25,0.0210127480987559,1.715,0.3723909236273086,-0.75,Nb25-Ta75,0.0,0.75,0.0,0.25,MATRIX_BIN_056_Ta75_W25,0.0,0.0,0.0,0.0,0.0,0.0,0.0,0.75,0.25,0.0,0.0,0.0,0.0
Nb25-Ta75,MATRIX_BIN_057_Ta87_W12,-0.23672128698035735,3.31173466,2.610746034,-0.005622646,5.125,0.0156705067050018,1.6032,0.279466921119477,-0.4224,Nb25-Ta75,0.0,0.75,0.0,0.25,MATRIX_BIN_057_Ta87_W12,0.0,0.0,0.0,0.0,0.0,0.0,0.0,0.875,0.125,0.0,0.0,0.0,0.0
Nb25-Ta75,MATRIX_BIN_058_Ta12_V87,-0.3168580333718087,3.31173466,2.405896049,0.06873568,5.0,0.0287916304948704,1.6143999999999998,0.0422449997041069,0.0,Nb25-Ta75,0.0,0.75,0.0,0.25,MATRIX_BIN_058_Ta12_V87,0.0,0.0,0.0,0.0,0.0,0.0,0.0,0.125,0.0,0.875,0.0,0.0,0.0
Nb25-Ta75,MATRIX_BIN_059_Ta25_V75,-0.07249811660567927,3.31173466,3.080038888,0.103170482,5.0,0.0379281198737709,1.5975,0.0562916512459884,0.0,Nb25-Ta75,0.0,0.75,0.0,0.25,MATRIX_BIN_059_Ta25_V75,0.0,0.0,0.0,0.0,0.0,0.0,0.0,0.25,0.0,0.75,0.0,0.0,0.0
Nb25-Ta75,MATRIX_BIN_060_Ta50_V50,0.1863226770583001,3.31173466,3.992176831,0.118279576,5.0,0.0428571428571428,1.565,0.0649999999999999,0.0,Nb25-Ta75,0.0,0.75,0.0,0.25,MATRIX_BIN_060_Ta50_V50,0.0,0.0,0.0,0.0,0.0,0.0,0.0,0.5,0.0,0.5,0.0,0.0,0.0
Nb25-Ta75,MATRIX_BIN_061_Ta75_V25,-0.020588613905344087,3.31173466,3.244245389,0.083356798,5.0,0.0363367302287176,1.5325,0.0562916512459884,0.0,Nb25-Ta75,0.0,0.75,0.0,0.25,MATRIX_BIN_061_Ta75_V25,0.0,0.0,0.0,0.0,0.0,0.0,0.0,0.75,0.0,0.25,0.0,0.0,0.0
Nb25-Ta75,MATRIX_BIN_062_Ta87_V12,-0.2401939923702285,3.31173466,2.601565119,0.048231505,5.0,0.0269752243651442,1.5156,0.0422449997041069,0.0,Nb25-Ta75,0.0,0.75,0.0,0.25,MATRIX_BIN_062_Ta87_V12,0.0,0.0,0.0,0.0,0.0,0.0,0.0,0.875,0.0,0.125,0.0,0.0,0.0
Nb25-Ta75,MATRIX_BIN_063_W12_V87,-0.32470843147873574,3.31173466,2.38658796,0.007573578,5.125,0.0120713795016878,1.7175999999999998,0.23722192141537,0.0,Nb25-Ta75,0.0,0.75,0.0,0.25,MATRIX_BIN_063_W12_V87,0.0,0.0,0.0,0.0,0.0,0.0,0.0,0.0,0.125,0.875,0.0,0.0,0.0
Nb25-Ta75,MATRIX_BIN_064_W25_V75,-0.08803249288679958,3.31173466,3.032485885,-0.010397496,5.25,0.0160078632862187,1.8125,0.3160992723813201,0.0,Nb25-Ta75,0.0,0.75,0.0,0.25,MATRIX_BIN_064_W25_V75,0.0,0.0,0.0,0.0,0.0,0.0,0.0,0.0,0.25,0.75,0.0,0.0,0.0
Nb25-Ta75,MATRIX_BIN_065_W50_V50,0.1584828284439958,3.31173466,3.881757122,-0.05491275,5.5,0.0183150183150182,1.995,0.365,0.0,Nb25-Ta75,0.0,0.75,0.0,0.25,MATRIX_BIN_065_W50_V50,0.0,0.0,0.0,0.0,0.0,0.0,0.0,0.0,0.5,0.5,0.0,0.0,0.0
Nb25-Ta75,MATRIX_BIN_066_W75_V25,-0.057349228714574395,3.31173466,3.12710346,-0.09208095,5.75,0.0157173394516231,2.1775,0.3160992723813201,0.0,Nb25-Ta75,0.0,0.75,0.0,0.25,MATRIX_BIN_066_W75_V25,0.0,0.0,0.0,0.0,0.0,0.0,0.0,0.0,0.75,0.25,0.0,0.0,0.0
Nb25-Ta75,MATRIX_BIN_067_W87_V12,-0.27926874174912975,3.31173466,2.50019019,-0.084931073,5.875,0.0117399398910924,2.2724,0.23722192141537,0.0,Nb25-Ta75,0.0,0.75,0.0,0.25,MATRIX_BIN_067_W87_V12,0.0,0.0,0.0,0.0,0.0,0.0,0.0,0.0,0.875,0.125,0.0,0.0,0.0
Nb25-Ta75,MATRIX_TERN_068_Nb33_Mo33_Ta33,0.11761575666284263,3.31173466,3.725584467,-0.065262171,5.333333333,0.0229686657461987,1.7533333333333334,0.2904402788105596,-2.2222222222222228,Nb25-Ta75,0.0,0.75,0.0,0.25,MATRIX_TERN_068_Nb33_Mo33_Ta33,0.0,0.0,0.0,0.0,0.0,0.333333333,0.333333333,0.333333333,0.0,0.0,0.0,0.0,0.0
Nb25-Ta75,MATRIX_TERN_069_Nb33_Mo33_W33,0.10394195712427942,3.31173466,3.674833441,-0.049686914,5.666666667,0.0233478654165369,2.0400000000000005,0.3216623488483951,-2.2222222222222223,Nb25-Ta75,0.0,0.75,0.0,0.25,MATRIX_TERN_069_Nb33_Mo33_W33,0.0,0.0,0.0,0.0,0.0,0.333333333,0.333333333,0.0,0.333333333,0.0,0.0,0.0,0.0
Nb25-Ta75,MATRIX_TERN_070_Nb33_Mo33_V33,0.08722513771883246,3.31173466,3.613773878,-0.013214523,5.333333333,0.0352382411938744,1.7966666666666669,0.2572072229848058,-1.777777777777778,Nb25-Ta75,0.0,0.75,0.0,0.25,MATRIX_TERN_070_Nb33_Mo33_V33,0.0,0.0,0.0,0.0,0.0,0.333333333,0.333333333,0.0,0.0,0.333333333,0.0,0.0,0.0
Nb25-Ta75,MATRIX_TERN_071_Nb33_Ta33_W33,0.11887901793586636,3.31173466,3.730310358,-0.031019427,5.333333333,0.0229686657461987,1.82,0.3840138886377244,-1.777777777777778,Nb25-Ta75,0.0,0.75,0.0,0.25,MATRIX_TERN_071_Nb33_Ta33_W33,0.0,0.0,0.0,0.0,0.0,0.0,0.333333333,0.333333333,0.333333333,0.0,0.0,0.0,0.0
Nb25-Ta75,MATRIX_TERN_072_Nb33_Ta33_V33,0.1067226562207731,3.31173466,3.685094771,0.08652521,5.0,0.0398370017569885,1.5766666666666669,0.0555777733351102,-0.8888888888888891,Nb25-Ta75,0.0,0.75,0.0,0.25,MATRIX_TERN_072_Nb33_Ta33_V33,0.0,0.0,0.0,0.0,0.0,0.0,0.333333333,0.333333333,0.0,0.333333333,0.0,0.0,0.0
Nb25-Ta75,MATRIX_TERN_073_Nb33_W33_V33,0.08958964656731065,3.31173466,3.622345558,0.018775382,5.333333333,0.0352382411938744,1.8633333333333333,0.351409858838492,-1.3333333333333337,Nb25-Ta75,0.0,0.75,0.0,0.25,MATRIX_TERN_073_Nb33_W33_V33,0.0,0.0,0.0,0.0,0.0,0.0,0.333333333,0.0,0.333333333,0.333333333,0.0,0.0,0.0
Nb25-Ta75,MATRIX_TERN_074_Mo33_Ta33_W33,0.10215560027850429,3.31173466,3.668257294,-0.093088097,5.666666667,0.0233478654165369,2.006666666666667,0.3674537007872178,-1.777777777777778,Nb25-Ta75,0.0,0.75,0.0,0.25,MATRIX_TERN_074_Mo33_Ta33_W33,0.0,0.0,0.0,0.0,0.0,0.333333333,0.0,0.333333333,0.333333333,0.0,0.0,0.0,0.0
Nb25-Ta75,MATRIX_TERN_075_Mo33_Ta33_V33,0.0855196439807341,3.31173466,3.607604365,-0.042224622,5.333333333,0.0352382411938744,1.7633333333333336,0.2854625875467553,-1.3333333333333337,Nb25-Ta75,0.0,0.75,0.0,0.25,MATRIX_TERN_075_Mo33_Ta33_V33,0.0,0.0,0.0,0.0,0.0,0.333333333,0.0,0.333333333,0.0,0.333333333,0.0,0.0,0.0
Nb25-Ta75,MATRIX_TERN_076_Mo33_W33_V33,0.07052754181988227,3.31173466,3.553840738,-0.074437179,5.666666667,0.0171627859511297,2.0500000000000003,0.3080043289739069,-0.8888888888888891,Nb25-Ta75,0.0,0.75,0.0,0.25,MATRIX_TERN_076_Mo33_W33_V33,0.0,0.0,0.0,0.0,0.0,0.333333333,0.0,0.0,0.333333333,0.333333333,0.0,0.0,0.0
Nb25-Ta75,MATRIX_TERN_077_Ta33_W33_V33,0.08797306055503305,3.31173466,3.616482912,-0.005449438,5.333333333,0.0352382411938744,1.83,0.3785058343892028,-0.4444444444444445,Nb25-Ta75,0.0,0.75,0.0,0.25,MATRIX_TERN_077_Ta33_W33_V33,0.0,0.0,0.0,0.0,0.0,0.0,0.0,0.333333333,0.333333333,0.333333333,0.0,0.0,0.0
Nb25-Ta75,B2_TERN_SOL_078_Ru_Hf87_Nb12,-0.2552804791308316,3.31173466,2.562008656,-1.091011246,6.0625,0.079929319846275,1.7680000000000002,0.4374654272053965,-14.1168,Nb25-Ta75,0.0,0.75,0.0,0.25,B2_TERN_SOL_078_Ru_Hf87_Nb12,0.5,0.4375,0.0,0.0,0.0,0.0,0.0625,0.0,0.0,0.0,0.0,0.0,0.0
Nb25-Ta75,B2_TERN_SOL_079_Ru_Hf75_Nb25,-0.027728300692331266,3.31173466,3.221161604,-0.990479496,6.125,0.0772310128363896,1.786,0.4237971212738473,-13.1472,Nb25-Ta75,0.0,0.75,0.0,0.25,B2_TERN_SOL_079_Ru_Hf75_Nb25,0.5,0.375,0.0,0.0,0.0,0.0,0.125,0.0,0.0,0.0,0.0,0.0,0.0
Nb25-Ta75,B2_TERN_SOL_080_Ru_Hf87_Mo12,-0.25820671468267226,3.31173466,2.554397326,-1.011580317,6.125,0.0808002001785193,1.8016,0.4447172584912801,-14.16,Nb25-Ta75,0.0,0.75,0.0,0.25,B2_TERN_SOL_080_Ru_Hf87_Mo12,0.5,0.4375,0.0,0.0,0.0,0.0625,0.0,0.0,0.0,0.0,0.0,0.0,0.0
Nb25-Ta75,B2_TERN_SOL_081_Ru_Hf75_Mo25,-0.03427802857401794,3.31173466,3.200127757,-0.833822359,6.25,0.0785362630419332,1.8532,0.4332686926146408,-13.32,Nb25-Ta75,0.0,0.75,0.0,0.25,B2_TERN_SOL_081_Ru_Hf75_Mo25,0.5,0.375,0.0,0.0,0.0,0.125,0.0,0.0,0.0,0.0,0.0,0.0,0.0
Nb25-Ta75,B2_TERN_SOL_082_Ru_Hf87_Ta12,-0.2559382452193557,3.31173466,2.560296043,-1.113680888,6.0625,0.079929319846275,1.7620000000000002,0.4404043596514458,-13.68,Nb25-Ta75,0.0,0.75,0.0,0.25,B2_TERN_SOL_082_Ru_Hf87_Ta12,0.5,0.4375,0.0,0.0,0.0,0.0,0.0,0.0625,0.0,0.0,0.0,0.0,0.0
Nb25-Ta75,B2_TERN_SOL_083_Ru_Hf75_Ta25,-0.029156609530621776,3.31173466,3.216563145,-1.032519678,6.125,0.0772310128363896,1.774,0.4302603862778911,-12.36,Nb25-Ta75,0.0,0.75,0.0,0.25,B2_TERN_SOL_083_Ru_Hf75_Ta25,0.5,0.375,0.0,0.0,0.0,0.0,0.0,0.125,0.0,0.0,0.0,0.0,0.0
Nb25-Ta75,B2_TERN_SOL_084_Ru_Hf87_W12,-0.2582256616396926,3.31173466,2.554348108,-1.017173511,6.125,0.0808002001785193,1.8136,0.4567614694783263,-13.92,Nb25-Ta75,0.0,0.75,0.0,0.25,B2_TERN_SOL_084_Ru_Hf87_W12,0.5,0.4375,0.0,0.0,0.0,0.0,0.0,0.0,0.0625,0.0,0.0,0.0,0.0
Nb25-Ta75,B2_TERN_SOL_085_Ru_Hf75_W25,-0.03403880718743384,3.31173466,3.200893611,-0.836868509,6.25,0.0785362630419332,1.8772,0.4546120983871855,-12.84,Nb25-Ta75,0.0,0.75,0.0,0.25,B2_TERN_SOL_085_Ru_Hf75_W25,0.5,0.375,0.0,0.0,0.0,0.0,0.0,0.0,0.125,0.0,0.0,0.0,0.0
Nb25-Ta75,B2_TERN_SOL_086_Ru_Hf87_V12,-0.26145545327010583,3.31173466,2.545970218,-1.063735031,6.0625,0.0824106716944606,1.7698,0.4368317296167943,-13.44,Nb25-Ta75,0.0,0.75,0.0,0.25,B2_TERN_SOL_086_Ru_Hf87_V12,0.5,0.4375,0.0,0.0,0.0,0.0,0.0,0.0,0.0,0.0625,0.0,0.0,0.0
Nb25-Ta75,B2_TERN_SOL_087_Ru_Hf75_V25,-0.04032977203019083,3.31173466,3.180813173,-0.946727169,6.125,0.0813951555025931,1.7896,0.4223266981851847,-11.88,Nb25-Ta75,0.0,0.75,0.0,0.25,B2_TERN_SOL_087_Ru_Hf75_V25,0.5,0.375,0.0,0.0,0.0,0.0,0.0,0.0,0.0,0.125,0.0,0.0,0.0
Nb25-Ta75,B2_TERN_SOL_088_Ru_Ti87_Nb12,-0.298275890067747,3.31173466,2.452124543,-0.983188993,6.0625,0.04588506177003,1.8736,0.3266910467092724,-9.6112,Nb25-Ta75,0.0,0.75,0.0,0.25,B2_TERN_SOL_088_Ru_Ti87_Nb12,0.5,0.0,0.4375,0.0,0.0,0.0,0.0625,0.0,0.0,0.0,0.0,0.0,0.0
Nb25-Ta75,B2_TERN_SOL_089_Ru_Ti75_Nb25,-0.06511051614988214,3.31173466,3.102904429,-0.903188944,6.125,0.0454989552387946,1.8772,0.3233081502220444,-9.1648,Nb25-Ta75,0.0,0.75,0.0,0.25,B2_TERN_SOL_089_Ru_Ti75_Nb25,0.5,0.0,0.375,0.0,0.0,0.0,0.125,0.0,0.0,0.0,0.0,0.0,0.0
Nb25-Ta75,B2_TERN_SOL_090_Ru_Ti87_Mo12,-0.30191213264935496,3.31173466,2.443019595,-0.92145562,6.125,0.0449536510398423,1.9072,0.3256196554263886,-9.760000000000002,Nb25-Ta75,0.0,0.75,0.0,0.25,B2_TERN_SOL_090_Ru_Ti87_Mo12,0.5,0.0,0.4375,0.0,0.0,0.0625,0.0,0.0,0.0,0.0,0.0,0.0,0.0
Nb25-Ta75,B2_TERN_SOL_091_Ru_Ti75_Mo25,-0.0712514609735308,3.31173466,3.083886002,-0.762838311,6.25,0.0433128345312989,1.9444,0.3168416639269527,-9.52,Nb25-Ta75,0.0,0.75,0.0,0.25,B2_TERN_SOL_091_Ru_Ti75_Mo25,0.5,0.0,0.375,0.0,0.0,0.125,0.0,0.0,0.0,0.0,0.0,0.0,0.0
Nb25-Ta75,B2_TERN_SOL_092_Ru_Ti87_Ta12,-0.29891578242341044,3.31173466,2.4505202,-1.012091649,6.0625,0.04588506177003,1.8676,0.3325270515311499,-9.28,Nb25-Ta75,0.0,0.75,0.0,0.25,B2_TERN_SOL_092_Ru_Ti87_Ta12,0.5,0.0,0.4375,0.0,0.0,0.0,0.0,0.0625,0.0,0.0,0.0,0.0,0.0
Nb25-Ta75,B2_TERN_SOL_093_Ru_Ti75_Ta25,-0.06643325989752086,3.31173466,3.098798357,-0.958150623,6.125,0.0454989552387946,1.8652,0.3350178502706983,-8.559999999999999,Nb25-Ta75,0.0,0.75,0.0,0.25,B2_TERN_SOL_093_Ru_Ti75_Ta25,0.5,0.0,0.375,0.0,0.0,0.0,0.0,0.125,0.0,0.0,0.0,0.0,0.0
Nb25-Ta75,B2_TERN_SOL_094_Ru_Ti87_W12,-0.30161307015303523,3.31173466,2.443767345,-0.933472753,6.125,0.0449536510398423,1.9192,0.338158779273879,-9.52,Nb25-Ta75,0.0,0.75,0.0,0.25,B2_TERN_SOL_094_Ru_Ti87_W12,0.5,0.0,0.4375,0.0,0.0,0.0,0.0,0.0,0.0625,0.0,0.0,0.0,0.0
Nb25-Ta75,B2_TERN_SOL_095_Ru_Ti75_W25,-0.07180215863006739,3.31173466,3.082186007,-0.789613358,6.25,0.0433128345312989,1.9684,0.3390596407713546,-9.04,Nb25-Ta75,0.0,0.75,0.0,0.25,B2_TERN_SOL_095_Ru_Ti75_W25,0.5,0.0,0.375,0.0,0.0,0.0,0.0,0.0,0.125,0.0,0.0,0.0,0.0
Nb25-Ta75,B2_TERN_SOL_096_Ru_Ti87_V12,-0.30608660776056146,3.31173466,2.432602346,-0.982724607,6.0625,0.0461854444311139,1.8754,0.3252581128888256,-9.04,Nb25-Ta75,0.0,0.75,0.0,0.25,B2_TERN_SOL_096_Ru_Ti87_V12,0.5,0.0,0.4375,0.0,0.0,0.0,0.0,0.0,0.0,0.0625,0.0,0.0,0.0
Nb25-Ta75,B2_TERN_SOL_097_Ru_Ti75_V25,-0.08064994006311942,3.31173466,3.05499642,-0.905306641,6.125,0.0454154582679287,1.8808,0.3203550530271062,-8.08,Nb25-Ta75,0.0,0.75,0.0,0.25,B2_TERN_SOL_097_Ru_Ti75_V25,0.5,0.0,0.375,0.0,0.0,0.0,0.0,0.0,0.0,0.125,0.0,0.0,0.0
Nb25-Ta75,B2_TERN_SOL_098_Ru_Zr87_Nb12,-0.24560124908599196,3.31173466,2.587326291,-0.890146496,6.0625,0.0860586382926536,1.7812,0.423370476060861,-16.756800000000002,Nb25-Ta75,0.0,0.75,0.0,0.25,B2_TERN_SOL_098_Ru_Zr87_Nb12,0.5,0.0,0.0,0.4375,0.0,0.0,0.0625,0.0,0.0,0.0,0.0,0.0,0.0
Nb25-Ta75,B2_TERN_SOL_099_Ru_Zr75_Nb25,-0.019223062106586385,3.31173466,3.24867904,-0.818094975,6.125,0.0831528643327092,1.7974,0.4107739524361301,-15.4272,Nb25-Ta75,0.0,0.75,0.0,0.25,B2_TERN_SOL_099_Ru_Zr75_Nb25,0.5,0.0,0.0,0.375,0.0,0.0,0.125,0.0,0.0,0.0,0.0,0.0,0.0
Nb25-Ta75,B2_TERN_SOL_100_Ru_Zr87_Mo12,-0.24872642045735424,3.31173466,2.579128061,-0.806967569,6.125,0.0870934949098326,1.8148,0.4298289892503762,-16.8,Nb25-Ta75,0.0,0.75,0.0,0.25,B2_TERN_SOL_100_Ru_Zr87_Mo12,0.5,0.0,0.0,0.4375,0.0,0.0625,0.0,0.0,0.0,0.0,0.0,0.0,0.0
Nb25-Ta75,B2_TERN_SOL_101_Ru_Zr75_Mo25,-0.025683746211403104,3.31173466,3.227755359,-0.655458039,6.25,0.084783177312234,1.8646000000000005,0.4187133148109814,-15.6,Nb25-Ta75,0.0,0.75,0.0,0.25,B2_TERN_SOL_101_Ru_Zr75_Mo25,0.5,0.0,0.0,0.375,0.0,0.125,0.0,0.0,0.0,0.0,0.0,0.0,0.0
Nb25-Ta75,B2_TERN_SOL_102_Ru_Zr87_Ta12,-0.24625820447171964,3.31173466,2.585601013,-0.911972703,6.0625,0.0860586382926536,1.7752,0.4265922643461787,-16.32,Nb25-Ta75,0.0,0.75,0.0,0.25,B2_TERN_SOL_102_Ru_Zr87_Ta12,0.5,0.0,0.0,0.4375,0.0,0.0,0.0,0.0625,0.0,0.0,0.0,0.0,0.0
Nb25-Ta75,B2_TERN_SOL_103_Ru_Zr75_Ta25,-0.02051109242818353,3.31173466,3.244496924,-0.863325979,6.125,0.0831528643327091,1.7854,0.4177664898002233,-14.64,Nb25-Ta75,0.0,0.75,0.0,0.25,B2_TERN_SOL_103_Ru_Zr75_Ta25,0.5,0.0,0.0,0.375,0.0,0.0,0.0,0.125,0.0,0.0,0.0,0.0,0.0
Nb25-Ta75,B2_TERN_SOL_104_Ru_Zr87_W12,-0.248586333814091,3.31173466,2.579495061,-0.814514579,6.125,0.0870934949098326,1.8268,0.4419205358432667,-16.56,Nb25-Ta75,0.0,0.75,0.0,0.25,B2_TERN_SOL_104_Ru_Zr87_W12,0.5,0.0,0.0,0.4375,0.0,0.0,0.0,0.0,0.0625,0.0,0.0,0.0,0.0
Nb25-Ta75,B2_TERN_SOL_105_Ru_Zr75_W25,-0.025166086089306813,3.31173466,3.229426942,-0.661370427,6.25,0.084783177312234,1.8886,0.4401409319752027,-15.12,Nb25-Ta75,0.0,0.75,0.0,0.25,B2_TERN_SOL_105_Ru_Zr75_W25,0.5,0.0,0.0,0.375,0.0,0.0,0.0,0.0,0.125,0.0,0.0,0.0,0.0
Nb25-Ta75,B2_TERN_SOL_106_Ru_Zr87_V12,-0.2514067300798519,3.31173466,2.572114963,-0.856520623,6.0625,0.0887380403728719,1.783,0.4226594373724548,-16.08,Nb25-Ta75,0.0,0.75,0.0,0.25,B2_TERN_SOL_106_Ru_Zr87_V12,0.5,0.0,0.0,0.4375,0.0,0.0,0.0,0.0,0.0,0.0625,0.0,0.0,0.0
Nb25-Ta75,B2_TERN_SOL_107_Ru_Zr75_V25,-0.031703661191924457,3.31173466,3.208378924,-0.759667971,6.125,0.0877123126458997,1.8010000000000002,0.4091564492953766,-14.16,Nb25-Ta75,0.0,0.75,0.0,0.25,B2_TERN_SOL_107_Ru_Zr75_V25,0.5,0.0,0.0,0.375,0.0,0.0,0.0,0.0,0.0,0.125,0.0,0.0,0.0
Nb25-Ta75,B2_PENALTY_108_Ru100Al0_Hf,0.4317245122302082,3.31173466,5.135083991,-1.187745448,6.0,0.0821917808219178,1.75,0.45,-15.0,Nb25-Ta75,0.0,0.75,0.0,0.25,B2_PENALTY_108_Ru100Al0_Hf,0.5,0.5,0.0,0.0,0.0,0.0,0.0,0.0,0.0,0.0,0.0,0.0,0.0
Nb25-Ta75,B2_PENALTY_109_Ru87Al12_Hf,-0.24877710291317837,3.31173466,2.578995294,-1.06443911,5.6875,0.0794670531912796,1.7146,0.4362027510229618,-15.312,Nb25-Ta75,0.0,0.75,0.0,0.25,B2_PENALTY_109_Ru87Al12_Hf,0.4375,0.5,0.0,0.0,0.0625,0.0,0.0,0.0,0.0,0.0,0.0,0.0,0.0
Nb25-Ta75,B2_PENALTY_110_Ru75Al25_Hf,-0.014282273872005225,3.31173466,3.264770933,-0.95574225,5.375,0.0765104674756606,1.6792000000000002,0.4189741758151689,-15.048,Nb25-Ta75,0.0,0.75,0.0,0.25,B2_PENALTY_110_Ru75Al25_Hf,0.375,0.5,0.0,0.0,0.125,0.0,0.0,0.0,0.0,0.0,0.0,0.0,0.0
Nb25-Ta75,B2_PENALTY_111_Ru62Al37_Hf,-0.2392578494097412,3.31173466,2.60403723,-0.842813539,5.0625,0.072734714189907,1.6379,0.3939322149812072,-14.012,Nb25-Ta75,0.0,0.75,0.0,0.25,B2_PENALTY_111_Ru62Al37_Hf,0.3125,0.5,0.0,0.0,0.1875,0.0,0.0,0.0,0.0,0.0,0.0,0.0,0.0
Nb25-Ta75,B2_PENALTY_112_Ru50Al50_Hf,0.225326341320014,3.31173466,4.152701731,-0.729649314,4.75,0.0691810843061248,1.6025,0.3674489760497368,-12.5,Nb25-Ta75,0.0,0.75,0.0,0.25,B2_PENALTY_112_Ru50Al50_Hf,0.25,0.5,0.0,0.0,0.25,0.0,0.0,0.0,0.0,0.0,0.0,0.0,0.0
Nb25-Ta75,B2_PENALTY_113_Ru87Cr12_Hf,-0.25509084549917904,3.31173466,2.562502587,-1.035615577,5.875,0.0853931303142513,1.7176,0.4356446258132884,-12.672,Nb25-Ta75,0.0,0.75,0.0,0.25,B2_PENALTY_113_Ru87Cr12_Hf,0.4375,0.5,0.0,0.0,0.0,0.0,0.0,0.0,0.0,0.0,0.0625,0.0,0.0
Nb25-Ta75,B2_PENALTY_114_Ru75Cr25_Hf,-0.02640596248903294,3.31173466,3.225424668,-0.878162691,5.75,0.0884389348964152,1.6852000000000005,0.4182976930369089,-10.488,Nb25-Ta75,0.0,0.75,0.0,0.25,B2_PENALTY_114_Ru75Cr25_Hf,0.375,0.5,0.0,0.0,0.0,0.0,0.0,0.0,0.0,0.0,0.125,0.0,0.0
Nb25-Ta75,B2_PENALTY_115_Ru62Cr37_Hf,-0.25731161956468473,3.31173466,2.556723432,-0.716377173,5.625,0.0918154837201231,1.6474000000000002,0.3937476857074846,-8.122,Nb25-Ta75,0.0,0.75,0.0,0.25,B2_PENALTY_115_Ru62Cr37_Hf,0.3125,0.5,0.0,0.0,0.0,0.0,0.0,0.0,0.0,0.0,0.1875,0.0,0.0
Nb25-Ta75,B2_PENALTY_116_Ru50Cr50_Hf,0.20143984795681094,3.31173466,4.053567315,-0.552796357,5.5,0.09457197487001,1.615,0.3683408747342603,-6.25,Nb25-Ta75,0.0,0.75,0.0,0.25,B2_PENALTY_116_Ru50Cr50_Hf,0.25,0.5,0.0,0.0,0.0,0.0,0.0,0.0,0.0,0.0,0.25,0.0,0.0
Nb25-Ta75,B2_PENALTY_117_Ru87Cu12_Hf,-0.25243147631195095,3.31173466,2.569438099,-1.045192975,6.1875,0.0853931303142513,1.7320000000000002,0.4374654272053965,-14.4672,Nb25-Ta75,0.0,0.75,0.0,0.25,B2_PENALTY_117_Ru87Cu12_Hf,0.4375,0.5,0.0,0.0,0.0,0.0,0.0,0.0,0.0,0.0,0.0,0.0625,0.0
Nb25-Ta75,B2_PENALTY_118_Ru75Cu25_Hf,-0.02305219259279377,3.31173466,3.236261822,-0.923389889,6.375,0.0884389348964152,1.7140000000000002,0.4237971212738473,-13.5888,Nb25-Ta75,0.0,0.75,0.0,0.25,B2_PENALTY_118_Ru75Cu25_Hf,0.375,0.5,0.0,0.0,0.0,0.0,0.0,0.0,0.0,0.0,0.0,0.125,0.0
Nb25-Ta75,B2_PENALTY_119_Ru62Cu37_Hf,-0.25287704483754336,3.31173466,2.568274935,-0.799684359,6.5625,0.0918154837201231,1.693,0.4062646920420233,-12.1272,Nb25-Ta75,0.0,0.75,0.0,0.25,B2_PENALTY_119_Ru62Cu37_Hf,0.3125,0.5,0.0,0.0,0.0,0.0,0.0,0.0,0.0,0.0,0.0,0.1875,0.0
Nb25-Ta75,B2_PENALTY_120_Ru50Cu50_Hf,0.20706626011089288,3.31173466,4.076680397,-0.677358279,6.75,0.09457197487001,1.675,0.3897114317029974,-10.5,Nb25-Ta75,0.0,0.75,0.0,0.25,B2_PENALTY_120_Ru50Cu50_Hf,0.25,0.5,0.0,0.0,0.0,0.0,0.0,0.0,0.0,0.0,0.0,0.25,0.0
Nb25-Ta75,B2_PENALTY_121_Ru87Si12_Hf,-0.25062519733646016,3.31173466,2.574158138,-1.089550642,5.75,0.0937602843775687,1.7320000000000002,0.4374654272053965,-12.3552,Nb25-Ta75,0.0,0.75,0.0,0.25,B2_PENALTY_121_Ru87Si12_Hf,0.4375,0.5,0.0,0.0,0.0,0.0,0.0,0.0,0.0,0.0,0.0,0.0,0.0625
Nb25-Ta75,B2_PENALTY_122_Ru75Si25_Hf,-0.019305125370185094,3.31173466,3.248412429,-1.009713639,5.5,0.1038426921242283,1.7140000000000002,0.4237971212738473,-9.9408,Nb25-Ta75,0.0,0.75,0.0,0.25,B2_PENALTY_122_Ru75Si25_Hf,0.375,0.5,0.0,0.0,0.0,0.0,0.0,0.0,0.0,0.0,0.0,0.0,0.125
Nb25-Ta75,B2_PENALTY_123_Ru62Si37_Hf,-0.24720088873927692,3.31173466,2.583127124,-0.920694427,5.25,0.1142356063938751,1.693,0.4062646920420233,-7.4152,Nb25-Ta75,0.0,0.75,0.0,0.25,B2_PENALTY_123_Ru62Si37_Hf,0.3125,0.5,0.0,0.0,0.0,0.0,0.0,0.0,0.0,0.0,0.0,0.0,0.1875
Nb25-Ta75,B2_PENALTY_124_Ru50Si50_Hf,0.21461198982894816,3.31173466,4.107906653,-0.838327211,5.0,0.1222287117389678,1.6750000000000005,0.3897114317029974,-5.5,Nb25-Ta75,0.0,0.75,0.0,0.25,B2_PENALTY_124_Ru50Si50_Hf,0.25,0.5,0.0,0.0,0.0,0.0,0.0,0.0,0.0,0.0,0.0,0.0,0.25
Nb25-Ta75,B2_PENALTY_125_Ru100Al0_Ti,0.383226349036398,3.31173466,4.881705796,-1.057956866,6.0,0.0462633451957295,1.87,0.33,-10.0,Nb25-Ta75,0.0,0.75,0.0,0.25,B2_PENALTY_125_Ru100Al0_Ti,0.5,0.0,0.5,0.0,0.0,0.0,0.0,0.0,0.0,0.0,0.0,0.0,0.0
Nb25-Ta75,B2_PENALTY_126_Ru87Al12_Ti,-0.298961967891043,3.31173466,2.450404438,-0.970267174,5.6875,0.0447291357659921,1.8346,0.3242974560492266,-10.912,Nb25-Ta75,0.0,0.75,0.0,0.25,B2_PENALTY_126_Ru87Al12_Ti,0.4375,0.0,0.5,0.0,0.0625,0.0,0.0,0.0,0.0,0.0,0.0,0.0,0.0
Nb25-Ta75,B2_PENALTY_127_Ru75Al25_Ti,-0.0661441678353074,3.31173466,3.09969531,-0.88819063,5.375,0.0428259601061415,1.7992,0.3145335594177512,-11.248,Nb25-Ta75,0.0,0.75,0.0,0.25,B2_PENALTY_127_Ru75Al25_Ti,0.375,0.0,0.5,0.0,0.125,0.0,0.0,0.0,0.0,0.0,0.0,0.0,0.0
Nb25-Ta75,B2_PENALTY_128_Ru62Al37_Ti,-0.29062557292490626,3.31173466,2.471374896,-0.804440265,5.0625,0.0400790404298587,1.7579,0.2974669561480737,-10.912,Nb25-Ta75,0.0,0.75,0.0,0.25,B2_PENALTY_128_Ru62Al37_Ti,0.3125,0.0,0.5,0.0,0.1875,0.0,0.0,0.0,0.0,0.0,0.0,0.0,0.0
Nb25-Ta75,B2_PENALTY_129_Ru50Al50_Ti,0.17316057671768204,3.31173466,3.939553259,-0.713701673,4.75,0.0371922251866817,1.7225,0.2771619562638422,-10.0,Nb25-Ta75,0.0,0.75,0.0,0.25,B2_PENALTY_129_Ru50Al50_Ti,0.25,0.0,0.5,0.0,0.25,0.0,0.0,0.0,0.0,0.0,0.0,0.0,0.0
Nb25-Ta75,B2_PENALTY_130_Ru87Cr12_Ti,-0.30536598556927347,3.31173466,2.434397938,-0.94270459,5.875,0.0499298619726951,1.8376,0.3224317602222213,-8.272,Nb25-Ta75,0.0,0.75,0.0,0.25,B2_PENALTY_130_Ru87Cr12_Ti,0.4375,0.0,0.5,0.0,0.0,0.0,0.0,0.0,0.0,0.0,0.0625,0.0,0.0
Nb25-Ta75,B2_PENALTY_131_Ru75Cr25_Ti,-0.07854343291237048,3.31173466,3.061448806,-0.80961964,5.75,0.0532543770850372,1.8052,0.3113277372801852,-6.688,Nb25-Ta75,0.0,0.75,0.0,0.25,B2_PENALTY_131_Ru75Cr25_Ti,0.375,0.0,0.5,0.0,0.0,0.0,0.0,0.0,0.0,0.0,0.125,0.0,0.0
Nb25-Ta75,B2_PENALTY_132_Ru62Cr37_Ti,-0.30935585997407283,3.31173466,2.424470344,-0.675679922,5.625,0.0567786551293567,1.7674,0.2933619607242902,-5.022,Nb25-Ta75,0.0,0.75,0.0,0.25,B2_PENALTY_132_Ru62Cr37_Ti,0.3125,0.0,0.5,0.0,0.0,0.0,0.0,0.0,0.0,0.0,0.1875,0.0,0.0
Nb25-Ta75,B2_PENALTY_133_Ru50Cr50_Ti,0.14764817009105957,3.31173466,3.839681408,-0.538077974,5.5,0.0595429689109598,1.735,0.2729010809799038,-3.75,Nb25-Ta75,0.0,0.75,0.0,0.25,B2_PENALTY_133_Ru50Cr50_Ti,0.25,0.0,0.5,0.0,0.0,0.0,0.0,0.0,0.0,0.0,0.25,0.0,0.0
Nb25-Ta75,B2_PENALTY_134_Ru87Cu12_Ti,-0.30260114194336285,3.31173466,2.441297595,-0.919729937,6.1875,0.0499298619726951,1.852,0.3195246469366644,-10.0672,Nb25-Ta75,0.0,0.75,0.0,0.25,B2_PENALTY_134_Ru87Cu12_Ti,0.4375,0.0,0.5,0.0,0.0,0.0,0.0,0.0,0.0,0.0,0.0,0.0625,0.0
Nb25-Ta75,B2_PENALTY_135_Ru75Cu25_Ti,-0.07423878490045002,3.31173466,3.074675013,-0.801717189,6.375,0.0532543770850372,1.834,0.3076426498390625,-9.7888,Nb25-Ta75,0.0,0.75,0.0,0.25,B2_PENALTY_135_Ru75Cu25_Ti,0.375,0.0,0.5,0.0,0.0,0.0,0.0,0.0,0.0,0.0,0.0,0.125,0.0
Nb25-Ta75,B2_PENALTY_136_Ru62Cu37_Ti,-0.3030501917790089,3.31173466,2.440175866,-0.680640909,6.5625,0.0567786551293567,1.813,0.2917721713940519,-9.0272,Nb25-Ta75,0.0,0.75,0.0,0.25,B2_PENALTY_136_Ru62Cu37_Ti,0.3125,0.0,0.5,0.0,0.0,0.0,0.0,0.0,0.0,0.0,0.0,0.1875,0.0
Nb25-Ta75,B2_PENALTY_137_Ru50Cu50_Ti,0.15617235020094927,3.31173466,3.872743044,-0.557797759,6.75,0.0595429689109598,1.7950000000000002,0.2761792895928295,-8.0,Nb25-Ta75,0.0,0.75,0.0,0.25,B2_PENALTY_137_Ru50Cu50_Ti,0.25,0.0,0.5,0.0,0.0,0.0,0.0,0.0,0.0,0.0,0.0,0.25,0.0
Nb25-Ta75,B2_PENALTY_138_Ru87Si12_Ti,-0.30158054211911317,3.31173466,2.443848687,-0.989505902,5.75,0.0607546208741894,1.852,0.3195246469366644,-7.9552,Nb25-Ta75,0.0,0.75,0.0,0.25,B2_PENALTY_138_Ru87Si12_Ti,0.4375,0.0,0.5,0.0,0.0,0.0,0.0,0.0,0.0,0.0,0.0,0.0,0.0625
Nb25-Ta75,B2_PENALTY_139_Ru75Si25_Ti,-0.07184616468312012,3.31173466,3.0820502,-0.93611645,5.5,0.0719655963958058,1.834,0.3076426498390625,-6.1408,Nb25-Ta75,0.0,0.75,0.0,0.25,B2_PENALTY_139_Ru75Si25_Ti,0.375,0.0,0.5,0.0,0.0,0.0,0.0,0.0,0.0,0.0,0.0,0.0,0.125
Nb25-Ta75,B2_PENALTY_140_Ru62Si37_Ti,-0.29973390590925597,3.31173466,2.448470295,-0.869757039,5.25,0.0826499299050591,1.813,0.2917721713940519,-4.3152,Nb25-Ta75,0.0,0.75,0.0,0.25,B2_PENALTY_140_Ru62Si37_Ti,0.3125,0.0,0.5,0.0,0.0,0.0,0.0,0.0,0.0,0.0,0.0,0.0,0.1875
Nb25-Ta75,B2_PENALTY_141_Ru50Si50_Ti,0.16069398975894028,3.31173466,3.890404933,-0.808674347,5.0,0.090393746324797,1.795,0.2761792895928295,-3.0,Nb25-Ta75,0.0,0.75,0.0,0.25,B2_PENALTY_141_Ru50Si50_Ti,0.25,0.0,0.5,0.0,0.0,0.0,0.0,0.0,0.0,0.0,0.0,0.0,0.25
Nb25-Ta75,B2_PENALTY_142_Ru100Al0_Zr,0.4426578815526904,3.31173466,5.194385147,-0.960777489,6.0,0.0884353741496598,1.765,0.435,-18.0,Nb25-Ta75,0.0,0.75,0.0,0.25,B2_PENALTY_142_Ru100Al0_Zr,0.5,0.0,0.0,0.5,0.0,0.0,0.0,0.0,0.0,0.0,0.0,0.0,0.0
Nb25-Ta75,B2_PENALTY_143_Ru87Al12_Zr,-0.23748150425915857,3.31173466,2.608733784,-0.873588029,5.6875,0.0856069896776228,1.7296,0.421971373436635,-17.951999999999998,Nb25-Ta75,0.0,0.75,0.0,0.25,B2_PENALTY_143_Ru87Al12_Zr,0.4375,0.0,0.0,0.5,0.0625,0.0,0.0,0.0,0.0,0.0,0.0,0.0,0.0
Nb25-Ta75,B2_PENALTY_144_Ru75Al25_Zr,-0.002826291426344801,3.31173466,3.302387941,-0.797935587,5.375,0.0825630715605787,1.6942000000000002,0.4054483444287324,-17.328,Nb25-Ta75,0.0,0.75,0.0,0.25,B2_PENALTY_144_Ru75Al25_Zr,0.375,0.0,0.0,0.5,0.125,0.0,0.0,0.0,0.0,0.0,0.0,0.0,0.0
Nb25-Ta75,B2_PENALTY_145_Ru62Al37_Zr,-0.22803659510831775,3.31173466,2.633831346,-0.726652657,5.0625,0.0787099182537501,1.6529,0.381143791763686,-15.872,Nb25-Ta75,0.0,0.75,0.0,0.25,B2_PENALTY_145_Ru62Al37_Zr,0.3125,0.0,0.0,0.5,0.1875,0.0,0.0,0.0,0.0,0.0,0.0,0.0,0.0
Nb25-Ta75,B2_PENALTY_146_Ru50Al50_Zr,0.23633484224730802,3.31173466,4.199293486,-0.654418284,4.75,0.0751158704347694,1.6175000000000002,0.3552024070864386,-14.0,Nb25-Ta75,0.0,0.75,0.0,0.25,B2_PENALTY_146_Ru50Al50_Zr,0.25,0.0,0.0,0.5,0.25,0.0,0.0,0.0,0.0,0.0,0.0,0.0,0.0
Nb25-Ta75,B2_PENALTY_147_Ru87Cr12_Zr,-0.24375546529837966,3.31173466,2.592179044,-0.824075051,5.875,0.0915913075118357,1.7326,0.4212875977286776,-15.312,Nb25-Ta75,0.0,0.75,0.0,0.25,B2_PENALTY_147_Ru87Cr12_Zr,0.4375,0.0,0.0,0.5,0.0,0.0,0.0,0.0,0.0,0.0,0.0625,0.0,0.0
Nb25-Ta75,B2_PENALTY_148_Ru75Cr25_Zr,-0.015129589411508918,3.31173466,3.262005664,-0.675888976,5.75,0.0946071432924222,1.7002000000000002,0.4045268347093924,-12.768,Nb25-Ta75,0.0,0.75,0.0,0.25,B2_PENALTY_148_Ru75Cr25_Zr,0.375,0.0,0.0,0.5,0.0,0.0,0.0,0.0,0.0,0.0,0.125,0.0,0.0
Nb25-Ta75,B2_PENALTY_149_Ru62Cr37_Zr,-0.24629637905227333,3.31173466,2.585500791,-0.525764636,5.625,0.097964971374696,1.6624,0.3805788223219995,-9.982,Nb25-Ta75,0.0,0.75,0.0,0.25,B2_PENALTY_149_Ru62Cr37_Zr,0.3125,0.0,0.0,0.5,0.0,0.0,0.0,0.0,0.0,0.0,0.1875,0.0,0.0
Nb25-Ta75,B2_PENALTY_150_Ru50Cr50_Zr,0.212302888375373,3.31173466,4.09832298,-0.377855166,5.5,0.100717188245724,1.63,0.355598087733891,-7.75,Nb25-Ta75,0.0,0.75,0.0,0.25,B2_PENALTY_150_Ru50Cr50_Zr,0.25,0.0,0.0,0.5,0.0,0.0,0.0,0.0,0.0,0.0,0.25,0.0,0.0
Nb25-Ta75,B2_PENALTY_151_Ru87Cu12_Zr,-0.2413102034025519,3.31173466,2.598620194,-0.842497728,6.1875,0.0915913075118357,1.747,0.4226594373724548,-17.1072,Nb25-Ta75,0.0,0.75,0.0,0.25,B2_PENALTY_151_Ru87Cu12_Zr,0.4375,0.0,0.0,0.5,0.0,0.0,0.0,0.0,0.0,0.0,0.0,0.0625,0.0
Nb25-Ta75,B2_PENALTY_152_Ru75Cu25_Zr,-0.011743668121487394,3.31173466,3.273069781,-0.744916574,6.375,0.0946071432924222,1.729,0.4091564492953766,-15.8688,Nb25-Ta75,0.0,0.75,0.0,0.25,B2_PENALTY_152_Ru75Cu25_Zr,0.375,0.0,0.0,0.5,0.0,0.0,0.0,0.0,0.0,0.0,0.0,0.125,0.0
Nb25-Ta75,B2_PENALTY_153_Ru62Cu37_Zr,-0.24167839650585168,3.31173466,2.597649425,-0.643740809,6.5625,0.097964971374696,1.708,0.3917728933961614,-13.9872,Nb25-Ta75,0.0,0.75,0.0,0.25,B2_PENALTY_153_Ru62Cu37_Zr,0.3125,0.0,0.0,0.5,0.0,0.0,0.0,0.0,0.0,0.0,0.0,0.1875,0.0
Nb25-Ta75,B2_PENALTY_154_Ru50Cu50_Zr,0.2185527979612514,3.31173466,4.124319928,-0.545283305,6.75,0.100717188245724,1.6900000000000002,0.3752998800959041,-12.0,Nb25-Ta75,0.0,0.75,0.0,0.25,B2_PENALTY_154_Ru50Cu50_Zr,0.25,0.0,0.0,0.5,0.0,0.0,0.0,0.0,0.0,0.0,0.0,0.25,0.0
Nb25-Ta75,B2_PENALTY_155_Ru87Si12_Zr,-0.23946580144266566,3.31173466,2.603487904,-0.898605077,5.75,0.0996987498196708,1.747,0.4226594373724548,-14.9952,Nb25-Ta75,0.0,0.75,0.0,0.25,B2_PENALTY_155_Ru87Si12_Zr,0.4375,0.0,0.0,0.5,0.0,0.0,0.0,0.0,0.0,0.0,0.0,0.0,0.0625
Nb25-Ta75,B2_PENALTY_156_Ru75Si25_Zr,-0.00797687492102312,3.31173466,3.285422312,-0.857108746,5.5,0.1096308366502065,1.729,0.4091564492953766,-12.2208,Nb25-Ta75,0.0,0.75,0.0,0.25,B2_PENALTY_156_Ru75Si25_Zr,0.375,0.0,0.0,0.5,0.0,0.0,0.0,0.0,0.0,0.0,0.0,0.0,0.125
Nb25-Ta75,B2_PENALTY_157_Ru62Si37_Zr,-0.23625979319623225,3.31173466,2.611968248,-0.806319256,5.25,0.1199620550667942,1.708,0.3917728933961614,-9.2752,Nb25-Ta75,0.0,0.75,0.0,0.25,B2_PENALTY_157_Ru62Si37_Zr,0.3125,0.0,0.0,0.5,0.0,0.0,0.0,0.0,0.0,0.0,0.0,0.0,0.1875
Nb25-Ta75,B2_PENALTY_158_Ru50Si50_Zr,0.22478770671271844,3.31173466,4.150436873,-0.770078956,5.0,0.127965781170799,1.69,0.3752998800959041,-7.0,Nb25-Ta75,0.0,0.75,0.0,0.25,B2_PENALTY_158_Ru50Si50_Zr,0.25,0.0,0.0,0.5,0.0,0.0,0.0,0.0,0.0,0.0,0.0,0.0,0.25
Nb25-Ta75,B2_MULTI_159_A_Ru87_Al12_B_HfTi,-0.2721572924049267,3.31173466,2.518380484,-0.993246203,5.6875,0.0678797217863284,1.7746000000000002,0.3889997943444186,-13.112,Nb25-Ta75,0.0,0.75,0.0,0.25,B2_MULTI_159_A_Ru87_Al12_B_HfTi,0.4375,0.25,0.25,0.0,0.0625,0.0,0.0,0.0,0.0,0.0,0.0,0.0,0.0
Nb25-Ta75,B2_MULTI_160_A_Ru75_Al25_B_HfTi,-0.03856076206726106,3.31173466,3.186447237,-0.900034303,5.375,0.0654597746128897,1.7392,0.3752803751863399,-13.148,Nb25-Ta75,0.0,0.75,0.0,0.25,B2_MULTI_160_A_Ru75_Al25_B_HfTi,0.375,0.25,0.25,0.0,0.125,0.0,0.0,0.0,0.0,0.0,0.0,0.0,0.0
Nb25-Ta75,B2_MULTI_161_A_Ru87_Al12_B_HfZr,-0.24306979625404526,3.31173466,2.593983772,-0.966894404,5.6875,0.0826853853075511,1.7221000000000002,0.4292115911761937,-16.631999999999998,Nb25-Ta75,0.0,0.75,0.0,0.25,B2_MULTI_161_A_Ru87_Al12_B_HfZr,0.4375,0.25,0.0,0.25,0.0625,0.0,0.0,0.0,0.0,0.0,0.0,0.0,0.0
Nb25-Ta75,B2_MULTI_162_A_Ru75_Al25_B_HfZr,-0.008465155371808116,3.31173466,3.283818469,-0.87583034,5.375,0.0796873228030491,1.6867,0.4123349487976978,-16.188,Nb25-Ta75,0.0,0.75,0.0,0.25,B2_MULTI_162_A_Ru75_Al25_B_HfZr,0.375,0.25,0.0,0.25,0.125,0.0,0.0,0.0,0.0,0.0,0.0,0.0,0.0
Nb25-Ta75,B2_MULTI_163_A_Ru87_Al12_B_HfAl,-0.28119058920848805,3.31173466,2.495293785,-4.954411074,2.8125,0.0553065594713224,1.8678,0.3451393341825878,-18.8,Nb25-Ta75,0.0,0.75,0.0,0.25,B2_MULTI_163_A_Ru87_Al12_B_HfAl,0.25,0.0625,0.0,0.0,0.1875,0.0,0.0,0.0,0.0,0.0,0.0,0.0,0.0
Nb25-Ta75,B2_MULTI_163_A_Ru87_Al13_B_HfAl,-0.28132289193099713,3.31173466,2.494957013,-1.044063929,5.4375,0.0671169315930914,1.7921,0.3795109879832204,-17.512,Nb25-Ta75,0.0,0.75,0.0,0.25,B2_MULTI_163_A_Ru87_Al13_B_HfAl,0.4375,0.25,0.0,0.0,0.3125,0.0,0.0,0.0,0.0,0.0,0.0,0.0,0.0
Nb25-Ta75,B2_MULTI_164_A_Ru75_Al25_B_HfAl,-0.04662106278394892,3.31173466,3.160855152,-0.932800309,5.125,0.0647257979106258,1.7552475247524757,0.3655934929642944,-16.912067444368198,Nb25-Ta75,0.0,0.75,0.0,0.25,B2_MULTI_164_A_Ru75_Al25_B_HfAl,0.375,0.25,0.0,0.0,0.375,0.0,0.0,0.0,0.0,0.0,0.0,0.0,0.0
Nb25-Ta75,B2_MULTI_165_A_Ru87_Al12_B_TiZr,-0.2662154046292869,3.31173466,2.533666714,-0.881935538,5.6875,0.0727621617453034,1.7821000000000002,0.3799613006610016,-14.432,Nb25-Ta75,0.0,0.75,0.0,0.25,B2_MULTI_165_A_Ru87_Al12_B_TiZr,0.4375,0.0,0.25,0.25,0.0625,0.0,0.0,0.0,0.0,0.0,0.0,0.0,0.0
Nb25-Ta75,B2_MULTI_166_A_Ru75_Al25_B_TiZr,-0.03233242957877141,3.31173466,3.206361714,-0.808063227,5.375,0.0703058182976203,1.7467,0.3666280267519111,-14.288,Nb25-Ta75,0.0,0.75,0.0,0.25,B2_MULTI_166_A_Ru75_Al25_B_TiZr,0.375,0.0,0.25,0.25,0.125,0.0,0.0,0.0,0.0,0.0,0.0,0.0,0.0
Nb25-Ta75,B2_MULTI_167_A_Ru87_Al12_B_TiAl,-0.30931481071324696,3.31173466,2.424572308,-5.952786629,1.5,0.0273038199437399,1.694324324324325,0.2239032192052839,-9.817384952520088,Nb25-Ta75,0.0,0.75,0.0,0.25,B2_MULTI_167_A_Ru87_Al12_B_TiAl,0.0625,0.0,0.0625,0.0,0.25,0.0,0.0,0.0,0.0,0.0,0.0,0.0,0.0
Nb25-Ta75,B2_MULTI_167_A_Ru87_Al13_B_TiAl,-0.3093559404926715,3.31173466,2.424470144,-1.021190861,5.4375,0.0396803315535911,1.8521,0.309477931361834,-15.312,Nb25-Ta75,0.0,0.75,0.0,0.25,B2_MULTI_167_A_Ru87_Al13_B_TiAl,0.4375,0.0,0.25,0.0,0.3125,0.0,0.0,0.0,0.0,0.0,0.0,0.0,0.0
Nb25-Ta75,B2_MULTI_168_A_Ru75_Al25_B_TiAl,-0.07546497583650674,3.31173466,3.070901903,-0.941385339,5.125,0.0380980563492807,1.814653465346535,0.3004965012116891,-15.049504950495049,Nb25-Ta75,0.0,0.75,0.0,0.25,B2_MULTI_168_A_Ru75_Al25_B_TiAl,0.375,0.0,0.25,0.0,0.375,0.0,0.0,0.0,0.0,0.0,0.0,0.0,0.0
Nb25-Ta75,B2_MULTI_169_A_Ru87_Al12_B_ZrAl,-0.2744769481777814,3.31173466,2.512434563,-3.978965604,3.1875,0.0773292902137734,1.9146938775510205,0.3828683476015858,-17.35276967930029,Nb25-Ta75,0.0,0.75,0.0,0.25,B2_MULTI_169_A_Ru87_Al12_B_ZrAl,0.3125,0.0,0.0,0.125,0.0625,0.0,0.0,0.0,0.0,0.0,0.0,0.0,0.0
Nb25-Ta75,B2_MULTI_169_A_Ru87_Al13_B_ZrAl,-0.27447729964929446,3.31173466,2.512433663,-0.95203949,5.4375,0.0724611766706071,1.7996,0.3698862527859072,-18.832,Nb25-Ta75,0.0,0.75,0.0,0.25,B2_MULTI_169_A_Ru87_Al13_B_ZrAl,0.4375,0.0,0.0,0.25,0.3125,0.0,0.0,0.0,0.0,0.0,0.0,0.0,0.0
Nb25-Ta75,B2_MULTI_170_A_Ru75_Al25_B_ZrAl,-0.040549071059685554,3.31173466,3.180115415,-0.885427863,5.125,0.0699929276125827,1.762673267326733,0.356461962724668,-18.02960494069209,Nb25-Ta75,0.0,0.75,0.0,0.25,B2_MULTI_170_A_Ru75_Al25_B_ZrAl,0.375,0.0,0.0,0.25,0.375,0.0,0.0,0.0,0.0,0.0,0.0,0.0,0.0
Nb25-V75,B2_014_RuHf,-0.17914347114391813,3.07696301,2.571059804,-1.190557465,6.0,0.0821917808219178,1.75,0.45,-15.0,Nb25-V75,0.0,0.0,0.75,0.25,B2_014_RuHf,0.5,0.5,0.0,0.0,0.0,0.0,0.0,0.0,0.0,0.0,0.0,0.0,0.0
Nb25-V75,B2_015_RuTi,-0.23100687732632572,3.07696301,2.43976227,-1.048598035,6.0,0.0462633451957295,1.87,0.33,-10.0,Nb25-V75,0.0,0.0,0.75,0.25,B2_015_RuTi,0.5,0.0,0.5,0.0,0.0,0.0,0.0,0.0,0.0,0.0,0.0,0.0,0.0
Nb25-V75,B2_016_RuZr,-0.1700524802681842,3.07696301,2.59472104,-0.959079125,6.0,0.0884353741496598,1.765,0.435,-18.0,Nb25-V75,0.0,0.0,0.75,0.25,B2_016_RuZr,0.5,0.0,0.0,0.5,0.0,0.0,0.0,0.0,0.0,0.0,0.0,0.0,0.0
Nb25-V75,B2_017_RuAl,-0.25194159535801686,3.07696301,2.388477153,-1.00191235,5.5,0.0324909747292418,1.905,0.295,-20.0,Nb25-V75,0.0,0.0,0.75,0.25,B2_017_RuAl,0.5,0.0,0.0,0.0,0.5,0.0,0.0,0.0,0.0,0.0,0.0,0.0,0.0
Nb25-V75,MATRIX_BIN_018_Nb12_Mo87,-0.20041809758709592,3.07696301,2.516452193,-0.074598622,5.875,0.0162666672861703,2.0928,0.1819784602638455,-0.8448,Nb25-V75,0.0,0.0,0.75,0.25,MATRIX_BIN_018_Nb12_Mo87,0.0,0.0,0.0,0.0,0.0,0.875,0.125,0.0,0.0,0.0,0.0,0.0,0.0
Nb25-V75,MATRIX_BIN_019_Nb25_Mo75,0.0355935197543445,3.07696301,3.18846737,-0.093096702,5.75,0.0215352675896663,2.02,0.2424871130596428,-1.5,Nb25-V75,0.0,0.0,0.75,0.25,MATRIX_BIN_019_Nb25_Mo75,0.0,0.0,0.0,0.0,0.0,0.75,0.25,0.0,0.0,0.0,0.0,0.0,0.0
Nb25-V75,MATRIX_BIN_020_Nb50_Mo50,0.27749544616550925,3.07696301,4.068360358,-0.068167471,5.5,0.0245614035087719,1.88,0.28,-2.0,Nb25-V75,0.0,0.0,0.75,0.25,MATRIX_BIN_020_Nb50_Mo50,0.0,0.0,0.0,0.0,0.0,0.5,0.5,0.0,0.0,0.0,0.0,0.0,0.0
Nb25-V75,MATRIX_BIN_021_Nb75_Mo25,0.06274829334733814,3.07696301,3.276290931,-0.003897255,5.25,0.0210127480987559,1.7400000000000002,0.2424871130596428,-1.5,Nb25-V75,0.0,0.0,0.75,0.25,MATRIX_BIN_021_Nb75_Mo25,0.0,0.0,0.0,0.0,0.0,0.25,0.75,0.0,0.0,0.0,0.0,0.0,0.0
Nb25-V75,MATRIX_BIN_022_Nb87_Mo12,-0.16085949171060349,3.07696301,2.618850201,0.026755452,5.125,0.0156705067050018,1.6672000000000002,0.1819784602638455,-0.8448,Nb25-V75,0.0,0.0,0.75,0.25,MATRIX_BIN_022_Nb87_Mo12,0.0,0.0,0.0,0.0,0.0,0.125,0.875,0.0,0.0,0.0,0.0,0.0,0.0
Nb25-V75,MATRIX_BIN_023_Nb12_Ta87,-0.1569629187201304,3.07696301,2.629139739,0.01664066,5.0,0.0,1.512,0.0324961536185438,-0.4224,Nb25-V75,0.0,0.0,0.75,0.25,MATRIX_BIN_023_Nb12_Ta87,0.0,0.0,0.0,0.0,0.0,0.0,0.125,0.875,0.0,0.0,0.0,0.0,0.0
Nb25-V75,MATRIX_BIN_024_Nb25_Ta75,0.0743774303649049,3.07696301,3.314659229,0.02257152,5.0,0.0,1.525,0.0433012701892219,-0.75,Nb25-V75,0.0,0.0,0.75,0.25,MATRIX_BIN_024_Nb25_Ta75,0.0,0.0,0.0,0.0,0.0,0.0,0.25,0.75,0.0,0.0,0.0,0.0,0.0
Nb25-V75,MATRIX_BIN_025_Nb50_Ta50,0.30435152059578596,3.07696301,4.181529649,0.032388069,5.0,0.0,1.55,0.05,-1.0,Nb25-V75,0.0,0.0,0.75,0.25,MATRIX_BIN_025_Nb50_Ta50,0.0,0.0,0.0,0.0,0.0,0.0,0.5,0.5,0.0,0.0,0.0,0.0,0.0
Nb25-V75,MATRIX_BIN_026_Nb75_Ta25,0.0766714827331277,3.07696301,3.322282844,0.043369138,5.0,0.0,1.5750000000000002,0.0433012701892219,-0.75,Nb25-V75,0.0,0.0,0.75,0.25,MATRIX_BIN_026_Nb75_Ta25,0.0,0.0,0.0,0.0,0.0,0.0,0.75,0.25,0.0,0.0,0.0,0.0,0.0
Nb25-V75,MATRIX_BIN_027_Nb87_Ta12,-0.15358602755793627,3.07696301,2.638087089,0.04776952,5.0,0.0,1.588,0.0324961536185438,-0.4224,Nb25-V75,0.0,0.0,0.75,0.25,MATRIX_BIN_027_Nb87_Ta12,0.0,0.0,0.0,0.0,0.0,0.0,0.875,0.125,0.0,0.0,0.0,0.0,0.0
Nb25-V75,MATRIX_BIN_028_Nb12_W87,-0.19508724651070125,3.07696301,2.53003601,-0.064576028,5.875,0.0162666672861703,2.2688,0.2469707675009331,-0.8448,Nb25-V75,0.0,0.0,0.75,0.25,MATRIX_BIN_028_Nb12_W87,0.0,0.0,0.0,0.0,0.0,0.0,0.125,0.0,0.875,0.0,0.0,0.0,0.0
Nb25-V75,MATRIX_BIN_029_Nb25_W75,0.039856729354789,3.07696301,3.202094355,-0.067975525,5.75,0.0215352675896663,2.17,0.3290896534380866,-1.5,Nb25-V75,0.0,0.0,0.75,0.25,MATRIX_BIN_029_Nb25_W75,0.0,0.0,0.0,0.0,0.0,0.0,0.25,0.0,0.75,0.0,0.0,0.0,0.0
Nb25-V75,MATRIX_BIN_030_Nb50_W50,0.2795919327741745,3.07696301,4.077067638,-0.024208031,5.5,0.0245614035087719,1.98,0.3799999999999999,-2.0,Nb25-V75,0.0,0.0,0.75,0.25,MATRIX_BIN_030_Nb50_W50,0.0,0.0,0.0,0.0,0.0,0.0,0.5,0.0,0.5,0.0,0.0,0.0,0.0
Nb25-V75,MATRIX_BIN_031_Nb75_W25,0.06331447732733997,3.07696301,3.278148285,0.026336168,5.25,0.0210127480987559,1.79,0.3290896534380866,-1.5,Nb25-V75,0.0,0.0,0.75,0.25,MATRIX_BIN_031_Nb75_W25,0.0,0.0,0.0,0.0,0.0,0.0,0.75,0.0,0.25,0.0,0.0,0.0,0.0
Nb25-V75,MATRIX_BIN_032_Nb87_W12,-0.16040965698731582,3.07696301,2.620036168,0.042204846,5.125,0.0156705067050018,1.6912,0.2469707675009331,-0.8448,Nb25-V75,0.0,0.0,0.75,0.25,MATRIX_BIN_032_Nb87_W12,0.0,0.0,0.0,0.0,0.0,0.0,0.875,0.0,0.125,0.0,0.0,0.0,0.0
Nb25-V75,MATRIX_BIN_033_Nb12_V87,-0.2444787542348625,3.07696301,2.406649618,0.08248568,5.0,0.0287916304948704,1.6263999999999998,0.009748846085563,-0.4224,Nb25-V75,0.0,0.0,0.75,0.25,MATRIX_BIN_033_Nb12_V87,0.0,0.0,0.0,0.0,0.0,0.0,0.125,0.0,0.0,0.875,0.0,0.0,0.0
Nb25-V75,MATRIX_BIN_034_Nb25_V75,0.0012441712799138,3.07696301,3.080793662,0.119704924,5.0,0.0379281198737709,1.6225,0.0129903810567664,-0.75,Nb25-V75,0.0,0.0,0.75,0.25,MATRIX_BIN_034_Nb25_V75,0.0,0.0,0.0,0.0,0.0,0.0,0.25,0.0,0.0,0.75,0.0,0.0,0.0
Nb25-V75,MATRIX_BIN_035_Nb50_V50,0.2602882726329154,3.07696301,3.997687259,0.146260085,5.0,0.0428571428571428,1.615,0.0149999999999999,-1.0,Nb25-V75,0.0,0.0,0.75,0.25,MATRIX_BIN_035_Nb50_V50,0.0,0.0,0.0,0.0,0.0,0.0,0.5,0.0,0.0,0.5,0.0,0.0,0.0
Nb25-V75,MATRIX_BIN_036_Nb75_V25,0.05547487005498129,3.07696301,3.252526823,0.114812331,5.0,0.0363367302287176,1.6075000000000002,0.0129903810567664,-0.75,Nb25-V75,0.0,0.0,0.75,0.25,MATRIX_BIN_036_Nb75_V25,0.0,0.0,0.0,0.0,0.0,0.0,0.75,0.0,0.0,0.25,0.0,0.0,0.0
Nb25-V75,MATRIX_BIN_037_Nb87_V12,-0.1641498752854959,3.07696301,2.61019026,0.086073827,5.0,0.0269752243651442,1.6036,0.009748846085563,-0.4224,Nb25-V75,0.0,0.0,0.75,0.25,MATRIX_BIN_037_Nb87_V12,0.0,0.0,0.0,0.0,0.0,0.0,0.875,0.0,0.0,0.125,0.0,0.0,0.0
Nb25-V75,MATRIX_BIN_038_Mo12_Ta87,-0.1644351932091072,3.07696301,2.609440574,-0.021898875,5.125,0.0156705067050018,1.5792000000000002,0.2144746138823893,-0.8448,Nb25-V75,0.0,0.0,0.75,0.25,MATRIX_BIN_038_Mo12_Ta87,0.0,0.0,0.0,0.0,0.0,0.125,0.0,0.875,0.0,0.0,0.0,0.0,0.0
Nb25-V75,MATRIX_BIN_039_Mo25_Ta75,0.059301589143125964,3.07696301,3.265007474,-0.045341345,5.25,0.0210127480987559,1.665,0.2857883832488648,-1.5,Nb25-V75,0.0,0.0,0.75,0.25,MATRIX_BIN_039_Mo25_Ta75,0.0,0.0,0.0,0.0,0.0,0.25,0.0,0.75,0.0,0.0,0.0,0.0,0.0
Nb25-V75,MATRIX_BIN_040_Mo50_Ta50,0.274658564846991,3.07696301,4.056611707,-0.115010835,5.5,0.0245614035087719,1.83,0.33,-2.0,Nb25-V75,0.0,0.0,0.75,0.25,MATRIX_BIN_040_Mo50_Ta50,0.0,0.0,0.0,0.0,0.0,0.5,0.0,0.5,0.0,0.0,0.0,0.0,0.0
Nb25-V75,MATRIX_BIN_041_Mo75_Ta25,0.03407687989365997,3.07696301,3.183633813,-0.13445637,5.75,0.0215352675896663,1.995,0.2857883832488648,-1.5,Nb25-V75,0.0,0.0,0.75,0.25,MATRIX_BIN_041_Mo75_Ta25,0.0,0.0,0.0,0.0,0.0,0.75,0.0,0.25,0.0,0.0,0.0,0.0,0.0
Nb25-V75,MATRIX_BIN_042_Mo87_Ta12,-0.20119540701565,3.07696301,2.514476987,-0.10635318,5.875,0.0162666672861703,2.0808,0.2144746138823893,-0.8448,Nb25-V75,0.0,0.0,0.75,0.25,MATRIX_BIN_042_Mo87_Ta12,0.0,0.0,0.0,0.0,0.0,0.875,0.0,0.125,0.0,0.0,0.0,0.0,0.0
Nb25-V75,MATRIX_BIN_043_Mo12_W87,-0.20081167918981294,3.07696301,2.515451896,-0.03228228,6.0,0.0,2.336,0.0649923072370876,-0.4224,Nb25-V75,0.0,0.0,0.75,0.25,MATRIX_BIN_043_Mo12_W87,0.0,0.0,0.0,0.0,0.0,0.125,0.0,0.0,0.875,0.0,0.0,0.0,0.0
Nb25-V75,MATRIX_BIN_044_Mo25_W75,0.028821473971820832,3.07696301,3.166942287,-0.031021756,6.0,0.0,2.31,0.0866025403784437,-0.75,Nb25-V75,0.0,0.0,0.75,0.25,MATRIX_BIN_044_Mo25_W75,0.0,0.0,0.0,0.0,0.0,0.25,0.0,0.0,0.75,0.0,0.0,0.0,0.0
Nb25-V75,MATRIX_BIN_045_Mo50_W50,0.2569657367759149,3.07696301,3.984201707,-0.031400886,6.0,0.0,2.26,0.0999999999999998,-1.0,Nb25-V75,0.0,0.0,0.75,0.25,MATRIX_BIN_045_Mo50_W50,0.0,0.0,0.0,0.0,0.0,0.5,0.0,0.0,0.5,0.0,0.0,0.0,0.0
Nb25-V75,MATRIX_BIN_046_Mo75_W25,0.025858943621264962,3.07696301,3.157572258,-0.029765179,6.0,0.0,2.21,0.0866025403784437,-0.75,Nb25-V75,0.0,0.0,0.75,0.25,MATRIX_BIN_046_Mo75_W25,0.0,0.0,0.0,0.0,0.0,0.75,0.0,0.0,0.25,0.0,0.0,0.0,0.0
Nb25-V75,MATRIX_BIN_047_Mo87_W12,-0.2053309942500773,3.07696301,2.503991537,-0.029998622,6.0,0.0,2.184,0.0649923072370876,-0.4224,Nb25-V75,0.0,0.0,0.75,0.25,MATRIX_BIN_047_Mo87_W12,0.0,0.0,0.0,0.0,0.0,0.875,0.0,0.0,0.125,0.0,0.0,0.0,0.0
Nb25-V75,MATRIX_BIN_048_Mo12_V87,-0.2541888204041703,3.07696301,2.383028597,-0.006338223,5.125,0.0120713795016878,1.6936,0.1722296141782824,-0.4224,Nb25-V75,0.0,0.0,0.75,0.25,MATRIX_BIN_048_Mo12_V87,0.0,0.0,0.0,0.0,0.0,0.125,0.0,0.0,0.0,0.875,0.0,0.0,0.0
Nb25-V75,MATRIX_BIN_049_Mo25_V75,-0.017642548365821163,3.07696301,3.023152221,-0.037424369,5.25,0.0160078632862187,1.7625,0.2294967320028763,-0.75,Nb25-V75,0.0,0.0,0.75,0.25,MATRIX_BIN_049_Mo25_V75,0.0,0.0,0.0,0.0,0.0,0.25,0.0,0.0,0.0,0.75,0.0,0.0,0.0
Nb25-V75,MATRIX_BIN_050_Mo50_V50,0.2261525181222926,3.07696301,3.861543353,-0.097449414,5.5,0.0183150183150182,1.895,0.2650000000000001,-1.0,Nb25-V75,0.0,0.0,0.75,0.25,MATRIX_BIN_050_Mo50_V50,0.0,0.0,0.0,0.0,0.0,0.5,0.0,0.0,0.0,0.5,0.0,0.0,0.0
Nb25-V75,MATRIX_BIN_051_Mo75_V25,0.009877859738006717,3.07696301,3.107507677,-0.114008179,5.75,0.0157173394516231,2.0275,0.2294967320028763,-0.75,Nb25-V75,0.0,0.0,0.75,0.25,MATRIX_BIN_051_Mo75_V25,0.0,0.0,0.0,0.0,0.0,0.75,0.0,0.0,0.0,0.25,0.0,0.0,0.0
Nb25-V75,MATRIX_BIN_052_Mo87_V12,-0.21307869094464302,3.07696301,2.484453351,-0.088360288,5.875,0.0117399398910924,2.0964,0.1722296141782824,-0.4224,Nb25-V75,0.0,0.0,0.75,0.25,MATRIX_BIN_052_Mo87_V12,0.0,0.0,0.0,0.0,0.0,0.875,0.0,0.0,0.0,0.125,0.0,0.0,0.0
Nb25-V75,MATRIX_BIN_053_Ta12_W87,-0.19574577729626969,3.07696301,2.528354403,-0.093051999,5.875,0.0162666672861703,2.2568,0.279466921119477,-0.4224,Nb25-V75,0.0,0.0,0.75,0.25,MATRIX_BIN_053_Ta12_W87,0.0,0.0,0.0,0.0,0.0,0.0,0.0,0.125,0.875,0.0,0.0,0.0,0.0
Nb25-V75,MATRIX_BIN_054_Ta25_W75,0.038513074041171345,3.07696301,3.197793083,-0.107372831,5.75,0.0215352675896663,2.145,0.3723909236273086,-0.75,Nb25-V75,0.0,0.0,0.75,0.25,MATRIX_BIN_054_Ta25_W75,0.0,0.0,0.0,0.0,0.0,0.0,0.0,0.25,0.75,0.0,0.0,0.0,0.0
Nb25-V75,MATRIX_BIN_055_Ta50_W50,0.2774899659627827,3.07696301,4.068337625,-0.070797609,5.5,0.0245614035087719,1.93,0.4299999999999999,-1.0,Nb25-V75,0.0,0.0,0.75,0.25,MATRIX_BIN_055_Ta50_W50,0.0,0.0,0.0,0.0,0.0,0.0,0.0,0.5,0.5,0.0,0.0,0.0,0.0
Nb25-V75,MATRIX_BIN_056_Ta75_W25,0.06039781629510227,3.07696301,3.268591838,-0.021707099,5.25,0.0210127480987559,1.715,0.3723909236273086,-0.75,Nb25-V75,0.0,0.0,0.75,0.25,MATRIX_BIN_056_Ta75_W25,0.0,0.0,0.0,0.0,0.0,0.0,0.0,0.75,0.25,0.0,0.0,0.0,0.0
Nb25-V75,MATRIX_BIN_057_Ta87_W12,-0.1639384055665841,3.07696301,2.610746034,-0.005622646,5.125,0.0156705067050018,1.6032,0.279466921119477,-0.4224,Nb25-V75,0.0,0.0,0.75,0.25,MATRIX_BIN_057_Ta87_W12,0.0,0.0,0.0,0.0,0.0,0.0,0.0,0.875,0.125,0.0,0.0,0.0,0.0
Nb25-V75,MATRIX_BIN_058_Ta12_V87,-0.24478723738063543,3.07696301,2.405896049,0.06873568,5.0,0.0287916304948704,1.6143999999999998,0.0422449997041069,0.0,Nb25-V75,0.0,0.0,0.75,0.25,MATRIX_BIN_058_Ta12_V87,0.0,0.0,0.0,0.0,0.0,0.0,0.0,0.125,0.0,0.875,0.0,0.0,0.0
Nb25-V75,MATRIX_BIN_059_Ta25_V75,0.0009991479784987242,3.07696301,3.080038888,0.103170482,5.0,0.0379281198737709,1.5975,0.0562916512459884,0.0,Nb25-V75,0.0,0.0,0.75,0.25,MATRIX_BIN_059_Ta25_V75,0.0,0.0,0.0,0.0,0.0,0.0,0.0,0.25,0.0,0.75,0.0,0.0,0.0
Nb25-V75,MATRIX_BIN_060_Ta50_V50,0.25893215909859096,3.07696301,3.992176831,0.118279576,5.0,0.0428571428571428,1.565,0.0649999999999999,0.0,Nb25-V75,0.0,0.0,0.75,0.25,MATRIX_BIN_060_Ta50_V50,0.0,0.0,0.0,0.0,0.0,0.0,0.0,0.5,0.0,0.5,0.0,0.0,0.0
Nb25-V75,MATRIX_BIN_061_Ta75_V25,0.05292734187547547,3.07696301,3.244245389,0.083356798,5.0,0.0363367302287176,1.5325,0.0562916512459884,0.0,Nb25-V75,0.0,0.0,0.75,0.25,MATRIX_BIN_061_Ta75_V25,0.0,0.0,0.0,0.0,0.0,0.0,0.0,0.75,0.0,0.25,0.0,0.0,0.0
Nb25-V75,MATRIX_BIN_062_Ta87_V12,-0.16743701191587426,3.07696301,2.601565119,0.048231505,5.0,0.0269752243651442,1.5156,0.0422449997041069,0.0,Nb25-V75,0.0,0.0,0.75,0.25,MATRIX_BIN_062_Ta87_V12,0.0,0.0,0.0,0.0,0.0,0.0,0.0,0.875,0.0,0.125,0.0,0.0,0.0
Nb25-V75,MATRIX_BIN_063_W12_V87,-0.2527202743383577,3.07696301,2.38658796,0.007573578,5.125,0.0120713795016878,1.7175999999999998,0.23722192141537,0.0,Nb25-V75,0.0,0.0,0.75,0.25,MATRIX_BIN_063_W12_V87,0.0,0.0,0.0,0.0,0.0,0.0,0.0,0.0,0.125,0.875,0.0,0.0,0.0
Nb25-V75,MATRIX_BIN_064_W25_V75,-0.014560110335451208,3.07696301,3.032485885,-0.010397496,5.25,0.0160078632862187,1.8125,0.3160992723813201,0.0,Nb25-V75,0.0,0.0,0.75,0.25,MATRIX_BIN_064_W25_V75,0.0,0.0,0.0,0.0,0.0,0.0,0.0,0.0,0.25,0.75,0.0,0.0,0.0
Nb25-V75,MATRIX_BIN_065_W50_V50,0.23130521036450838,3.07696301,3.881757122,-0.05491275,5.5,0.0183150183150182,1.995,0.365,0.0,Nb25-V75,0.0,0.0,0.75,0.25,MATRIX_BIN_065_W50_V50,0.0,0.0,0.0,0.0,0.0,0.0,0.0,0.0,0.5,0.5,0.0,0.0,0.0
Nb25-V75,MATRIX_BIN_066_W75_V25,0.01616373720122305,3.07696301,3.12710346,-0.09208095,5.75,0.0157173394516231,2.1775,0.3160992723813201,0.0,Nb25-V75,0.0,0.0,0.75,0.25,MATRIX_BIN_066_W75_V25,0.0,0.0,0.0,0.0,0.0,0.0,0.0,0.0,0.75,0.25,0.0,0.0,0.0
Nb25-V75,MATRIX_BIN_067_W87_V12,-0.20683413179325968,3.07696301,2.50019019,-0.084931073,5.875,0.0117399398910924,2.2724,0.23722192141537,0.0,Nb25-V75,0.0,0.0,0.75,0.25,MATRIX_BIN_067_W87_V12,0.0,0.0,0.0,0.0,0.0,0.0,0.0,0.0,0.875,0.125,0.0,0.0,0.0
Nb25-V75,MATRIX_TERN_068_Nb33_Mo33_Ta33,0.1906995751791649,3.07696301,3.725584467,-0.065262171,5.333333333,0.0229686657461987,1.7533333333333334,0.2904402788105596,-2.2222222222222228,Nb25-V75,0.0,0.0,0.75,0.25,MATRIX_TERN_068_Nb33_Mo33_Ta33,0.0,0.0,0.0,0.0,0.0,0.333333333,0.333333333,0.333333333,0.0,0.0,0.0,0.0,0.0
Nb25-V75,MATRIX_TERN_069_Nb33_Mo33_W33,0.17709966090919407,3.07696301,3.674833441,-0.049686914,5.666666667,0.0233478654165369,2.0400000000000005,0.3216623488483951,-2.2222222222222223,Nb25-V75,0.0,0.0,0.75,0.25,MATRIX_TERN_069_Nb33_Mo33_W33,0.0,0.0,0.0,0.0,0.0,0.333333333,0.333333333,0.0,0.333333333,0.0,0.0,0.0,0.0
Nb25-V75,MATRIX_TERN_070_Nb33_Mo33_V33,0.16046390016106696,3.07696301,3.613773878,-0.013214523,5.333333333,0.0352382411938744,1.7966666666666669,0.2572072229848058,-1.777777777777778,Nb25-V75,0.0,0.0,0.75,0.25,MATRIX_TERN_070_Nb33_Mo33_V33,0.0,0.0,0.0,0.0,0.0,0.333333333,0.333333333,0.0,0.0,0.333333333,0.0,0.0,0.0
Nb25-V75,MATRIX_TERN_071_Nb33_Ta33_W33,0.191955666440925,3.07696301,3.730310358,-0.031019427,5.333333333,0.0229686657461987,1.82,0.3840138886377244,-1.777777777777778,Nb25-V75,0.0,0.0,0.75,0.25,MATRIX_TERN_071_Nb33_Ta33_W33,0.0,0.0,0.0,0.0,0.0,0.0,0.333333333,0.333333333,0.333333333,0.0,0.0,0.0,0.0
Nb25-V75,MATRIX_TERN_072_Nb33_Ta33_V33,0.1798658871885792,3.07696301,3.685094771,0.08652521,5.0,0.0398370017569885,1.5766666666666669,0.0555777733351102,-0.8888888888888891,Nb25-V75,0.0,0.0,0.75,0.25,MATRIX_TERN_072_Nb33_Ta33_V33,0.0,0.0,0.0,0.0,0.0,0.0,0.333333333,0.333333333,0.0,0.333333333,0.0,0.0,0.0
Nb25-V75,MATRIX_TERN_073_Nb33_W33_V33,0.16281756317512558,3.07696301,3.622345558,0.018775382,5.333333333,0.0352382411938744,1.8633333333333333,0.351409858838492,-1.3333333333333337,Nb25-V75,0.0,0.0,0.75,0.25,MATRIX_TERN_073_Nb33_W33_V33,0.0,0.0,0.0,0.0,0.0,0.0,0.333333333,0.0,0.333333333,0.333333333,0.0,0.0,0.0
Nb25-V75,MATRIX_TERN_074_Mo33_Ta33_W33,0.17532245274460645,3.07696301,3.668257294,-0.093088097,5.666666667,0.0233478654165369,2.006666666666667,0.3674537007872178,-1.777777777777778,Nb25-V75,0.0,0.0,0.75,0.25,MATRIX_TERN_074_Mo33_Ta33_W33,0.0,0.0,0.0,0.0,0.0,0.333333333,0.0,0.333333333,0.333333333,0.0,0.0,0.0,0.0
Nb25-V75,MATRIX_TERN_075_Mo33_Ta33_V33,0.15876610264549834,3.07696301,3.607604365,-0.042224622,5.333333333,0.0352382411938744,1.7633333333333336,0.2854625875467553,-1.3333333333333337,Nb25-V75,0.0,0.0,0.75,0.25,MATRIX_TERN_075_Mo33_Ta33_V33,0.0,0.0,0.0,0.0,0.0,0.333333333,0.0,0.333333333,0.0,0.333333333,0.0,0.0,0.0
Nb25-V75,MATRIX_TERN_076_Mo33_W33_V33,0.14383708103073836,3.07696301,3.553840738,-0.074437179,5.666666667,0.0171627859511297,2.0500000000000003,0.3080043289739069,-0.8888888888888891,Nb25-V75,0.0,0.0,0.75,0.25,MATRIX_TERN_076_Mo33_W33_V33,0.0,0.0,0.0,0.0,0.0,0.333333333,0.0,0.0,0.333333333,0.333333333,0.0,0.0,0.0
Nb25-V75,MATRIX_TERN_077_Ta33_W33_V33,0.1612084144063097,3.07696301,3.616482912,-0.005449438,5.333333333,0.0352382411938744,1.83,0.3785058343892028,-0.4444444444444445,Nb25-V75,0.0,0.0,0.75,0.25,MATRIX_TERN_077_Ta33_W33_V33,0.0,0.0,0.0,0.0,0.0,0.0,0.0,0.333333333,0.333333333,0.333333333,0.0,0.0,0.0
Nb25-V75,B2_TERN_SOL_078_Ru_Hf87_Nb12,-0.1826412276922407,3.07696301,2.562008656,-1.091011246,6.0625,0.079929319846275,1.7680000000000002,0.4374654272053965,-14.1168,Nb25-V75,0.0,0.0,0.75,0.25,B2_TERN_SOL_078_Ru_Hf87_Nb12,0.5,0.4375,0.0,0.0,0.0,0.0,0.0625,0.0,0.0,0.0,0.0,0.0,0.0
Nb25-V75,B2_TERN_SOL_079_Ru_Hf75_Nb25,0.04579096249682433,3.07696301,3.221161604,-0.990479496,6.125,0.0772310128363896,1.786,0.4237971212738473,-13.1472,Nb25-V75,0.0,0.0,0.75,0.25,B2_TERN_SOL_079_Ru_Hf75_Nb25,0.5,0.375,0.0,0.0,0.0,0.0,0.125,0.0,0.0,0.0,0.0,0.0,0.0
Nb25-V75,B2_TERN_SOL_080_Ru_Hf87_Mo12,-0.18559127912996684,3.07696301,2.554397326,-1.011580317,6.125,0.0808002001785193,1.8016,0.4447172584912801,-14.16,Nb25-V75,0.0,0.0,0.75,0.25,B2_TERN_SOL_080_Ru_Hf87_Mo12,0.5,0.4375,0.0,0.0,0.0,0.0625,0.0,0.0,0.0,0.0,0.0,0.0,0.0
Nb25-V75,B2_TERN_SOL_081_Ru_Hf75_Mo25,0.03924262100765003,3.07696301,3.200127757,-0.833822359,6.25,0.0785362630419332,1.8532,0.4332686926146408,-13.32,Nb25-V75,0.0,0.0,0.75,0.25,B2_TERN_SOL_081_Ru_Hf75_Mo25,0.5,0.375,0.0,0.0,0.0,0.125,0.0,0.0,0.0,0.0,0.0,0.0,0.0
Nb25-V75,B2_TERN_SOL_082_Ru_Hf87_Ta12,-0.18330431940148056,3.07696301,2.560296043,-1.113680888,6.0625,0.079929319846275,1.7620000000000002,0.4404043596514458,-13.68,Nb25-V75,0.0,0.0,0.75,0.25,B2_TERN_SOL_082_Ru_Hf87_Ta12,0.5,0.4375,0.0,0.0,0.0,0.0,0.0,0.0625,0.0,0.0,0.0,0.0,0.0
Nb25-V75,B2_TERN_SOL_083_Ru_Hf75_Ta25,0.04436309043987751,3.07696301,3.216563145,-1.032519678,6.125,0.0772310128363896,1.774,0.4302603862778911,-12.36,Nb25-V75,0.0,0.0,0.75,0.25,B2_TERN_SOL_083_Ru_Hf75_Ta25,0.5,0.375,0.0,0.0,0.0,0.0,0.0,0.125,0.0,0.0,0.0,0.0,0.0
Nb25-V75,B2_TERN_SOL_084_Ru_Hf87_W12,-0.18561038133002686,3.07696301,2.554348108,-1.017173511,6.125,0.0808002001785193,1.8136,0.4567614694783263,-13.92,Nb25-V75,0.0,0.0,0.75,0.25,B2_TERN_SOL_084_Ru_Hf87_W12,0.5,0.4375,0.0,0.0,0.0,0.0,0.0,0.0,0.0625,0.0,0.0,0.0,0.0
Nb25-V75,B2_TERN_SOL_085_Ru_Hf75_W25,0.03948181950681734,3.07696301,3.200893611,-0.836868509,6.25,0.0785362630419332,1.8772,0.4546120983871855,-12.84,Nb25-V75,0.0,0.0,0.75,0.25,B2_TERN_SOL_085_Ru_Hf75_W25,0.5,0.375,0.0,0.0,0.0,0.0,0.0,0.0,0.125,0.0,0.0,0.0,0.0
Nb25-V75,B2_TERN_SOL_086_Ru_Hf87_V12,-0.18886683176526603,3.07696301,2.545970218,-1.063735031,6.0625,0.0824106716944606,1.7698,0.4368317296167943,-13.44,Nb25-V75,0.0,0.0,0.75,0.25,B2_TERN_SOL_086_Ru_Hf87_V12,0.5,0.4375,0.0,0.0,0.0,0.0,0.0,0.0,0.0,0.0625,0.0,0.0,0.0
Nb25-V75,B2_TERN_SOL_087_Ru_Hf75_V25,0.03319075657647251,3.07696301,3.180813173,-0.946727169,6.125,0.0813951555025931,1.7896,0.4223266981851847,-11.88,Nb25-V75,0.0,0.0,0.75,0.25,B2_TERN_SOL_087_Ru_Hf75_V25,0.5,0.375,0.0,0.0,0.0,0.0,0.0,0.0,0.0,0.125,0.0,0.0,0.0
Nb25-V75,B2_TERN_SOL_088_Ru_Ti87_Nb12,-0.22601865534249752,3.07696301,2.452124543,-0.983188993,6.0625,0.04588506177003,1.8736,0.3266910467092724,-9.6112,Nb25-V75,0.0,0.0,0.75,0.25,B2_TERN_SOL_088_Ru_Ti87_Nb12,0.5,0.0,0.4375,0.0,0.0,0.0,0.0625,0.0,0.0,0.0,0.0,0.0,0.0
Nb25-V75,B2_TERN_SOL_089_Ru_Ti75_Nb25,0.00839546131241862,3.07696301,3.102904429,-0.903188944,6.125,0.0454989552387946,1.8772,0.3233081502220444,-9.1648,Nb25-V75,0.0,0.0,0.75,0.25,B2_TERN_SOL_089_Ru_Ti75_Nb25,0.5,0.0,0.375,0.0,0.0,0.0,0.125,0.0,0.0,0.0,0.0,0.0,0.0
Nb25-V75,B2_TERN_SOL_090_Ru_Ti87_Mo12,-0.2296903669318719,3.07696301,2.443019595,-0.92145562,6.125,0.0449536510398423,1.9072,0.3256196554263886,-9.760000000000002,Nb25-V75,0.0,0.0,0.75,0.25,B2_TERN_SOL_090_Ru_Ti87_Mo12,0.5,0.0,0.4375,0.0,0.0,0.0625,0.0,0.0,0.0,0.0,0.0,0.0,0.0
Nb25-V75,B2_TERN_SOL_091_Ru_Ti75_Mo25,0.0022474149217146227,3.07696301,3.083886002,-0.762838311,6.25,0.0433128345312989,1.9444,0.3168416639269527,-9.52,Nb25-V75,0.0,0.0,0.75,0.25,B2_TERN_SOL_091_Ru_Ti75_Mo25,0.5,0.0,0.375,0.0,0.0,0.125,0.0,0.0,0.0,0.0,0.0,0.0,0.0
Nb25-V75,B2_TERN_SOL_092_Ru_Ti87_Ta12,-0.22666475363206032,3.07696301,2.4505202,-1.012091649,6.0625,0.04588506177003,1.8676,0.3325270515311499,-9.28,Nb25-V75,0.0,0.0,0.75,0.25,B2_TERN_SOL_092_Ru_Ti87_Ta12,0.5,0.0,0.4375,0.0,0.0,0.0,0.0,0.0625,0.0,0.0,0.0,0.0,0.0
Nb25-V75,B2_TERN_SOL_093_Ru_Ti75_Ta25,0.007071305286074249,3.07696301,3.098798357,-0.958150623,6.125,0.0454989552387946,1.8652,0.3350178502706983,-8.559999999999999,Nb25-V75,0.0,0.0,0.75,0.25,B2_TERN_SOL_093_Ru_Ti75_Ta25,0.5,0.0,0.375,0.0,0.0,0.0,0.0,0.125,0.0,0.0,0.0,0.0,0.0
Nb25-V75,B2_TERN_SOL_094_Ru_Ti87_W12,-0.22938836866992762,3.07696301,2.443767345,-0.933472753,6.125,0.0449536510398423,1.9192,0.338158779273879,-9.52,Nb25-V75,0.0,0.0,0.75,0.25,B2_TERN_SOL_094_Ru_Ti87_W12,0.5,0.0,0.4375,0.0,0.0,0.0,0.0,0.0,0.0625,0.0,0.0,0.0,0.0
Nb25-V75,B2_TERN_SOL_095_Ru_Ti75_W25,0.001696012545104404,3.07696301,3.082186007,-0.789613358,6.25,0.0433128345312989,1.9684,0.3390596407713546,-9.04,Nb25-V75,0.0,0.0,0.75,0.25,B2_TERN_SOL_095_Ru_Ti75_W25,0.5,0.0,0.375,0.0,0.0,0.0,0.0,0.0,0.125,0.0,0.0,0.0,0.0
Nb25-V75,B2_TERN_SOL_096_Ru_Ti87_V12,-0.2339061694942167,3.07696301,2.432602346,-0.982724607,6.0625,0.0461854444311139,1.8754,0.3252581128888256,-9.04,Nb25-V75,0.0,0.0,0.75,0.25,B2_TERN_SOL_096_Ru_Ti87_V12,0.5,0.0,0.4375,0.0,0.0,0.0,0.0,0.0,0.0,0.0625,0.0,0.0,0.0
Nb25-V75,B2_TERN_SOL_097_Ru_Ti75_V25,-0.007164623396733692,3.07696301,3.05499642,-0.905306641,6.125,0.0454154582679287,1.8808,0.3203550530271062,-8.08,Nb25-V75,0.0,0.0,0.75,0.25,B2_TERN_SOL_097_Ru_Ti75_V25,0.5,0.0,0.375,0.0,0.0,0.0,0.0,0.0,0.0,0.125,0.0,0.0,0.0
Nb25-V75,B2_TERN_SOL_098_Ru_Zr87_Nb12,-0.17288549118194127,3.07696301,2.587326291,-0.890146496,6.0625,0.0860586382926536,1.7812,0.423370476060861,-16.756800000000002,Nb25-V75,0.0,0.0,0.75,0.25,B2_TERN_SOL_098_Ru_Zr87_Nb12,0.5,0.0,0.0,0.4375,0.0,0.0,0.0625,0.0,0.0,0.0,0.0,0.0,0.0
Nb25-V75,B2_TERN_SOL_099_Ru_Zr75_Nb25,0.05429204771395492,3.07696301,3.24867904,-0.818094975,6.125,0.0831528643327092,1.7974,0.4107739524361301,-15.4272,Nb25-V75,0.0,0.0,0.75,0.25,B2_TERN_SOL_099_Ru_Zr75_Nb25,0.5,0.0,0.0,0.375,0.0,0.0,0.125,0.0,0.0,0.0,0.0,0.0,0.0
Nb25-V75,B2_TERN_SOL_100_Ru_Zr87_Mo12,-0.1760349834367085,3.07696301,2.579128061,-0.806967569,6.125,0.0870934949098326,1.8148,0.4298289892503762,-16.8,Nb25-V75,0.0,0.0,0.75,0.25,B2_TERN_SOL_100_Ru_Zr87_Mo12,0.5,0.0,0.0,0.4375,0.0,0.0625,0.0,0.0,0.0,0.0,0.0,0.0,0.0
Nb25-V75,B2_TERN_SOL_101_Ru_Zr75_Mo25,0.04783476126116556,3.07696301,3.227755359,-0.655458039,6.25,0.084783177312234,1.8646000000000005,0.4187133148109814,-15.6,Nb25-V75,0.0,0.0,0.75,0.25,B2_TERN_SOL_101_Ru_Zr75_Mo25,0.5,0.0,0.0,0.375,0.0,0.125,0.0,0.0,0.0,0.0,0.0,0.0,0.0
Nb25-V75,B2_TERN_SOL_102_Ru_Zr87_Ta12,-0.17354752900071546,3.07696301,2.585601013,-0.911972703,6.0625,0.0860586382926536,1.7752,0.4265922643461787,-16.32,Nb25-V75,0.0,0.0,0.75,0.25,B2_TERN_SOL_102_Ru_Zr87_Ta12,0.5,0.0,0.0,0.4375,0.0,0.0,0.0,0.0625,0.0,0.0,0.0,0.0,0.0
Nb25-V75,B2_TERN_SOL_103_Ru_Zr75_Ta25,0.053004817162224806,3.07696301,3.244496924,-0.863325979,6.125,0.0831528643327091,1.7854,0.4177664898002233,-14.64,Nb25-V75,0.0,0.0,0.75,0.25,B2_TERN_SOL_103_Ru_Zr75_Ta25,0.5,0.0,0.0,0.375,0.0,0.0,0.0,0.125,0.0,0.0,0.0,0.0,0.0
Nb25-V75,B2_TERN_SOL_104_Ru_Zr87_W12,-0.17589379882455433,3.07696301,2.579495061,-0.814514579,6.125,0.0870934949098326,1.8268,0.4419205358432667,-16.56,Nb25-V75,0.0,0.0,0.75,0.25,B2_TERN_SOL_104_Ru_Zr87_W12,0.5,0.0,0.0,0.4375,0.0,0.0,0.0,0.0,0.0625,0.0,0.0,0.0,0.0
Nb25-V75,B2_TERN_SOL_105_Ru_Zr75_W25,0.04835220567089977,3.07696301,3.229426942,-0.661370427,6.25,0.084783177312234,1.8886,0.4401409319752027,-15.12,Nb25-V75,0.0,0.0,0.75,0.25,B2_TERN_SOL_105_Ru_Zr75_W25,0.5,0.0,0.0,0.375,0.0,0.0,0.0,0.0,0.125,0.0,0.0,0.0,0.0
Nb25-V75,B2_TERN_SOL_106_Ru_Zr87_V12,-0.1787364413849275,3.07696301,2.572114963,-0.856520623,6.0625,0.0887380403728719,1.783,0.4226594373724548,-16.08,Nb25-V75,0.0,0.0,0.75,0.25,B2_TERN_SOL_106_Ru_Zr87_V12,0.5,0.0,0.0,0.4375,0.0,0.0,0.0,0.0,0.0,0.0625,0.0,0.0,0.0
Nb25-V75,B2_TERN_SOL_107_Ru_Zr75_V25,0.04181663157866305,3.07696301,3.208378924,-0.759667971,6.125,0.0877123126458997,1.8010000000000002,0.4091564492953766,-14.16,Nb25-V75,0.0,0.0,0.75,0.25,B2_TERN_SOL_107_Ru_Zr75_V25,0.5,0.0,0.0,0.375,0.0,0.0,0.0,0.0,0.0,0.125,0.0,0.0,0.0
Nb25-V75,B2_PENALTY_108_Ru100Al0_Hf,0.5012443257446962,3.07696301,5.135083991,-1.187745448,6.0,0.0821917808219178,1.75,0.45,-15.0,Nb25-V75,0.0,0.0,0.75,0.25,B2_PENALTY_108_Ru100Al0_Hf,0.5,0.5,0.0,0.0,0.0,0.0,0.0,0.0,0.0,0.0,0.0,0.0,0.0
Nb25-V75,B2_PENALTY_109_Ru87Al12_Hf,-0.17608606331055449,3.07696301,2.578995294,-1.06443911,5.6875,0.0794670531912796,1.7146,0.4362027510229618,-15.312,Nb25-V75,0.0,0.0,0.75,0.25,B2_PENALTY_109_Ru87Al12_Hf,0.4375,0.5,0.0,0.0,0.0625,0.0,0.0,0.0,0.0,0.0,0.0,0.0,0.0
Nb25-V75,B2_PENALTY_110_Ru75Al25_Hf,0.05922920282939401,3.07696301,3.264770933,-0.95574225,5.375,0.0765104674756606,1.6792000000000002,0.4189741758151689,-15.048,Nb25-V75,0.0,0.0,0.75,0.25,B2_PENALTY_110_Ru75Al25_Hf,0.375,0.5,0.0,0.0,0.125,0.0,0.0,0.0,0.0,0.0,0.0,0.0,0.0
Nb25-V75,B2_PENALTY_111_Ru62Al37_Hf,-0.16649384264064043,3.07696301,2.60403723,-0.842813539,5.0625,0.072734714189907,1.6379,0.3939322149812072,-14.012,Nb25-V75,0.0,0.0,0.75,0.25,B2_PENALTY_111_Ru62Al37_Hf,0.3125,0.5,0.0,0.0,0.1875,0.0,0.0,0.0,0.0,0.0,0.0,0.0,0.0
Nb25-V75,B2_PENALTY_112_Ru50Al50_Hf,0.2975902091004028,3.07696301,4.152701731,-0.729649314,4.75,0.0691810843061248,1.6025,0.3674489760497368,-12.5,Nb25-V75,0.0,0.0,0.75,0.25,B2_PENALTY_112_Ru50Al50_Hf,0.25,0.5,0.0,0.0,0.25,0.0,0.0,0.0,0.0,0.0,0.0,0.0,0.0
Nb25-V75,B2_PENALTY_113_Ru87Cr12_Hf,-0.18245006167736005,3.07696301,2.562502587,-1.035615577,5.875,0.0853931303142513,1.7176,0.4356446258132884,-12.672,Nb25-V75,0.0,0.0,0.75,0.25,B2_PENALTY_113_Ru87Cr12_Hf,0.4375,0.5,0.0,0.0,0.0,0.0,0.0,0.0,0.0,0.0,0.0625,0.0,0.0
Nb25-V75,B2_PENALTY_114_Ru75Cr25_Hf,0.047112829481512575,3.07696301,3.225424668,-0.878162691,5.75,0.0884389348964152,1.6852000000000005,0.4182976930369089,-10.488,Nb25-V75,0.0,0.0,0.75,0.25,B2_PENALTY_114_Ru75Cr25_Hf,0.375,0.5,0.0,0.0,0.0,0.0,0.0,0.0,0.0,0.0,0.125,0.0,0.0
Nb25-V75,B2_PENALTY_115_Ru62Cr37_Hf,-0.1846888652238555,3.07696301,2.556723432,-0.716377173,5.625,0.0918154837201231,1.6474000000000002,0.3937476857074846,-8.122,Nb25-V75,0.0,0.0,0.75,0.25,B2_PENALTY_115_Ru62Cr37_Hf,0.3125,0.5,0.0,0.0,0.0,0.0,0.0,0.0,0.0,0.0,0.1875,0.0,0.0
Nb25-V75,B2_PENALTY_116_Ru50Cr50_Hf,0.2739219273988571,3.07696301,4.053567315,-0.552796357,5.5,0.09457197487001,1.615,0.3683408747342603,-6.25,Nb25-V75,0.0,0.0,0.75,0.25,B2_PENALTY_116_Ru50Cr50_Hf,0.25,0.5,0.0,0.0,0.0,0.0,0.0,0.0,0.0,0.0,0.25,0.0,0.0
Nb25-V75,B2_PENALTY_117_Ru87Cu12_Hf,-0.1797693437651951,3.07696301,2.569438099,-1.045192975,6.1875,0.0853931303142513,1.7320000000000002,0.4374654272053965,-14.4672,Nb25-V75,0.0,0.0,0.75,0.25,B2_PENALTY_117_Ru87Cu12_Hf,0.4375,0.5,0.0,0.0,0.0,0.0,0.0,0.0,0.0,0.0,0.0,0.0625,0.0
Nb25-V75,B2_PENALTY_118_Ru75Cu25_Hf,0.050465116082214594,3.07696301,3.236261822,-0.923389889,6.375,0.0884389348964152,1.7140000000000002,0.4237971212738473,-13.5888,Nb25-V75,0.0,0.0,0.75,0.25,B2_PENALTY_118_Ru75Cu25_Hf,0.375,0.5,0.0,0.0,0.0,0.0,0.0,0.0,0.0,0.0,0.0,0.125,0.0
Nb25-V75,B2_PENALTY_119_Ru62Cu37_Hf,-0.18021847084427908,3.07696301,2.568274935,-0.799684359,6.5625,0.0918154837201231,1.693,0.4062646920420233,-12.1272,Nb25-V75,0.0,0.0,0.75,0.25,B2_PENALTY_119_Ru62Cu37_Hf,0.3125,0.5,0.0,0.0,0.0,0.0,0.0,0.0,0.0,0.0,0.0,0.1875,0.0
Nb25-V75,B2_PENALTY_120_Ru50Cu50_Hf,0.2794988036506695,3.07696301,4.076680397,-0.677358279,6.75,0.09457197487001,1.675,0.3897114317029974,-10.5,Nb25-V75,0.0,0.0,0.75,0.25,B2_PENALTY_120_Ru50Cu50_Hf,0.25,0.5,0.0,0.0,0.0,0.0,0.0,0.0,0.0,0.0,0.0,0.25,0.0
Nb25-V75,B2_PENALTY_121_Ru87Si12_Hf,-0.17794871454063546,3.07696301,2.574158138,-1.089550642,5.75,0.0937602843775687,1.7320000000000002,0.4374654272053965,-12.3552,Nb25-V75,0.0,0.0,0.75,0.25,B2_PENALTY_121_Ru87Si12_Hf,0.4375,0.5,0.0,0.0,0.0,0.0,0.0,0.0,0.0,0.0,0.0,0.0,0.0625
Nb25-V75,B2_PENALTY_122_Ru75Si25_Hf,0.0542100372233731,3.07696301,3.248412429,-1.009713639,5.5,0.1038426921242283,1.7140000000000002,0.4237971212738473,-9.9408,Nb25-V75,0.0,0.0,0.75,0.25,B2_PENALTY_122_Ru75Si25_Hf,0.375,0.5,0.0,0.0,0.0,0.0,0.0,0.0,0.0,0.0,0.0,0.0,0.125
Nb25-V75,B2_PENALTY_123_Ru62Si37_Hf,-0.1744975342472169,3.07696301,2.583127124,-0.920694427,5.25,0.1142356063938751,1.693,0.4062646920420233,-7.4152,Nb25-V75,0.0,0.0,0.75,0.25,B2_PENALTY_123_Ru62Si37_Hf,0.3125,0.5,0.0,0.0,0.0,0.0,0.0,0.0,0.0,0.0,0.0,0.0,0.1875
Nb25-V75,B2_PENALTY_124_Ru50Si50_Hf,0.2869762963993797,3.07696301,4.107906653,-0.838327211,5.0,0.1222287117389678,1.6750000000000005,0.3897114317029974,-5.5,Nb25-V75,0.0,0.0,0.75,0.25,B2_PENALTY_124_Ru50Si50_Hf,0.25,0.5,0.0,0.0,0.0,0.0,0.0,0.0,0.0,0.0,0.0,0.0,0.25
Nb25-V75,B2_PENALTY_125_Ru100Al0_Ti,0.45352880739035495,3.07696301,4.881705796,-1.057956866,6.0,0.0462633451957295,1.87,0.33,-10.0,Nb25-V75,0.0,0.0,0.75,0.25,B2_PENALTY_125_Ru100Al0_Ti,0.5,0.0,0.5,0.0,0.0,0.0,0.0,0.0,0.0,0.0,0.0,0.0,0.0
Nb25-V75,B2_PENALTY_126_Ru87Al12_Ti,-0.2267113876160744,3.07696301,2.450404438,-0.970267174,5.6875,0.0447291357659921,1.8346,0.3242974560492266,-10.912,Nb25-V75,0.0,0.0,0.75,0.25,B2_PENALTY_126_Ru87Al12_Ti,0.4375,0.0,0.5,0.0,0.0625,0.0,0.0,0.0,0.0,0.0,0.0,0.0,0.0
Nb25-V75,B2_PENALTY_127_Ru75Al25_Ti,0.0073607115117223865,3.07696301,3.09969531,-0.88819063,5.375,0.0428259601061415,1.7992,0.3145335594177512,-11.248,Nb25-V75,0.0,0.0,0.75,0.25,B2_PENALTY_127_Ru75Al25_Ti,0.375,0.0,0.5,0.0,0.125,0.0,0.0,0.0,0.0,0.0,0.0,0.0,0.0
Nb25-V75,B2_PENALTY_128_Ru62Al37_Ti,-0.21829532528835854,3.07696301,2.471374896,-0.804440265,5.0625,0.0400790404298587,1.7579,0.2974669561480737,-10.912,Nb25-V75,0.0,0.0,0.75,0.25,B2_PENALTY_128_Ru62Al37_Ti,0.3125,0.0,0.5,0.0,0.1875,0.0,0.0,0.0,0.0,0.0,0.0,0.0,0.0
Nb25-V75,B2_PENALTY_129_Ru50Al50_Ti,0.24587422473772363,3.07696301,3.939553259,-0.713701673,4.75,0.0371922251866817,1.7225,0.2771619562638422,-10.0,Nb25-V75,0.0,0.0,0.75,0.25,B2_PENALTY_129_Ru50Al50_Ti,0.25,0.0,0.5,0.0,0.25,0.0,0.0,0.0,0.0,0.0,0.0,0.0,0.0
Nb25-V75,B2_PENALTY_130_Ru87Cr12_Ti,-0.23317836667300057,3.07696301,2.434397938,-0.94270459,5.875,0.0499298619726951,1.8376,0.3224317602222213,-8.272,Nb25-V75,0.0,0.0,0.75,0.25,B2_PENALTY_130_Ru87Cr12_Ti,0.4375,0.0,0.5,0.0,0.0,0.0,0.0,0.0,0.0,0.0,0.0625,0.0,0.0
Nb25-V75,B2_PENALTY_131_Ru75Cr25_Ti,-0.005054794127549956,3.07696301,3.061448806,-0.80961964,5.75,0.0532543770850372,1.8052,0.3113277372801852,-6.688,Nb25-V75,0.0,0.0,0.75,0.25,B2_PENALTY_131_Ru75Cr25_Ti,0.375,0.0,0.5,0.0,0.0,0.0,0.0,0.0,0.0,0.0,0.125,0.0,0.0
Nb25-V75,B2_PENALTY_132_Ru62Cr37_Ti,-0.23720824156693043,3.07696301,2.424470344,-0.675679922,5.625,0.0567786551293567,1.7674,0.2933619607242902,-5.022,Nb25-V75,0.0,0.0,0.75,0.25,B2_PENALTY_132_Ru62Cr37_Ti,0.3125,0.0,0.5,0.0,0.0,0.0,0.0,0.0,0.0,0.0,0.1875,0.0,0.0
Nb25-V75,B2_PENALTY_133_Ru50Cr50_Ti,0.2205457883638164,3.07696301,3.839681408,-0.538077974,5.5,0.0595429689109598,1.735,0.2729010809799038,-3.75,Nb25-V75,0.0,0.0,0.75,0.25,B2_PENALTY_133_Ru50Cr50_Ti,0.25,0.0,0.5,0.0,0.0,0.0,0.0,0.0,0.0,0.0,0.25,0.0,0.0
Nb25-V75,B2_PENALTY_134_Ru87Cu12_Ti,-0.23038615263078902,3.07696301,2.441297595,-0.919729937,6.1875,0.0499298619726951,1.852,0.3195246469366644,-10.0672,Nb25-V75,0.0,0.0,0.75,0.25,B2_PENALTY_134_Ru87Cu12_Ti,0.4375,0.0,0.5,0.0,0.0,0.0,0.0,0.0,0.0,0.0,0.0,0.0625,0.0
Nb25-V75,B2_PENALTY_135_Ru75Cu25_Ti,-0.000743865939915777,3.07696301,3.074675013,-0.801717189,6.375,0.0532543770850372,1.834,0.3076426498390625,-9.7888,Nb25-V75,0.0,0.0,0.75,0.25,B2_PENALTY_135_Ru75Cu25_Ti,0.375,0.0,0.5,0.0,0.0,0.0,0.0,0.0,0.0,0.0,0.0,0.125,0.0
Nb25-V75,B2_PENALTY_136_Ru62Cu37_Ti,-0.2308396284059752,3.07696301,2.440175866,-0.680640909,6.5625,0.0567786551293567,1.813,0.2917721713940519,-9.0272,Nb25-V75,0.0,0.0,0.75,0.25,B2_PENALTY_136_Ru62Cu37_Ti,0.3125,0.0,0.5,0.0,0.0,0.0,0.0,0.0,0.0,0.0,0.0,0.1875,0.0
Nb25-V75,B2_PENALTY_137_Ru50Cu50_Ti,0.2290111345189852,3.07696301,3.872743044,-0.557797759,6.75,0.0595429689109598,1.7950000000000002,0.2761792895928295,-8.0,Nb25-V75,0.0,0.0,0.75,0.25,B2_PENALTY_137_Ru50Cu50_Ti,0.25,0.0,0.5,0.0,0.0,0.0,0.0,0.0,0.0,0.0,0.0,0.25,0.0
Nb25-V75,B2_PENALTY_138_Ru87Si12_Ti,-0.22935552152377642,3.07696301,2.443848687,-0.989505902,5.75,0.0607546208741894,1.852,0.3195246469366644,-7.9552,Nb25-V75,0.0,0.0,0.75,0.25,B2_PENALTY_138_Ru87Si12_Ti,0.4375,0.0,0.5,0.0,0.0,0.0,0.0,0.0,0.0,0.0,0.0,0.0,0.0625
Nb25-V75,B2_PENALTY_139_Ru75Si25_Ti,0.0016519496960130072,3.07696301,3.0820502,-0.93611645,5.5,0.0719655963958058,1.834,0.3076426498390625,-6.1408,Nb25-V75,0.0,0.0,0.75,0.25,B2_PENALTY_139_Ru75Si25_Ti,0.375,0.0,0.5,0.0,0.0,0.0,0.0,0.0,0.0,0.0,0.0,0.0,0.125
Nb25-V75,B2_PENALTY_140_Ru62Si37_Ti,-0.22749083386139982,3.07696301,2.448470295,-0.869757039,5.25,0.0826499299050591,1.813,0.2917721713940519,-4.3152,Nb25-V75,0.0,0.0,0.75,0.25,B2_PENALTY_140_Ru62Si37_Ti,0.3125,0.0,0.5,0.0,0.0,0.0,0.0,0.0,0.0,0.0,0.0,0.0,0.1875
Nb25-V75,B2_PENALTY_141_Ru50Si50_Ti,0.23350049248288998,3.07696301,3.890404933,-0.808674347,5.0,0.090393746324797,1.795,0.2761792895928295,-3.0,Nb25-V75,0.0,0.0,0.75,0.25,B2_PENALTY_141_Ru50Si50_Ti,0.25,0.0,0.5,0.0,0.0,0.0,0.0,0.0,0.0,0.0,0.0,0.0,0.25
Nb25-V75,B2_PENALTY_142_Ru100Al0_Zr,0.5119896047920643,3.07696301,5.194385147,-0.960777489,6.0,0.0884353741496598,1.765,0.435,-18.0,Nb25-V75,0.0,0.0,0.75,0.25,B2_PENALTY_142_Ru100Al0_Zr,0.5,0.0,0.0,0.5,0.0,0.0,0.0,0.0,0.0,0.0,0.0,0.0,0.0
Nb25-V75,B2_PENALTY_143_Ru87Al12_Zr,-0.16470425454066168,3.07696301,2.608733784,-0.873588029,5.6875,0.0856069896776228,1.7296,0.421971373436635,-17.951999999999998,Nb25-V75,0.0,0.0,0.75,0.25,B2_PENALTY_143_Ru87Al12_Zr,0.4375,0.0,0.0,0.5,0.0625,0.0,0.0,0.0,0.0,0.0,0.0,0.0,0.0
Nb25-V75,B2_PENALTY_144_Ru75Al25_Zr,0.07067331229508964,3.07696301,3.302387941,-0.797935587,5.375,0.0825630715605787,1.6942000000000002,0.4054483444287324,-17.328,Nb25-V75,0.0,0.0,0.75,0.25,B2_PENALTY_144_Ru75Al25_Zr,0.375,0.0,0.0,0.5,0.125,0.0,0.0,0.0,0.0,0.0,0.0,0.0,0.0
Nb25-V75,B2_PENALTY_145_Ru62Al37_Zr,-0.15519090213235479,3.07696301,2.633831346,-0.726652657,5.0625,0.0787099182537501,1.6529,0.381143791763686,-15.872,Nb25-V75,0.0,0.0,0.75,0.25,B2_PENALTY_145_Ru62Al37_Zr,0.3125,0.0,0.0,0.5,0.1875,0.0,0.0,0.0,0.0,0.0,0.0,0.0,0.0
Nb25-V75,B2_PENALTY_146_Ru50Al50_Zr,0.3084911799403945,3.07696301,4.199293486,-0.654418284,4.75,0.0751158704347694,1.6175000000000002,0.3552024070864386,-14.0,Nb25-V75,0.0,0.0,0.75,0.25,B2_PENALTY_146_Ru50Al50_Zr,0.25,0.0,0.0,0.5,0.25,0.0,0.0,0.0,0.0,0.0,0.0,0.0,0.0
Nb25-V75,B2_PENALTY_147_Ru87Cr12_Zr,-0.1710255136958331,3.07696301,2.592179044,-0.824075051,5.875,0.0915913075118357,1.7326,0.4212875977286776,-15.312,Nb25-V75,0.0,0.0,0.75,0.25,B2_PENALTY_147_Ru87Cr12_Zr,0.4375,0.0,0.0,0.5,0.0,0.0,0.0,0.0,0.0,0.0,0.0625,0.0,0.0
Nb25-V75,B2_PENALTY_148_Ru75Cr25_Zr,0.05838257404835381,3.07696301,3.262005664,-0.675888976,5.75,0.0946071432924222,1.7002000000000002,0.4045268347093924,-12.768,Nb25-V75,0.0,0.0,0.75,0.25,B2_PENALTY_148_Ru75Cr25_Zr,0.375,0.0,0.0,0.5,0.0,0.0,0.0,0.0,0.0,0.0,0.125,0.0,0.0
Nb25-V75,B2_PENALTY_149_Ru62Cr37_Zr,-0.17358599940655065,3.07696301,2.585500791,-0.525764636,5.625,0.097964971374696,1.6624,0.3805788223219995,-9.982,Nb25-V75,0.0,0.0,0.75,0.25,B2_PENALTY_149_Ru62Cr37_Zr,0.3125,0.0,0.0,0.5,0.0,0.0,0.0,0.0,0.0,0.0,0.1875,0.0,0.0
Nb25-V75,B2_PENALTY_150_Ru50Cr50_Zr,0.28468829574833426,3.07696301,4.09832298,-0.377855166,5.5,0.100717188245724,1.63,0.355598087733891,-7.75,Nb25-V75,0.0,0.0,0.75,0.25,B2_PENALTY_150_Ru50Cr50_Zr,0.25,0.0,0.0,0.5,0.0,0.0,0.0,0.0,0.0,0.0,0.25,0.0,0.0
Nb25-V75,B2_PENALTY_151_Ru87Cu12_Zr,-0.16856164337891363,3.07696301,2.598620194,-0.842497728,6.1875,0.0915913075118357,1.747,0.4226594373724548,-17.1072,Nb25-V75,0.0,0.0,0.75,0.25,B2_PENALTY_151_Ru87Cu12_Zr,0.4375,0.0,0.0,0.5,0.0,0.0,0.0,0.0,0.0,0.0,0.0,0.0625,0.0
Nb25-V75,B2_PENALTY_152_Ru75Cu25_Zr,0.06176559317235177,3.07696301,3.273069781,-0.744916574,6.375,0.0946071432924222,1.729,0.4091564492953766,-15.8688,Nb25-V75,0.0,0.0,0.75,0.25,B2_PENALTY_152_Ru75Cu25_Zr,0.375,0.0,0.0,0.5,0.0,0.0,0.0,0.0,0.0,0.0,0.0,0.125,0.0
Nb25-V75,B2_PENALTY_153_Ru62Cu37_Zr,-0.16893262420660798,3.07696301,2.597649425,-0.643740809,6.5625,0.097964971374696,1.708,0.3917728933961614,-13.9872,Nb25-V75,0.0,0.0,0.75,0.25,B2_PENALTY_153_Ru62Cu37_Zr,0.3125,0.0,0.0,0.5,0.0,0.0,0.0,0.0,0.0,0.0,0.0,0.1875,0.0
Nb25-V75,B2_PENALTY_154_Ru50Cu50_Zr,0.2908806464118408,3.07696301,4.124319928,-0.545283305,6.75,0.100717188245724,1.6900000000000002,0.3752998800959041,-12.0,Nb25-V75,0.0,0.0,0.75,0.25,B2_PENALTY_154_Ru50Cu50_Zr,0.25,0.0,0.0,0.5,0.0,0.0,0.0,0.0,0.0,0.0,0.0,0.25,0.0
Nb25-V75,B2_PENALTY_155_Ru87Si12_Zr,-0.16670335266275307,3.07696301,2.603487904,-0.898605077,5.75,0.0996987498196708,1.747,0.4226594373724548,-14.9952,Nb25-V75,0.0,0.0,0.75,0.25,B2_PENALTY_155_Ru87Si12_Zr,0.4375,0.0,0.0,0.5,0.0,0.0,0.0,0.0,0.0,0.0,0.0,0.0,0.0625
Nb25-V75,B2_PENALTY_156_Ru75Si25_Zr,0.06552866305634926,3.07696301,3.285422312,-0.857108746,5.5,0.1096308366502065,1.729,0.4091564492953766,-12.2208,Nb25-V75,0.0,0.0,0.75,0.25,B2_PENALTY_156_Ru75Si25_Zr,0.375,0.0,0.0,0.5,0.0,0.0,0.0,0.0,0.0,0.0,0.0,0.0,0.125
Nb25-V75,B2_PENALTY_157_Ru62Si37_Zr,-0.1634735035147791,3.07696301,2.611968248,-0.806319256,5.25,0.1199620550667942,1.708,0.3917728933961614,-9.2752,Nb25-V75,0.0,0.0,0.75,0.25,B2_PENALTY_157_Ru62Si37_Zr,0.3125,0.0,0.0,0.5,0.0,0.0,0.0,0.0,0.0,0.0,0.0,0.0,0.1875
Nb25-V75,B2_PENALTY_158_Ru50Si50_Zr,0.2970567231308129,3.07696301,4.150436873,-0.770078956,5.0,0.127965781170799,1.69,0.3752998800959041,-7.0,Nb25-V75,0.0,0.0,0.75,0.25,B2_PENALTY_158_Ru50Si50_Zr,0.25,0.0,0.0,0.5,0.0,0.0,0.0,0.0,0.0,0.0,0.0,0.0,0.25
Nb25-V75,B2_MULTI_159_A_Ru87_Al12_B_HfTi,-0.19965978017220187,3.07696301,2.518380484,-0.993246203,5.6875,0.0678797217863284,1.7746000000000002,0.3889997943444186,-13.112,Nb25-V75,0.0,0.0,0.75,0.25,B2_MULTI_159_A_Ru87_Al12_B_HfTi,0.4375,0.25,0.25,0.0,0.0625,0.0,0.0,0.0,0.0,0.0,0.0,0.0,0.0
Nb25-V75,B2_MULTI_160_A_Ru75_Al25_B_HfTi,0.03495994120852606,3.07696301,3.186447237,-0.900034303,5.375,0.0654597746128897,1.7392,0.3752803751863399,-13.148,Nb25-V75,0.0,0.0,0.75,0.25,B2_MULTI_160_A_Ru75_Al25_B_HfTi,0.375,0.25,0.25,0.0,0.125,0.0,0.0,0.0,0.0,0.0,0.0,0.0,0.0
Nb25-V75,B2_MULTI_161_A_Ru87_Al12_B_HfZr,-0.1703346042791343,3.07696301,2.593983772,-0.966894404,5.6875,0.0826853853075511,1.7221000000000002,0.4292115911761937,-16.631999999999998,Nb25-V75,0.0,0.0,0.75,0.25,B2_MULTI_161_A_Ru87_Al12_B_HfZr,0.4375,0.25,0.0,0.25,0.0625,0.0,0.0,0.0,0.0,0.0,0.0,0.0,0.0
Nb25-V75,B2_MULTI_162_A_Ru75_Al25_B_HfZr,0.06504089463941787,3.07696301,3.283818469,-0.87583034,5.375,0.0796873228030491,1.6867,0.4123349487976978,-16.188,Nb25-V75,0.0,0.0,0.75,0.25,B2_MULTI_162_A_Ru75_Al25_B_HfZr,0.375,0.25,0.0,0.25,0.125,0.0,0.0,0.0,0.0,0.0,0.0,0.0,0.0
Nb25-V75,B2_MULTI_163_A_Ru87_Al12_B_HfAl,-0.20877330187723347,3.07696301,2.495293785,-4.954411074,2.8125,0.0553065594713224,1.8678,0.3451393341825878,-18.8,Nb25-V75,0.0,0.0,0.75,0.25,B2_MULTI_163_A_Ru87_Al12_B_HfAl,0.25,0.0625,0.0,0.0,0.1875,0.0,0.0,0.0,0.0,0.0,0.0,0.0,0.0
Nb25-V75,B2_MULTI_163_A_Ru87_Al13_B_HfAl,-0.20890680217862845,3.07696301,2.494957013,-1.044063929,5.4375,0.0671169315930914,1.7921,0.3795109879832204,-17.512,Nb25-V75,0.0,0.0,0.75,0.25,B2_MULTI_163_A_Ru87_Al13_B_HfAl,0.4375,0.25,0.0,0.0,0.3125,0.0,0.0,0.0,0.0,0.0,0.0,0.0,0.0
Nb25-V75,B2_MULTI_164_A_Ru75_Al25_B_HfAl,0.026897912001045545,3.07696301,3.160855152,-0.932800309,5.125,0.0647257979106258,1.7552475247524757,0.3655934929642944,-16.912067444368198,Nb25-V75,0.0,0.0,0.75,0.25,B2_MULTI_164_A_Ru75_Al25_B_HfAl,0.375,0.25,0.0,0.0,0.375,0.0,0.0,0.0,0.0,0.0,0.0,0.0,0.0
Nb25-V75,B2_MULTI_165_A_Ru87_Al12_B_TiZr,-0.19366677992525452,3.07696301,2.533666714,-0.881935538,5.6875,0.0727621617453034,1.7821000000000002,0.3799613006610016,-14.432,Nb25-V75,0.0,0.0,0.75,0.25,B2_MULTI_165_A_Ru87_Al12_B_TiZr,0.4375,0.0,0.25,0.25,0.0625,0.0,0.0,0.0,0.0,0.0,0.0,0.0,0.0
Nb25-V75,B2_MULTI_166_A_Ru75_Al25_B_TiZr,0.04118797282774327,3.07696301,3.206361714,-0.808063227,5.375,0.0703058182976203,1.7467,0.3666280267519111,-14.288,Nb25-V75,0.0,0.0,0.75,0.25,B2_MULTI_166_A_Ru75_Al25_B_TiZr,0.375,0.0,0.25,0.25,0.125,0.0,0.0,0.0,0.0,0.0,0.0,0.0,0.0
Nb25-V75,B2_MULTI_167_A_Ru87_Al12_B_TiAl,-0.23716677774129666,3.07696301,2.424572308,-5.952786629,1.5,0.0273038199437399,1.694324324324325,0.2239032192052839,-9.817384952520088,Nb25-V75,0.0,0.0,0.75,0.25,B2_MULTI_167_A_Ru87_Al12_B_TiAl,0.0625,0.0,0.0625,0.0,0.25,0.0,0.0,0.0,0.0,0.0,0.0,0.0,0.0
Nb25-V75,B2_MULTI_167_A_Ru87_Al13_B_TiAl,-0.2372083228987645,3.07696301,2.424470144,-1.021190861,5.4375,0.0396803315535911,1.8521,0.309477931361834,-15.312,Nb25-V75,0.0,0.0,0.75,0.25,B2_MULTI_167_A_Ru87_Al13_B_TiAl,0.4375,0.0,0.25,0.0,0.3125,0.0,0.0,0.0,0.0,0.0,0.0,0.0,0.0
Nb25-V75,B2_MULTI_168_A_Ru75_Al25_B_TiAl,-0.0019717762461511795,3.07696301,3.070901903,-0.941385339,5.125,0.0380980563492807,1.814653465346535,0.3004965012116891,-15.049504950495049,Nb25-V75,0.0,0.0,0.75,0.25,B2_MULTI_168_A_Ru75_Al25_B_TiAl,0.375,0.0,0.25,0.0,0.375,0.0,0.0,0.0,0.0,0.0,0.0,0.0,0.0
Nb25-V75,B2_MULTI_169_A_Ru87_Al12_B_ZrAl,-0.2019997467086603,3.07696301,2.512434563,-3.978965604,3.1875,0.0773292902137734,1.9146938775510205,0.3828683476015858,-17.35276967930029,Nb25-V75,0.0,0.0,0.75,0.25,B2_MULTI_169_A_Ru87_Al12_B_ZrAl,0.3125,0.0,0.0,0.125,0.0625,0.0,0.0,0.0,0.0,0.0,0.0,0.0,0.0
Nb25-V75,B2_MULTI_169_A_Ru87_Al13_B_ZrAl,-0.20200010127282664,3.07696301,2.512433663,-0.95203949,5.4375,0.0724611766706071,1.7996,0.3698862527859072,-18.832,Nb25-V75,0.0,0.0,0.75,0.25,B2_MULTI_169_A_Ru87_Al13_B_ZrAl,0.4375,0.0,0.0,0.25,0.3125,0.0,0.0,0.0,0.0,0.0,0.0,0.0,0.0
Nb25-V75,B2_MULTI_170_A_Ru75_Al25_B_ZrAl,0.03297142787530265,3.07696301,3.180115415,-0.885427863,5.125,0.0699929276125827,1.762673267326733,0.356461962724668,-18.02960494069209,Nb25-V75,0.0,0.0,0.75,0.25,B2_MULTI_170_A_Ru75_Al25_B_ZrAl,0.375,0.0,0.0,0.25,0.375,0.0,0.0,0.0,0.0,0.0,0.0,0.0,0.0
Nb50-Mo50,B2_014_RuHf,-0.22762301695456444,3.23145248,2.571059804,-1.190557465,6.0,0.0821917808219178,1.75,0.45,-15.0,Nb50-Mo50,0.5,0.0,0.0,0.5,B2_014_RuHf,0.5,0.5,0.0,0.0,0.0,0.0,0.0,0.0,0.0,0.0,0.0,0.0,0.0
Nb50-Mo50,B2_015_RuTi,-0.2791959905944313,3.23145248,2.43976227,-1.048598035,6.0,0.0462633451957295,1.87,0.33,-10.0,Nb50-Mo50,0.5,0.0,0.0,0.5,B2_015_RuTi,0.5,0.0,0.5,0.0,0.0,0.0,0.0,0.0,0.0,0.0,0.0,0.0,0.0
Nb50-Mo50,B2_016_RuZr,-0.21857620196660402,3.23145248,2.59472104,-0.959079125,6.0,0.0884353741496598,1.765,0.435,-18.0,Nb50-Mo50,0.5,0.0,0.0,0.5,B2_016_RuZr,0.5,0.0,0.0,0.5,0.0,0.0,0.0,0.0,0.0,0.0,0.0,0.0,0.0
Nb50-Mo50,B2_017_RuAl,-0.2999949757555977,3.23145248,2.388477153,-1.00191235,5.5,0.0324909747292418,1.905,0.295,-20.0,Nb50-Mo50,0.5,0.0,0.0,0.5,B2_017_RuAl,0.5,0.0,0.0,0.0,0.5,0.0,0.0,0.0,0.0,0.0,0.0,0.0,0.0
Nb50-Mo50,MATRIX_BIN_018_Nb12_Mo87,-0.24878641093635964,3.23145248,2.516452193,-0.074598622,5.875,0.0162666672861703,2.0928,0.1819784602638455,-0.8448,Nb50-Mo50,0.5,0.0,0.0,0.5,MATRIX_BIN_018_Nb12_Mo87,0.0,0.0,0.0,0.0,0.0,0.875,0.125,0.0,0.0,0.0,0.0,0.0,0.0
Nb50-Mo50,MATRIX_BIN_019_Nb25_Mo75,-0.013391167181004618,3.23145248,3.18846737,-0.093096702,5.75,0.0215352675896663,2.02,0.2424871130596428,-1.5,Nb50-Mo50,0.5,0.0,0.0,0.5,MATRIX_BIN_019_Nb25_Mo75,0.0,0.0,0.0,0.0,0.0,0.75,0.25,0.0,0.0,0.0,0.0,0.0,0.0
Nb50-Mo50,MATRIX_BIN_020_Nb50_Mo50,0.22929570841690106,3.23145248,4.068360358,-0.068167471,5.5,0.0245614035087719,1.88,0.28,-2.0,Nb50-Mo50,0.5,0.0,0.0,0.5,MATRIX_BIN_020_Nb50_Mo50,0.0,0.0,0.0,0.0,0.0,0.5,0.5,0.0,0.0,0.0,0.0,0.0,0.0
Nb50-Mo50,MATRIX_BIN_021_Nb75_Mo25,0.013780030394010243,3.23145248,3.276290931,-0.003897255,5.25,0.0210127480987559,1.7400000000000002,0.2424871130596428,-1.5,Nb50-Mo50,0.5,0.0,0.0,0.5,MATRIX_BIN_021_Nb75_Mo25,0.0,0.0,0.0,0.0,0.0,0.25,0.75,0.0,0.0,0.0,0.0,0.0,0.0
Nb50-Mo50,MATRIX_BIN_022_Nb87_Mo12,-0.20942584081659424,3.23145248,2.618850201,0.026755452,5.125,0.0156705067050018,1.6672000000000002,0.1819784602638455,-0.8448,Nb50-Mo50,0.5,0.0,0.0,0.5,MATRIX_BIN_022_Nb87_Mo12,0.0,0.0,0.0,0.0,0.0,0.125,0.875,0.0,0.0,0.0,0.0,0.0,0.0
Nb50-Mo50,MATRIX_BIN_023_Nb12_Ta87,-0.20554671558526325,3.23145248,2.629139739,0.01664066,5.0,0.0,1.512,0.0324961536185438,-0.4224,Nb50-Mo50,0.5,0.0,0.0,0.5,MATRIX_BIN_023_Nb12_Ta87,0.0,0.0,0.0,0.0,0.0,0.0,0.125,0.875,0.0,0.0,0.0,0.0,0.0
Nb50-Mo50,MATRIX_BIN_024_Nb25_Ta75,0.02542173207511938,3.23145248,3.314659229,0.02257152,5.0,0.0,1.525,0.0433012701892219,-0.75,Nb50-Mo50,0.5,0.0,0.0,0.5,MATRIX_BIN_024_Nb25_Ta75,0.0,0.0,0.0,0.0,0.0,0.0,0.25,0.75,0.0,0.0,0.0,0.0,0.0
Nb50-Mo50,MATRIX_BIN_025_Nb50_Ta50,0.2563279264584343,3.23145248,4.181529649,0.032388069,5.0,0.0,1.55,0.05,-1.0,Nb50-Mo50,0.5,0.0,0.0,0.5,MATRIX_BIN_025_Nb50_Ta50,0.0,0.0,0.0,0.0,0.0,0.0,0.5,0.5,0.0,0.0,0.0,0.0,0.0
Nb50-Mo50,MATRIX_BIN_026_Nb75_Ta25,0.0277186549378569,3.23145248,3.322282844,0.043369138,5.0,0.0,1.5750000000000002,0.0433012701892219,-0.75,Nb50-Mo50,0.5,0.0,0.0,0.5,MATRIX_BIN_026_Nb75_Ta25,0.0,0.0,0.0,0.0,0.0,0.0,0.75,0.25,0.0,0.0,0.0,0.0,0.0
Nb50-Mo50,MATRIX_BIN_027_Nb87_Ta12,-0.2021846463507503,3.23145248,2.638087089,0.04776952,5.0,0.0,1.588,0.0324961536185438,-0.4224,Nb50-Mo50,0.5,0.0,0.0,0.5,MATRIX_BIN_027_Nb87_Ta12,0.0,0.0,0.0,0.0,0.0,0.0,0.875,0.125,0.0,0.0,0.0,0.0,0.0
Nb50-Mo50,MATRIX_BIN_028_Nb12_W87,-0.2434844645502365,3.23145248,2.53003601,-0.064576028,5.875,0.0162666672861703,2.2688,0.2469707675009331,-0.8448,Nb50-Mo50,0.5,0.0,0.0,0.5,MATRIX_BIN_028_Nb12_W87,0.0,0.0,0.0,0.0,0.0,0.0,0.125,0.0,0.875,0.0,0.0,0.0,0.0
Nb50-Mo50,MATRIX_BIN_029_Nb25_W75,-0.009126575356624523,3.23145248,3.202094355,-0.067975525,5.75,0.0215352675896663,2.17,0.3290896534380866,-1.5,Nb50-Mo50,0.5,0.0,0.0,0.5,MATRIX_BIN_029_Nb25_W75,0.0,0.0,0.0,0.0,0.0,0.0,0.25,0.0,0.75,0.0,0.0,0.0,0.0
Nb50-Mo50,MATRIX_BIN_030_Nb50_W50,0.23140530349430166,3.23145248,4.077067638,-0.024208031,5.5,0.0245614035087719,1.98,0.3799999999999999,-2.0,Nb50-Mo50,0.5,0.0,0.0,0.5,MATRIX_BIN_030_Nb50_W50,0.0,0.0,0.0,0.0,0.0,0.0,0.5,0.0,0.5,0.0,0.0,0.0,0.0
Nb50-Mo50,MATRIX_BIN_031_Nb75_W25,0.014346749266427462,3.23145248,3.278148285,0.026336168,5.25,0.0210127480987559,1.79,0.3290896534380866,-1.5,Nb50-Mo50,0.5,0.0,0.0,0.5,MATRIX_BIN_031_Nb75_W25,0.0,0.0,0.0,0.0,0.0,0.0,0.75,0.0,0.25,0.0,0.0,0.0,0.0
Nb50-Mo50,MATRIX_BIN_032_Nb87_W12,-0.20897803918972935,3.23145248,2.620036168,0.042204846,5.125,0.0156705067050018,1.6912,0.2469707675009331,-0.8448,Nb50-Mo50,0.5,0.0,0.0,0.5,MATRIX_BIN_032_Nb87_W12,0.0,0.0,0.0,0.0,0.0,0.0,0.875,0.0,0.125,0.0,0.0,0.0,0.0
Nb50-Mo50,MATRIX_BIN_033_Nb12_V87,-0.292581740331585,3.23145248,2.406649618,0.08248568,5.0,0.0287916304948704,1.6263999999999998,0.009748846085563,-0.4224,Nb50-Mo50,0.5,0.0,0.0,0.5,MATRIX_BIN_033_Nb12_V87,0.0,0.0,0.0,0.0,0.0,0.0,0.125,0.0,0.0,0.875,0.0,0.0,0.0
Nb50-Mo50,MATRIX_BIN_034_Nb25_V75,-0.04773540657660879,3.23145248,3.080793662,0.119704924,5.0,0.0379281198737709,1.6225,0.0129903810567664,-0.75,Nb50-Mo50,0.5,0.0,0.0,0.5,MATRIX_BIN_034_Nb25_V75,0.0,0.0,0.0,0.0,0.0,0.0,0.25,0.0,0.0,0.75,0.0,0.0,0.0
Nb50-Mo50,MATRIX_BIN_035_Nb50_V50,0.2119850512409634,3.23145248,3.997687259,0.146260085,5.0,0.0428571428571428,1.615,0.0149999999999999,-1.0,Nb50-Mo50,0.5,0.0,0.0,0.5,MATRIX_BIN_035_Nb50_V50,0.0,0.0,0.0,0.0,0.0,0.0,0.5,0.0,0.0,0.5,0.0,0.0,0.0
Nb50-Mo50,MATRIX_BIN_036_Nb75_V25,0.006500434999923378,3.23145248,3.252526823,0.114812331,5.0,0.0363367302287176,1.6075000000000002,0.0129903810567664,-0.75,Nb50-Mo50,0.5,0.0,0.0,0.5,MATRIX_BIN_036_Nb75_V25,0.0,0.0,0.0,0.0,0.0,0.0,0.75,0.0,0.0,0.25,0.0,0.0,0.0
Nb50-Mo50,MATRIX_BIN_037_Nb87_V12,-0.21270120329200418,3.23145248,2.61019026,0.086073827,5.0,0.0269752243651442,1.6036,0.009748846085563,-0.4224,Nb50-Mo50,0.5,0.0,0.0,0.5,MATRIX_BIN_037_Nb87_V12,0.0,0.0,0.0,0.0,0.0,0.0,0.875,0.0,0.0,0.125,0.0,0.0,0.0
Nb50-Mo50,MATRIX_BIN_038_Mo12_Ta87,-0.21298520628588793,3.23145248,2.609440574,-0.021898875,5.125,0.0156705067050018,1.5792000000000002,0.2144746138823893,-0.8448,Nb50-Mo50,0.5,0.0,0.0,0.5,MATRIX_BIN_038_Mo12_Ta87,0.0,0.0,0.0,0.0,0.0,0.125,0.0,0.875,0.0,0.0,0.0,0.0,0.0
Nb50-Mo50,MATRIX_BIN_039_Mo25_Ta75,0.01033023961899103,3.23145248,3.265007474,-0.045341345,5.25,0.0210127480987559,1.665,0.2857883832488648,-1.5,Nb50-Mo50,0.5,0.0,0.0,0.5,MATRIX_BIN_039_Mo25_Ta75,0.0,0.0,0.0,0.0,0.0,0.25,0.0,0.75,0.0,0.0,0.0,0.0,0.0
Nb50-Mo50,MATRIX_BIN_040_Mo50_Ta50,0.22644126226875666,3.23145248,4.056611707,-0.115010835,5.5,0.0245614035087719,1.83,0.33,-2.0,Nb50-Mo50,0.5,0.0,0.0,0.5,MATRIX_BIN_040_Mo50_Ta50,0.0,0.0,0.0,0.0,0.0,0.5,0.0,0.5,0.0,0.0,0.0,0.0,0.0
Nb50-Mo50,MATRIX_BIN_041_Mo75_Ta25,-0.01490819135268023,3.23145248,3.183633813,-0.13445637,5.75,0.0215352675896663,1.995,0.2857883832488648,-1.5,Nb50-Mo50,0.5,0.0,0.0,0.5,MATRIX_BIN_041_Mo75_Ta25,0.0,0.0,0.0,0.0,0.0,0.75,0.0,0.25,0.0,0.0,0.0,0.0,0.0
Nb50-Mo50,MATRIX_BIN_042_Mo87_Ta12,-0.24955944799452587,3.23145248,2.514476987,-0.10635318,5.875,0.0162666672861703,2.0808,0.2144746138823893,-0.8448,Nb50-Mo50,0.5,0.0,0.0,0.5,MATRIX_BIN_042_Mo87_Ta12,0.0,0.0,0.0,0.0,0.0,0.875,0.0,0.125,0.0,0.0,0.0,0.0,0.0
Nb50-Mo50,MATRIX_BIN_043_Mo12_W87,-0.24917783110856484,3.23145248,2.515451896,-0.03228228,6.0,0.0,2.336,0.0649923072370876,-0.4224,Nb50-Mo50,0.5,0.0,0.0,0.5,MATRIX_BIN_043_Mo12_W87,0.0,0.0,0.0,0.0,0.0,0.125,0.0,0.0,0.875,0.0,0.0,0.0,0.0
Nb50-Mo50,MATRIX_BIN_044_Mo25_W75,-0.02016449292335459,3.23145248,3.166942287,-0.031021756,6.0,0.0,2.31,0.0866025403784437,-0.75,Nb50-Mo50,0.5,0.0,0.0,0.5,MATRIX_BIN_044_Mo25_W75,0.0,0.0,0.0,0.0,0.0,0.25,0.0,0.0,0.75,0.0,0.0,0.0,0.0
Nb50-Mo50,MATRIX_BIN_045_Mo50_W50,0.20864337660642931,3.23145248,3.984201707,-0.031400886,6.0,0.0,2.26,0.0999999999999998,-1.0,Nb50-Mo50,0.5,0.0,0.0,0.5,MATRIX_BIN_045_Mo50_W50,0.0,0.0,0.0,0.0,0.0,0.5,0.0,0.0,0.5,0.0,0.0,0.0,0.0
Nb50-Mo50,MATRIX_BIN_046_Mo75_W25,-0.023127229907432583,3.23145248,3.157572258,-0.029765179,6.0,0.0,2.21,0.0866025403784437,-0.75,Nb50-Mo50,0.5,0.0,0.0,0.5,MATRIX_BIN_046_Mo75_W25,0.0,0.0,0.0,0.0,0.0,0.75,0.0,0.0,0.25,0.0,0.0,0.0,0.0
Nb50-Mo50,MATRIX_BIN_047_Mo87_W12,-0.2536720577670316,3.23145248,2.503991537,-0.029998622,6.0,0.0,2.184,0.0649923072370876,-0.4224,Nb50-Mo50,0.5,0.0,0.0,0.5,MATRIX_BIN_047_Mo87_W12,0.0,0.0,0.0,0.0,0.0,0.875,0.0,0.0,0.125,0.0,0.0,0.0,0.0
Nb50-Mo50,MATRIX_BIN_048_Mo12_V87,-0.30222699884967485,3.23145248,2.383028597,-0.006338223,5.125,0.0120713795016878,1.6936,0.1722296141782824,-0.4224,Nb50-Mo50,0.5,0.0,0.0,0.5,MATRIX_BIN_048_Mo12_V87,0.0,0.0,0.0,0.0,0.0,0.125,0.0,0.0,0.0,0.875,0.0,0.0,0.0
Nb50-Mo50,MATRIX_BIN_049_Mo25_V75,-0.06660701002149554,3.23145248,3.023152221,-0.037424369,5.25,0.0160078632862187,1.7625,0.2294967320028763,-0.75,Nb50-Mo50,0.5,0.0,0.0,0.5,MATRIX_BIN_049_Mo25_V75,0.0,0.0,0.0,0.0,0.0,0.25,0.0,0.0,0.0,0.75,0.0,0.0,0.0
Nb50-Mo50,MATRIX_BIN_050_Mo50_V50,0.17766565435398018,3.23145248,3.861543353,-0.097449414,5.5,0.0183150183150182,1.895,0.2650000000000001,-1.0,Nb50-Mo50,0.5,0.0,0.0,0.5,MATRIX_BIN_050_Mo50_V50,0.0,0.0,0.0,0.0,0.0,0.5,0.0,0.0,0.0,0.5,0.0,0.0,0.0
Nb50-Mo50,MATRIX_BIN_051_Mo75_V25,-0.039105720790224584,3.23145248,3.107507677,-0.114008179,5.75,0.0157173394516231,2.0275,0.2294967320028763,-0.75,Nb50-Mo50,0.5,0.0,0.0,0.5,MATRIX_BIN_051_Mo75_V25,0.0,0.0,0.0,0.0,0.0,0.75,0.0,0.0,0.0,0.25,0.0,0.0,0.0
Nb50-Mo50,MATRIX_BIN_052_Mo87_V12,-0.26137558983168635,3.23145248,2.484453351,-0.088360288,5.875,0.0117399398910924,2.0964,0.1722296141782824,-0.4224,Nb50-Mo50,0.5,0.0,0.0,0.5,MATRIX_BIN_052_Mo87_V12,0.0,0.0,0.0,0.0,0.0,0.875,0.0,0.0,0.0,0.125,0.0,0.0,0.0
Nb50-Mo50,MATRIX_BIN_053_Ta12_W87,-0.2441394620625861,3.23145248,2.528354403,-0.093051999,5.875,0.0162666672861703,2.2568,0.279466921119477,-0.4224,Nb50-Mo50,0.5,0.0,0.0,0.5,MATRIX_BIN_053_Ta12_W87,0.0,0.0,0.0,0.0,0.0,0.0,0.0,0.125,0.875,0.0,0.0,0.0,0.0
Nb50-Mo50,MATRIX_BIN_054_Ta25_W75,-0.010470714384813144,3.23145248,3.197793083,-0.107372831,5.75,0.0215352675896663,2.145,0.3723909236273086,-0.75,Nb50-Mo50,0.5,0.0,0.0,0.5,MATRIX_BIN_054_Ta25_W75,0.0,0.0,0.0,0.0,0.0,0.0,0.0,0.25,0.75,0.0,0.0,0.0,0.0
Nb50-Mo50,MATRIX_BIN_055_Ta50_W50,0.22929019409113538,3.23145248,4.068337625,-0.070797609,5.5,0.0245614035087719,1.93,0.4299999999999999,-1.0,Nb50-Mo50,0.5,0.0,0.0,0.5,MATRIX_BIN_055_Ta50_W50,0.0,0.0,0.0,0.0,0.0,0.0,0.0,0.5,0.5,0.0,0.0,0.0,0.0
Nb50-Mo50,MATRIX_BIN_056_Ta75_W25,0.011427416855344485,3.23145248,3.268591838,-0.021707099,5.25,0.0210127480987559,1.715,0.3723909236273086,-0.75,Nb50-Mo50,0.5,0.0,0.0,0.5,MATRIX_BIN_056_Ta75_W25,0.0,0.0,0.0,0.0,0.0,0.0,0.0,0.75,0.25,0.0,0.0,0.0,0.0
Nb50-Mo50,MATRIX_BIN_057_Ta87_W12,-0.21249070688459673,3.23145248,2.610746034,-0.005622646,5.125,0.0156705067050018,1.6032,0.279466921119477,-0.4224,Nb50-Mo50,0.5,0.0,0.0,0.5,MATRIX_BIN_057_Ta87_W12,0.0,0.0,0.0,0.0,0.0,0.0,0.0,0.875,0.125,0.0,0.0,0.0,0.0
Nb50-Mo50,MATRIX_BIN_058_Ta12_V87,-0.29288819974607616,3.23145248,2.405896049,0.06873568,5.0,0.0287916304948704,1.6143999999999998,0.0422449997041069,0.0,Nb50-Mo50,0.5,0.0,0.0,0.5,MATRIX_BIN_058_Ta12_V87,0.0,0.0,0.0,0.0,0.0,0.0,0.0,0.125,0.0,0.875,0.0,0.0,0.0
Nb50-Mo50,MATRIX_BIN_059_Ta25_V75,-0.047980289656319584,3.23145248,3.080038888,0.103170482,5.0,0.0379281198737709,1.5975,0.0562916512459884,0.0,Nb50-Mo50,0.5,0.0,0.0,0.5,MATRIX_BIN_059_Ta25_V75,0.0,0.0,0.0,0.0,0.0,0.0,0.0,0.25,0.0,0.75,0.0,0.0,0.0
Nb50-Mo50,MATRIX_BIN_060_Ta50_V50,0.21062109315094116,3.23145248,3.992176831,0.118279576,5.0,0.0428571428571428,1.565,0.0649999999999999,0.0,Nb50-Mo50,0.5,0.0,0.0,0.5,MATRIX_BIN_060_Ta50_V50,0.0,0.0,0.0,0.0,0.0,0.0,0.0,0.5,0.0,0.5,0.0,0.0,0.0
Nb50-Mo50,MATRIX_BIN_061_Ta75_V25,0.003951051842996306,3.23145248,3.244245389,0.083356798,5.0,0.0363367302287176,1.5325,0.0562916512459884,0.0,Nb50-Mo50,0.5,0.0,0.0,0.5,MATRIX_BIN_061_Ta75_V25,0.0,0.0,0.0,0.0,0.0,0.0,0.0,0.75,0.0,0.25,0.0,0.0,0.0
Nb50-Mo50,MATRIX_BIN_062_Ta87_V12,-0.21597307064802504,3.23145248,2.601565119,0.048231505,5.0,0.0269752243651442,1.5156,0.0422449997041069,0.0,Nb50-Mo50,0.5,0.0,0.0,0.5,MATRIX_BIN_062_Ta87_V12,0.0,0.0,0.0,0.0,0.0,0.0,0.0,0.875,0.0,0.125,0.0,0.0,0.0
Nb50-Mo50,MATRIX_BIN_063_W12_V87,-0.3007684010191996,3.23145248,2.38658796,0.007573578,5.125,0.0120713795016878,1.7175999999999998,0.23722192141537,0.0,Nb50-Mo50,0.5,0.0,0.0,0.5,MATRIX_BIN_063_W12_V87,0.0,0.0,0.0,0.0,0.0,0.0,0.0,0.0,0.125,0.875,0.0,0.0,0.0
Nb50-Mo50,MATRIX_BIN_064_W25_V75,-0.0635276349817661,3.23145248,3.032485885,-0.010397496,5.25,0.0160078632862187,1.8125,0.3160992723813201,0.0,Nb50-Mo50,0.5,0.0,0.0,0.5,MATRIX_BIN_064_W25_V75,0.0,0.0,0.0,0.0,0.0,0.0,0.0,0.0,0.25,0.75,0.0,0.0,0.0
Nb50-Mo50,MATRIX_BIN_065_W50_V50,0.1828442231808143,3.23145248,3.881757122,-0.05491275,5.5,0.0183150183150182,1.995,0.365,0.0,Nb50-Mo50,0.5,0.0,0.0,0.5,MATRIX_BIN_065_W50_V50,0.0,0.0,0.0,0.0,0.0,0.0,0.0,0.0,0.5,0.5,0.0,0.0,0.0
Nb50-Mo50,MATRIX_BIN_066_W75_V25,-0.03282160949267369,3.23145248,3.12710346,-0.09208095,5.75,0.0157173394516231,2.1775,0.3160992723813201,0.0,Nb50-Mo50,0.5,0.0,0.0,0.5,MATRIX_BIN_066_W75_V25,0.0,0.0,0.0,0.0,0.0,0.0,0.0,0.0,0.75,0.25,0.0,0.0,0.0
Nb50-Mo50,MATRIX_BIN_067_W87_V12,-0.2551667408812839,3.23145248,2.50019019,-0.084931073,5.875,0.0117399398910924,2.2724,0.23722192141537,0.0,Nb50-Mo50,0.5,0.0,0.0,0.5,MATRIX_BIN_067_W87_V12,0.0,0.0,0.0,0.0,0.0,0.0,0.0,0.0,0.875,0.125,0.0,0.0,0.0
Nb50-Mo50,MATRIX_TERN_068_Nb33_Mo33_Ta33,0.14205242569915585,3.23145248,3.725584467,-0.065262171,5.333333333,0.0229686657461987,1.7533333333333334,0.2904402788105596,-2.2222222222222228,Nb50-Mo50,0.5,0.0,0.0,0.5,MATRIX_TERN_068_Nb33_Mo33_Ta33,0.0,0.0,0.0,0.0,0.0,0.333333333,0.333333333,0.333333333,0.0,0.0,0.0,0.0,0.0
Nb50-Mo50,MATRIX_TERN_069_Nb33_Mo33_W33,0.12839924847357037,3.23145248,3.674833441,-0.049686914,5.666666667,0.0233478654165369,2.0400000000000005,0.3216623488483951,-2.2222222222222223,Nb50-Mo50,0.5,0.0,0.0,0.5,MATRIX_TERN_069_Nb33_Mo33_W33,0.0,0.0,0.0,0.0,0.0,0.333333333,0.333333333,0.0,0.333333333,0.0,0.0,0.0,0.0
Nb50-Mo50,MATRIX_TERN_070_Nb33_Mo33_V33,0.11170453042891172,3.23145248,3.613773878,-0.013214523,5.333333333,0.0352382411938744,1.7966666666666669,0.2572072229848058,-1.777777777777778,Nb50-Mo50,0.5,0.0,0.0,0.5,MATRIX_TERN_070_Nb33_Mo33_V33,0.0,0.0,0.0,0.0,0.0,0.333333333,0.333333333,0.0,0.0,0.333333333,0.0,0.0,0.0
Nb50-Mo50,MATRIX_TERN_071_Nb33_Ta33_W33,0.1433136662676988,3.23145248,3.730310358,-0.031019427,5.333333333,0.0229686657461987,1.82,0.3840138886377244,-1.777777777777778,Nb50-Mo50,0.5,0.0,0.0,0.5,MATRIX_TERN_071_Nb33_Ta33_W33,0.0,0.0,0.0,0.0,0.0,0.0,0.333333333,0.333333333,0.333333333,0.0,0.0,0.0,0.0
Nb50-Mo50,MATRIX_TERN_072_Nb33_Ta33_V33,0.13117593924755216,3.23145248,3.685094771,0.08652521,5.0,0.0398370017569885,1.5766666666666669,0.0555777733351102,-0.8888888888888891,Nb50-Mo50,0.5,0.0,0.0,0.5,MATRIX_TERN_072_Nb33_Ta33_V33,0.0,0.0,0.0,0.0,0.0,0.0,0.333333333,0.333333333,0.0,0.333333333,0.0,0.0,0.0
Nb50-Mo50,MATRIX_TERN_073_Nb33_W33_V33,0.11406612095446747,3.23145248,3.622345558,0.018775382,5.333333333,0.0352382411938744,1.8633333333333333,0.351409858838492,-1.3333333333333337,Nb50-Mo50,0.5,0.0,0.0,0.5,MATRIX_TERN_073_Nb33_W33_V33,0.0,0.0,0.0,0.0,0.0,0.0,0.333333333,0.0,0.333333333,0.333333333,0.0,0.0,0.0
Nb50-Mo50,MATRIX_TERN_074_Mo33_Ta33_W33,0.12661541667911896,3.23145248,3.668257294,-0.093088097,5.666666667,0.0233478654165369,2.006666666666667,0.3674537007872178,-1.777777777777778,Nb50-Mo50,0.5,0.0,0.0,0.5,MATRIX_TERN_074_Mo33_Ta33_W33,0.0,0.0,0.0,0.0,0.0,0.333333333,0.0,0.333333333,0.333333333,0.0,0.0,0.0,0.0
Nb50-Mo50,MATRIX_TERN_075_Mo33_Ta33_V33,0.11000109913547579,3.23145248,3.607604365,-0.042224622,5.333333333,0.0352382411938744,1.7633333333333336,0.2854625875467553,-1.3333333333333337,Nb50-Mo50,0.5,0.0,0.0,0.5,MATRIX_TERN_075_Mo33_Ta33_V33,0.0,0.0,0.0,0.0,0.0,0.333333333,0.0,0.333333333,0.0,0.333333333,0.0,0.0,0.0
Nb50-Mo50,MATRIX_TERN_076_Mo33_W33_V33,0.0950255936308749,3.23145248,3.553840738,-0.074437179,5.666666667,0.0171627859511297,2.0500000000000003,0.3080043289739069,-0.8888888888888891,Nb50-Mo50,0.5,0.0,0.0,0.5,MATRIX_TERN_076_Mo33_W33_V33,0.0,0.0,0.0,0.0,0.0,0.333333333,0.0,0.0,0.333333333,0.333333333,0.0,0.0,0.0
Nb50-Mo50,MATRIX_TERN_077_Ta33_W33_V33,0.1124515375684782,3.23145248,3.616482912,-0.005449438,5.333333333,0.0352382411938744,1.83,0.3785058343892028,-0.4444444444444445,Nb50-Mo50,0.5,0.0,0.0,0.5,MATRIX_TERN_077_Ta33_W33_V33,0.0,0.0,0.0,0.0,0.0,0.0,0.0,0.333333333,0.333333333,0.333333333,0.0,0.0,0.0
Nb50-Mo50,B2_TERN_SOL_078_Ru_Hf87_Nb12,-0.23110324149415334,3.23145248,2.562008656,-1.091011246,6.0625,0.079929319846275,1.7680000000000002,0.4374654272053965,-14.1168,Nb50-Mo50,0.5,0.0,0.0,0.5,B2_TERN_SOL_078_Ru_Hf87_Nb12,0.5,0.4375,0.0,0.0,0.0,0.0,0.0625,0.0,0.0,0.0,0.0,0.0,0.0
Nb50-Mo50,B2_TERN_SOL_079_Ru_Hf75_Nb25,-0.003189676576356059,3.23145248,3.221161604,-0.990479496,6.125,0.0772310128363896,1.786,0.4237971212738473,-13.1472,Nb50-Mo50,0.5,0.0,0.0,0.5,B2_TERN_SOL_079_Ru_Hf75_Nb25,0.5,0.375,0.0,0.0,0.0,0.0,0.125,0.0,0.0,0.0,0.0,0.0,0.0
Nb50-Mo50,B2_TERN_SOL_080_Ru_Hf87_Mo12,-0.23403827499907973,3.23145248,2.554397326,-1.011580317,6.125,0.0808002001785193,1.8016,0.4447172584912801,-14.16,Nb50-Mo50,0.5,0.0,0.0,0.5,B2_TERN_SOL_080_Ru_Hf87_Mo12,0.5,0.4375,0.0,0.0,0.0,0.0625,0.0,0.0,0.0,0.0,0.0,0.0,0.0
Nb50-Mo50,B2_TERN_SOL_081_Ru_Hf75_Mo25,-0.009740910272655282,3.23145248,3.200127757,-0.833822359,6.25,0.0785362630419332,1.8532,0.4332686926146408,-13.32,Nb50-Mo50,0.5,0.0,0.0,0.5,B2_TERN_SOL_081_Ru_Hf75_Mo25,0.5,0.375,0.0,0.0,0.0,0.125,0.0,0.0,0.0,0.0,0.0,0.0,0.0
Nb50-Mo50,B2_TERN_SOL_082_Ru_Hf87_Ta12,-0.23176297601138093,3.23145248,2.560296043,-1.113680888,6.0625,0.079929319846275,1.7620000000000002,0.4404043596514458,-13.68,Nb50-Mo50,0.5,0.0,0.0,0.5,B2_TERN_SOL_082_Ru_Hf87_Ta12,0.5,0.4375,0.0,0.0,0.0,0.0,0.0,0.0625,0.0,0.0,0.0,0.0,0.0
Nb50-Mo50,B2_TERN_SOL_083_Ru_Hf75_Ta25,-0.004618268895711721,3.23145248,3.216563145,-1.032519678,6.125,0.0772310128363896,1.774,0.4302603862778911,-12.36,Nb50-Mo50,0.5,0.0,0.0,0.5,B2_TERN_SOL_083_Ru_Hf75_Ta25,0.5,0.375,0.0,0.0,0.0,0.0,0.0,0.125,0.0,0.0,0.0,0.0,0.0
Nb50-Mo50,B2_TERN_SOL_084_Ru_Hf87_W12,-0.23405727926549824,3.23145248,2.554348108,-1.017173511,6.125,0.0808002001785193,1.8136,0.4567614694783263,-13.92,Nb50-Mo50,0.5,0.0,0.0,0.5,B2_TERN_SOL_084_Ru_Hf87_W12,0.5,0.4375,0.0,0.0,0.0,0.0,0.0,0.0,0.0625,0.0,0.0,0.0,0.0
Nb50-Mo50,B2_TERN_SOL_085_Ru_Hf75_W25,-0.009501624622704102,3.23145248,3.200893611,-0.836868509,6.25,0.0785362630419332,1.8772,0.4546120983871855,-12.84,Nb50-Mo50,0.5,0.0,0.0,0.5,B2_TERN_SOL_085_Ru_Hf75_W25,0.5,0.375,0.0,0.0,0.0,0.0,0.0,0.0,0.125,0.0,0.0,0.0,0.0
Nb50-Mo50,B2_TERN_SOL_086_Ru_Hf87_V12,-0.2372969048075008,3.23145248,2.545970218,-1.063735031,6.0625,0.0824106716944606,1.7698,0.4368317296167943,-13.44,Nb50-Mo50,0.5,0.0,0.0,0.5,B2_TERN_SOL_086_Ru_Hf87_V12,0.5,0.4375,0.0,0.0,0.0,0.0,0.0,0.0,0.0,0.0625,0.0,0.0,0.0
Nb50-Mo50,B2_TERN_SOL_087_Ru_Hf75_V25,-0.015794513122302782,3.23145248,3.180813173,-0.946727169,6.125,0.0813951555025931,1.7896,0.4223266981851847,-11.88,Nb50-Mo50,0.5,0.0,0.0,0.5,B2_TERN_SOL_087_Ru_Hf75_V25,0.5,0.375,0.0,0.0,0.0,0.0,0.0,0.0,0.0,0.125,0.0,0.0,0.0
Nb50-Mo50,B2_TERN_SOL_088_Ru_Ti87_Nb12,-0.2742385416248454,3.23145248,2.452124543,-0.983188993,6.0625,0.04588506177003,1.8736,0.3266910467092724,-9.6112,Nb50-Mo50,0.5,0.0,0.0,0.5,B2_TERN_SOL_088_Ru_Ti87_Nb12,0.5,0.0,0.4375,0.0,0.0,0.0,0.0625,0.0,0.0,0.0,0.0,0.0,0.0
Nb50-Mo50,B2_TERN_SOL_089_Ru_Ti75_Nb25,-0.040587561719913845,3.23145248,3.102904429,-0.903188944,6.125,0.0454989552387946,1.8772,0.3233081502220444,-9.1648,Nb50-Mo50,0.5,0.0,0.0,0.5,B2_TERN_SOL_089_Ru_Ti75_Nb25,0.5,0.0,0.375,0.0,0.0,0.0,0.125,0.0,0.0,0.0,0.0,0.0,0.0
Nb50-Mo50,B2_TERN_SOL_090_Ru_Ti87_Mo12,-0.2778876605891131,3.23145248,2.443019595,-0.92145562,6.125,0.0449536510398423,1.9072,0.3256196554263886,-9.760000000000002,Nb50-Mo50,0.5,0.0,0.0,0.5,B2_TERN_SOL_090_Ru_Ti87_Mo12,0.5,0.0,0.4375,0.0,0.0,0.0625,0.0,0.0,0.0,0.0,0.0,0.0,0.0
Nb50-Mo50,B2_TERN_SOL_091_Ru_Ti75_Mo25,-0.04673272174424058,3.23145248,3.083886002,-0.762838311,6.25,0.0433128345312989,1.9444,0.3168416639269527,-9.52,Nb50-Mo50,0.5,0.0,0.0,0.5,B2_TERN_SOL_091_Ru_Ti75_Mo25,0.5,0.0,0.375,0.0,0.0,0.125,0.0,0.0,0.0,0.0,0.0,0.0,0.0
Nb50-Mo50,B2_TERN_SOL_092_Ru_Ti87_Ta12,-0.2748806880922912,3.23145248,2.4505202,-1.012091649,6.0625,0.04588506177003,1.8676,0.3325270515311499,-9.28,Nb50-Mo50,0.5,0.0,0.0,0.5,B2_TERN_SOL_092_Ru_Ti87_Ta12,0.5,0.0,0.4375,0.0,0.0,0.0,0.0,0.0625,0.0,0.0,0.0,0.0,0.0
Nb50-Mo50,B2_TERN_SOL_093_Ru_Ti75_Ta25,-0.04191117426963345,3.23145248,3.098798357,-0.958150623,6.125,0.0454989552387946,1.8652,0.3350178502706983,-8.559999999999999,Nb50-Mo50,0.5,0.0,0.0,0.5,B2_TERN_SOL_093_Ru_Ti75_Ta25,0.5,0.0,0.375,0.0,0.0,0.0,0.0,0.125,0.0,0.0,0.0,0.0,0.0
Nb50-Mo50,B2_TERN_SOL_094_Ru_Ti87_W12,-0.27758753291992533,3.23145248,2.443767345,-0.933472753,6.125,0.0449536510398423,1.9192,0.338158779273879,-9.52,Nb50-Mo50,0.5,0.0,0.0,0.5,B2_TERN_SOL_094_Ru_Ti87_W12,0.5,0.0,0.4375,0.0,0.0,0.0,0.0,0.0,0.0625,0.0,0.0,0.0,0.0
Nb50-Mo50,B2_TERN_SOL_095_Ru_Ti75_W25,-0.04728382003731928,3.23145248,3.082186007,-0.789613358,6.25,0.0433128345312989,1.9684,0.3390596407713546,-9.04,Nb50-Mo50,0.5,0.0,0.0,0.5,B2_TERN_SOL_095_Ru_Ti75_W25,0.5,0.0,0.375,0.0,0.0,0.0,0.0,0.0,0.125,0.0,0.0,0.0,0.0
Nb50-Mo50,B2_TERN_SOL_096_Ru_Ti87_V12,-0.28207711914545663,3.23145248,2.432602346,-0.982724607,6.0625,0.0461854444311139,1.8754,0.3252581128888256,-9.04,Nb50-Mo50,0.5,0.0,0.0,0.5,B2_TERN_SOL_096_Ru_Ti87_V12,0.5,0.0,0.4375,0.0,0.0,0.0,0.0,0.0,0.0,0.0625,0.0,0.0,0.0
Nb50-Mo50,B2_TERN_SOL_097_Ru_Ti75_V25,-0.05613854906225358,3.23145248,3.05499642,-0.905306641,6.125,0.0454154582679287,1.8808,0.3203550530271062,-8.08,Nb50-Mo50,0.5,0.0,0.0,0.5,B2_TERN_SOL_097_Ru_Ti75_V25,0.5,0.0,0.375,0.0,0.0,0.0,0.0,0.0,0.0,0.125,0.0,0.0,0.0
Nb50-Mo50,B2_TERN_SOL_098_Ru_Zr87_Nb12,-0.2213956619936256,3.23145248,2.587326291,-0.890146496,6.0625,0.0860586382926536,1.7812,0.423370476060861,-16.756800000000002,Nb50-Mo50,0.5,0.0,0.0,0.5,B2_TERN_SOL_098_Ru_Zr87_Nb12,0.5,0.0,0.0,0.4375,0.0,0.0,0.0625,0.0,0.0,0.0,0.0,0.0,0.0
Nb50-Mo50,B2_TERN_SOL_099_Ru_Zr75_Nb25,0.005316731596212932,3.23145248,3.24867904,-0.818094975,6.125,0.0831528643327092,1.7974,0.4107739524361301,-15.4272,Nb50-Mo50,0.5,0.0,0.0,0.5,B2_TERN_SOL_099_Ru_Zr75_Nb25,0.5,0.0,0.0,0.375,0.0,0.0,0.125,0.0,0.0,0.0,0.0,0.0,0.0
Nb50-Mo50,B2_TERN_SOL_100_Ru_Zr87_Mo12,-0.22452986044927456,3.23145248,2.579128061,-0.806967569,6.125,0.0870934949098326,1.8148,0.4298289892503762,-16.8,Nb50-Mo50,0.5,0.0,0.0,0.5,B2_TERN_SOL_100_Ru_Zr87_Mo12,0.5,0.0,0.0,0.4375,0.0,0.0625,0.0,0.0,0.0,0.0,0.0,0.0,0.0
Nb50-Mo50,B2_TERN_SOL_101_Ru_Zr75_Mo25,-0.001144759881444676,3.23145248,3.227755359,-0.655458039,6.25,0.084783177312234,1.8646000000000005,0.4187133148109814,-15.6,Nb50-Mo50,0.5,0.0,0.0,0.5,B2_TERN_SOL_101_Ru_Zr75_Mo25,0.5,0.0,0.0,0.375,0.0,0.125,0.0,0.0,0.0,0.0,0.0,0.0,0.0
Nb50-Mo50,B2_TERN_SOL_102_Ru_Zr87_Ta12,-0.22205450500917387,3.23145248,2.585601013,-0.911972703,6.0625,0.0860586382926536,1.7752,0.4265922643461787,-16.32,Nb50-Mo50,0.5,0.0,0.0,0.5,B2_TERN_SOL_102_Ru_Zr87_Ta12,0.5,0.0,0.0,0.4375,0.0,0.0,0.0,0.0625,0.0,0.0,0.0,0.0,0.0
Nb50-Mo50,B2_TERN_SOL_103_Ru_Zr75_Ta25,0.004028581196740836,3.23145248,3.244496924,-0.863325979,6.125,0.0831528643327091,1.7854,0.4177664898002233,-14.64,Nb50-Mo50,0.5,0.0,0.0,0.5,B2_TERN_SOL_103_Ru_Zr75_Ta25,0.5,0.0,0.0,0.375,0.0,0.0,0.0,0.125,0.0,0.0,0.0,0.0,0.0
Nb50-Mo50,B2_TERN_SOL_104_Ru_Zr87_W12,-0.22438936658781322,3.23145248,2.579495061,-0.814514579,6.125,0.0870934949098326,1.8268,0.4419205358432667,-16.56,Nb50-Mo50,0.5,0.0,0.0,0.5,B2_TERN_SOL_104_Ru_Zr87_W12,0.5,0.0,0.0,0.4375,0.0,0.0,0.0,0.0,0.0625,0.0,0.0,0.0,0.0
Nb50-Mo50,B2_TERN_SOL_105_Ru_Zr75_W25,-0.0006270161901189776,3.23145248,3.229426942,-0.661370427,6.25,0.084783177312234,1.8886,0.4401409319752027,-15.12,Nb50-Mo50,0.5,0.0,0.0,0.5,B2_TERN_SOL_105_Ru_Zr75_W25,0.5,0.0,0.0,0.375,0.0,0.0,0.0,0.0,0.125,0.0,0.0,0.0,0.0
Nb50-Mo50,B2_TERN_SOL_106_Ru_Zr87_V12,-0.22721800805305123,3.23145248,2.572114963,-0.856520623,6.0625,0.0887380403728719,1.783,0.4226594373724548,-16.08,Nb50-Mo50,0.5,0.0,0.0,0.5,B2_TERN_SOL_106_Ru_Zr87_V12,0.5,0.0,0.0,0.4375,0.0,0.0,0.0,0.0,0.0,0.0625,0.0,0.0,0.0
Nb50-Mo50,B2_TERN_SOL_107_Ru_Zr75_V25,-0.007165888220511055,3.23145248,3.208378924,-0.759667971,6.125,0.0877123126458997,1.8010000000000002,0.4091564492953766,-14.16,Nb50-Mo50,0.5,0.0,0.0,0.5,B2_TERN_SOL_107_Ru_Zr75_V25,0.5,0.0,0.0,0.375,0.0,0.0,0.0,0.0,0.0,0.125,0.0,0.0,0.0
Nb50-Mo50,B2_PENALTY_108_Ru100Al0_Hf,0.4550584384824825,3.23145248,5.135083991,-1.187745448,6.0,0.0821917808219178,1.75,0.45,-15.0,Nb50-Mo50,0.5,0.0,0.0,0.5,B2_PENALTY_108_Ru100Al0_Hf,0.5,0.5,0.0,0.0,0.0,0.0,0.0,0.0,0.0,0.0,0.0,0.0,0.0
Nb50-Mo50,B2_PENALTY_109_Ru87Al12_Hf,-0.22458069029362912,3.23145248,2.578995294,-1.06443911,5.6875,0.0794670531912796,1.7146,0.4362027510229618,-15.312,Nb50-Mo50,0.5,0.0,0.0,0.5,B2_PENALTY_109_Ru87Al12_Hf,0.4375,0.5,0.0,0.0,0.0625,0.0,0.0,0.0,0.0,0.0,0.0,0.0,0.0
Nb50-Mo50,B2_PENALTY_110_Ru75Al25_Hf,0.010257791606527586,3.23145248,3.264770933,-0.95574225,5.375,0.0765104674756606,1.6792000000000002,0.4189741758151689,-15.048,Nb50-Mo50,0.5,0.0,0.0,0.5,B2_PENALTY_110_Ru75Al25_Hf,0.375,0.5,0.0,0.0,0.125,0.0,0.0,0.0,0.0,0.0,0.0,0.0,0.0
Nb50-Mo50,B2_PENALTY_111_Ru62Al37_Hf,-0.2150343094341607,3.23145248,2.60403723,-0.842813539,5.0625,0.072734714189907,1.6379,0.3939322149812072,-14.012,Nb50-Mo50,0.5,0.0,0.0,0.5,B2_PENALTY_111_Ru62Al37_Hf,0.3125,0.5,0.0,0.0,0.1875,0.0,0.0,0.0,0.0,0.0,0.0,0.0,0.0
Nb50-Mo50,B2_PENALTY_112_Ru50Al50_Hf,0.2495205881880517,3.23145248,4.152701731,-0.729649314,4.75,0.0691810843061248,1.6025,0.3674489760497368,-12.5,Nb50-Mo50,0.5,0.0,0.0,0.5,B2_PENALTY_112_Ru50Al50_Hf,0.25,0.5,0.0,0.0,0.25,0.0,0.0,0.0,0.0,0.0,0.0,0.0,0.0
Nb50-Mo50,B2_PENALTY_113_Ru87Cr12_Hf,-0.23091304135583146,3.23145248,2.562502587,-1.035615577,5.875,0.0853931303142513,1.7176,0.4356446258132884,-12.672,Nb50-Mo50,0.5,0.0,0.0,0.5,B2_PENALTY_113_Ru87Cr12_Hf,0.4375,0.5,0.0,0.0,0.0,0.0,0.0,0.0,0.0,0.0,0.0625,0.0,0.0
Nb50-Mo50,B2_PENALTY_114_Ru75Cr25_Hf,-0.0018670982463611626,3.23145248,3.225424668,-0.878162691,5.75,0.0884389348964152,1.6852000000000005,0.4182976930369089,-10.488,Nb50-Mo50,0.5,0.0,0.0,0.5,B2_PENALTY_114_Ru75Cr25_Hf,0.375,0.5,0.0,0.0,0.0,0.0,0.0,0.0,0.0,0.0,0.125,0.0,0.0
Nb50-Mo50,B2_PENALTY_115_Ru62Cr37_Hf,-0.23314047750385652,3.23145248,2.556723432,-0.716377173,5.625,0.0918154837201231,1.6474000000000002,0.3937476857074846,-8.122,Nb50-Mo50,0.5,0.0,0.0,0.5,B2_PENALTY_115_Ru62Cr37_Hf,0.3125,0.5,0.0,0.0,0.0,0.0,0.0,0.0,0.0,0.0,0.1875,0.0,0.0
Nb50-Mo50,B2_PENALTY_116_Ru50Cr50_Hf,0.22570009639898292,3.23145248,4.053567315,-0.552796357,5.5,0.09457197487001,1.615,0.3683408747342603,-6.25,Nb50-Mo50,0.5,0.0,0.0,0.5,B2_PENALTY_116_Ru50Cr50_Hf,0.25,0.5,0.0,0.0,0.0,0.0,0.0,0.0,0.0,0.0,0.25,0.0,0.0
Nb50-Mo50,B2_PENALTY_117_Ru87Cu12_Hf,-0.2282457743287145,3.23145248,2.569438099,-1.045192975,6.1875,0.0853931303142513,1.7320000000000002,0.4374654272053965,-14.4672,Nb50-Mo50,0.5,0.0,0.0,0.5,B2_PENALTY_117_Ru87Cu12_Hf,0.4375,0.5,0.0,0.0,0.0,0.0,0.0,0.0,0.0,0.0,0.0,0.0625,0.0
Nb50-Mo50,B2_PENALTY_118_Ru75Cu25_Hf,0.0014871844288213325,3.23145248,3.236261822,-0.923389889,6.375,0.0884389348964152,1.7140000000000002,0.4237971212738473,-13.5888,Nb50-Mo50,0.5,0.0,0.0,0.5,B2_PENALTY_118_Ru75Cu25_Hf,0.375,0.5,0.0,0.0,0.0,0.0,0.0,0.0,0.0,0.0,0.0,0.125,0.0
Nb50-Mo50,B2_PENALTY_119_Ru62Cu37_Hf,-0.22869266003254066,3.23145248,2.568274935,-0.799684359,6.5625,0.0918154837201231,1.693,0.4062646920420233,-12.1272,Nb50-Mo50,0.5,0.0,0.0,0.5,B2_PENALTY_119_Ru62Cu37_Hf,0.3125,0.5,0.0,0.0,0.0,0.0,0.0,0.0,0.0,0.0,0.0,0.1875,0.0
Nb50-Mo50,B2_PENALTY_120_Ru50Cu50_Hf,0.23131158976599417,3.23145248,4.076680397,-0.677358279,6.75,0.09457197487001,1.675,0.3897114317029974,-10.5,Nb50-Mo50,0.5,0.0,0.0,0.5,B2_PENALTY_120_Ru50Cu50_Hf,0.25,0.5,0.0,0.0,0.0,0.0,0.0,0.0,0.0,0.0,0.0,0.25,0.0
Nb50-Mo50,B2_PENALTY_121_Ru87Si12_Hf,-0.2264341807430531,3.23145248,2.574158138,-1.089550642,5.75,0.0937602843775687,1.7320000000000002,0.4374654272053965,-12.3552,Nb50-Mo50,0.5,0.0,0.0,0.5,B2_PENALTY_121_Ru87Si12_Hf,0.4375,0.5,0.0,0.0,0.0,0.0,0.0,0.0,0.0,0.0,0.0,0.0,0.0625
Nb50-Mo50,B2_PENALTY_122_Ru75Si25_Hf,0.0052346612894487625,3.23145248,3.248412429,-1.009713639,5.5,0.1038426921242283,1.7140000000000002,0.4237971212738473,-9.9408,Nb50-Mo50,0.5,0.0,0.0,0.5,B2_PENALTY_122_Ru75Si25_Hf,0.375,0.5,0.0,0.0,0.0,0.0,0.0,0.0,0.0,0.0,0.0,0.0,0.125
Nb50-Mo50,B2_PENALTY_123_Ru62Si37_Hf,-0.2229999071829716,3.23145248,2.583127124,-0.920694427,5.25,0.1142356063938751,1.693,0.4062646920420233,-7.4152,Nb50-Mo50,0.5,0.0,0.0,0.5,B2_PENALTY_123_Ru62Si37_Hf,0.3125,0.5,0.0,0.0,0.0,0.0,0.0,0.0,0.0,0.0,0.0,0.0,0.1875
Nb50-Mo50,B2_PENALTY_124_Ru50Si50_Hf,0.23883670416377198,3.23145248,4.107906653,-0.838327211,5.0,0.1222287117389678,1.6750000000000005,0.3897114317029974,-5.5,Nb50-Mo50,0.5,0.0,0.0,0.5,B2_PENALTY_124_Ru50Si50_Hf,0.25,0.5,0.0,0.0,0.0,0.0,0.0,0.0,0.0,0.0,0.0,0.0,0.25
Nb50-Mo50,B2_PENALTY_125_Ru100Al0_Ti,0.4068091019206933,3.23145248,4.881705796,-1.057956866,6.0,0.0462633451957295,1.87,0.33,-10.0,Nb50-Mo50,0.5,0.0,0.0,0.5,B2_PENALTY_125_Ru100Al0_Ti,0.5,0.0,0.5,0.0,0.0,0.0,0.0,0.0,0.0,0.0,0.0,0.0,0.0
Nb50-Mo50,B2_PENALTY_126_Ru87Al12_Ti,-0.274927036450234,3.23145248,2.450404438,-0.970267174,5.6875,0.0447291357659921,1.8346,0.3242974560492266,-10.912,Nb50-Mo50,0.5,0.0,0.0,0.5,B2_PENALTY_126_Ru87Al12_Ti,0.4375,0.0,0.5,0.0,0.0625,0.0,0.0,0.0,0.0,0.0,0.0,0.0,0.0
Nb50-Mo50,B2_PENALTY_127_Ru75Al25_Ti,-0.04162189049136071,3.23145248,3.09969531,-0.88819063,5.375,0.0428259601061415,1.7992,0.3145335594177512,-11.248,Nb50-Mo50,0.5,0.0,0.0,0.5,B2_PENALTY_127_Ru75Al25_Ti,0.375,0.0,0.5,0.0,0.125,0.0,0.0,0.0,0.0,0.0,0.0,0.0,0.0
Nb50-Mo50,B2_PENALTY_128_Ru62Al37_Ti,-0.2665616663056435,3.23145248,2.471374896,-0.804440265,5.0625,0.0400790404298587,1.7579,0.2974669561480737,-10.912,Nb50-Mo50,0.5,0.0,0.0,0.5,B2_PENALTY_128_Ru62Al37_Ti,0.3125,0.0,0.5,0.0,0.1875,0.0,0.0,0.0,0.0,0.0,0.0,0.0,0.0
Nb50-Mo50,B2_PENALTY_129_Ru50Al50_Ti,0.19748994904548633,3.23145248,3.939553259,-0.713701673,4.75,0.0371922251866817,1.7225,0.2771619562638422,-10.0,Nb50-Mo50,0.5,0.0,0.0,0.5,B2_PENALTY_129_Ru50Al50_Ti,0.25,0.0,0.5,0.0,0.25,0.0,0.0,0.0,0.0,0.0,0.0,0.0,0.0
Nb50-Mo50,B2_PENALTY_130_Ru87Cr12_Ti,-0.28135389507206726,3.23145248,2.434397938,-0.94270459,5.875,0.0499298619726951,1.8376,0.3224317602222213,-8.272,Nb50-Mo50,0.5,0.0,0.0,0.5,B2_PENALTY_130_Ru87Cr12_Ti,0.4375,0.0,0.5,0.0,0.0,0.0,0.0,0.0,0.0,0.0,0.0625,0.0,0.0
Nb50-Mo50,B2_PENALTY_131_Ru75Cr25_Ti,-0.054030300579547386,3.23145248,3.061448806,-0.80961964,5.75,0.0532543770850372,1.8052,0.3113277372801852,-6.688,Nb50-Mo50,0.5,0.0,0.0,0.5,B2_PENALTY_131_Ru75Cr25_Ti,0.375,0.0,0.5,0.0,0.0,0.0,0.0,0.0,0.0,0.0,0.125,0.0,0.0
Nb50-Mo50,B2_PENALTY_132_Ru62Cr37_Ti,-0.2853582558006984,3.23145248,2.424470344,-0.675679922,5.625,0.0567786551293567,1.7674,0.2933619607242902,-5.022,Nb50-Mo50,0.5,0.0,0.0,0.5,B2_PENALTY_132_Ru62Cr37_Ti,0.3125,0.0,0.5,0.0,0.0,0.0,0.0,0.0,0.0,0.0,0.1875,0.0,0.0
Nb50-Mo50,B2_PENALTY_133_Ru50Cr50_Ti,0.17203151223941296,3.23145248,3.839681408,-0.538077974,5.5,0.0595429689109598,1.735,0.2729010809799038,-3.75,Nb50-Mo50,0.5,0.0,0.0,0.5,B2_PENALTY_133_Ru50Cr50_Ti,0.25,0.0,0.5,0.0,0.0,0.0,0.0,0.0,0.0,0.0,0.25,0.0,0.0
Nb50-Mo50,B2_PENALTY_134_Ru87Cu12_Ti,-0.2785791281312531,3.23145248,2.441297595,-0.919729937,6.1875,0.0499298619726951,1.852,0.3195246469366644,-10.0672,Nb50-Mo50,0.5,0.0,0.0,0.5,B2_PENALTY_134_Ru87Cu12_Ti,0.4375,0.0,0.5,0.0,0.0,0.0,0.0,0.0,0.0,0.0,0.0,0.0625,0.0
Nb50-Mo50,B2_PENALTY_135_Ru75Cu25_Ti,-0.04972226367894665,3.23145248,3.074675013,-0.801717189,6.375,0.0532543770850372,1.834,0.3076426498390625,-9.7888,Nb50-Mo50,0.5,0.0,0.0,0.5,B2_PENALTY_135_Ru75Cu25_Ti,0.375,0.0,0.5,0.0,0.0,0.0,0.0,0.0,0.0,0.0,0.0,0.125,0.0
Nb50-Mo50,B2_PENALTY_136_Ru62Cu37_Ti,-0.27902978323960864,3.23145248,2.440175866,-0.680640909,6.5625,0.0567786551293567,1.813,0.2917721713940519,-9.0272,Nb50-Mo50,0.5,0.0,0.0,0.5,B2_PENALTY_136_Ru62Cu37_Ti,0.3125,0.0,0.5,0.0,0.0,0.0,0.0,0.0,0.0,0.0,0.0,0.1875,0.0
Nb50-Mo50,B2_PENALTY_137_Ru50Cu50_Ti,0.18053854566179584,3.23145248,3.872743044,-0.557797759,6.75,0.0595429689109598,1.7950000000000002,0.2761792895928295,-8.0,Nb50-Mo50,0.5,0.0,0.0,0.5,B2_PENALTY_137_Ru50Cu50_Ti,0.25,0.0,0.5,0.0,0.0,0.0,0.0,0.0,0.0,0.0,0.0,0.25,0.0
Nb50-Mo50,B2_PENALTY_138_Ru87Si12_Ti,-0.2775548890972186,3.23145248,2.443848687,-0.989505902,5.75,0.0607546208741894,1.852,0.3195246469366644,-7.9552,Nb50-Mo50,0.5,0.0,0.0,0.5,B2_PENALTY_138_Ru87Si12_Ti,0.4375,0.0,0.5,0.0,0.0,0.0,0.0,0.0,0.0,0.0,0.0,0.0,0.0625
Nb50-Mo50,B2_PENALTY_139_Ru75Si25_Ti,-0.04732785826583361,3.23145248,3.0820502,-0.93611645,5.5,0.0719655963958058,1.834,0.3076426498390625,-6.1408,Nb50-Mo50,0.5,0.0,0.0,0.5,B2_PENALTY_139_Ru75Si25_Ti,0.375,0.0,0.5,0.0,0.0,0.0,0.0,0.0,0.0,0.0,0.0,0.0,0.125
Nb50-Mo50,B2_PENALTY_140_Ru62Si37_Ti,-0.27570170089152324,3.23145248,2.448470295,-0.869757039,5.25,0.0826499299050591,1.813,0.2917721713940519,-4.3152,Nb50-Mo50,0.5,0.0,0.0,0.5,B2_PENALTY_140_Ru62Si37_Ti,0.3125,0.0,0.5,0.0,0.0,0.0,0.0,0.0,0.0,0.0,0.0,0.0,0.1875
Nb50-Mo50,B2_PENALTY_141_Ru50Si50_Ti,0.1850507289845961,3.23145248,3.890404933,-0.808674347,5.0,0.090393746324797,1.795,0.2761792895928295,-3.0,Nb50-Mo50,0.5,0.0,0.0,0.5,B2_PENALTY_141_Ru50Si50_Ti,0.25,0.0,0.5,0.0,0.0,0.0,0.0,0.0,0.0,0.0,0.0,0.0,0.25
Nb50-Mo50,B2_PENALTY_142_Ru100Al0_Zr,0.4659317575050156,3.23145248,5.194385147,-0.960777489,6.0,0.0884353741496598,1.765,0.435,-18.0,Nb50-Mo50,0.5,0.0,0.0,0.5,B2_PENALTY_142_Ru100Al0_Zr,0.5,0.0,0.0,0.5,0.0,0.0,0.0,0.0,0.0,0.0,0.0,0.0,0.0
Nb50-Mo50,B2_PENALTY_143_Ru87Al12_Zr,-0.21325302579424724,3.23145248,2.608733784,-0.873588029,5.6875,0.0856069896776228,1.7296,0.421971373436635,-17.951999999999998,Nb50-Mo50,0.5,0.0,0.0,0.5,B2_PENALTY_143_Ru87Al12_Zr,0.4375,0.0,0.0,0.5,0.0625,0.0,0.0,0.0,0.0,0.0,0.0,0.0,0.0
Nb50-Mo50,B2_PENALTY_144_Ru75Al25_Zr,0.021713251756810825,3.23145248,3.302387941,-0.797935587,5.375,0.0825630715605787,1.6942000000000002,0.4054483444287324,-17.328,Nb50-Mo50,0.5,0.0,0.0,0.5,B2_PENALTY_144_Ru75Al25_Zr,0.375,0.0,0.0,0.5,0.125,0.0,0.0,0.0,0.0,0.0,0.0,0.0,0.0
Nb50-Mo50,B2_PENALTY_145_Ru62Al37_Zr,-0.203782511376799,3.23145248,2.633831346,-0.726652657,5.0625,0.0787099182537501,1.6529,0.381143791763686,-15.872,Nb50-Mo50,0.5,0.0,0.0,0.5,B2_PENALTY_145_Ru62Al37_Zr,0.3125,0.0,0.0,0.5,0.1875,0.0,0.0,0.0,0.0,0.0,0.0,0.0,0.0
Nb50-Mo50,B2_PENALTY_146_Ru50Al50_Zr,0.26049632444129767,3.23145248,4.199293486,-0.654418284,4.75,0.0751158704347694,1.6175000000000002,0.3552024070864386,-14.0,Nb50-Mo50,0.5,0.0,0.0,0.5,B2_PENALTY_146_Ru50Al50_Zr,0.25,0.0,0.0,0.5,0.25,0.0,0.0,0.0,0.0,0.0,0.0,0.0,0.0
Nb50-Mo50,B2_PENALTY_147_Ru87Cr12_Zr,-0.21954460317946461,3.23145248,2.592179044,-0.824075051,5.875,0.0915913075118357,1.7326,0.4212875977286776,-15.312,Nb50-Mo50,0.5,0.0,0.0,0.5,B2_PENALTY_147_Ru87Cr12_Zr,0.4375,0.0,0.0,0.5,0.0,0.0,0.0,0.0,0.0,0.0,0.0625,0.0,0.0
Nb50-Mo50,B2_PENALTY_148_Ru75Cr25_Zr,0.009410450740559961,3.23145248,3.262005664,-0.675888976,5.75,0.0946071432924222,1.7002000000000002,0.4045268347093924,-12.768,Nb50-Mo50,0.5,0.0,0.0,0.5,B2_PENALTY_148_Ru75Cr25_Zr,0.375,0.0,0.0,0.5,0.0,0.0,0.0,0.0,0.0,0.0,0.125,0.0,0.0
Nb50-Mo50,B2_PENALTY_149_Ru62Cr37_Zr,-0.22209278944025415,3.23145248,2.585500791,-0.525764636,5.625,0.097964971374696,1.6624,0.3805788223219995,-9.982,Nb50-Mo50,0.5,0.0,0.0,0.5,B2_PENALTY_149_Ru62Cr37_Zr,0.3125,0.0,0.0,0.5,0.0,0.0,0.0,0.0,0.0,0.0,0.1875,0.0,0.0
Nb50-Mo50,B2_PENALTY_150_Ru50Cr50_Zr,0.2365339851761297,3.23145248,4.09832298,-0.377855166,5.5,0.100717188245724,1.63,0.355598087733891,-7.75,Nb50-Mo50,0.5,0.0,0.0,0.5,B2_PENALTY_150_Ru50Cr50_Zr,0.25,0.0,0.0,0.5,0.0,0.0,0.0,0.0,0.0,0.0,0.25,0.0,0.0
Nb50-Mo50,B2_PENALTY_151_Ru87Cu12_Zr,-0.2170924176716361,3.23145248,2.598620194,-0.842497728,6.1875,0.0915913075118357,1.747,0.4226594373724548,-17.1072,Nb50-Mo50,0.5,0.0,0.0,0.5,B2_PENALTY_151_Ru87Cu12_Zr,0.4375,0.0,0.0,0.5,0.0,0.0,0.0,0.0,0.0,0.0,0.0,0.0625,0.0
Nb50-Mo50,B2_PENALTY_152_Ru75Cu25_Zr,0.012796420499482278,3.23145248,3.273069781,-0.744916574,6.375,0.0946071432924222,1.729,0.4091564492953766,-15.8688,Nb50-Mo50,0.5,0.0,0.0,0.5,B2_PENALTY_152_Ru75Cu25_Zr,0.375,0.0,0.0,0.5,0.0,0.0,0.0,0.0,0.0,0.0,0.0,0.125,0.0
Nb50-Mo50,B2_PENALTY_153_Ru62Cu37_Zr,-0.21746164857963657,3.23145248,2.597649425,-0.643740809,6.5625,0.097964971374696,1.708,0.3917728933961614,-13.9872,Nb50-Mo50,0.5,0.0,0.0,0.5,B2_PENALTY_153_Ru62Cu37_Zr,0.3125,0.0,0.0,0.5,0.0,0.0,0.0,0.0,0.0,0.0,0.0,0.1875,0.0
Nb50-Mo50,B2_PENALTY_154_Ru50Cu50_Zr,0.24276646923684975,3.23145248,4.124319928,-0.545283305,6.75,0.100717188245724,1.6900000000000002,0.3752998800959041,-12.0,Nb50-Mo50,0.5,0.0,0.0,0.5,B2_PENALTY_154_Ru50Cu50_Zr,0.25,0.0,0.0,0.5,0.0,0.0,0.0,0.0,0.0,0.0,0.0,0.25,0.0
Nb50-Mo50,B2_PENALTY_155_Ru87Si12_Zr,-0.2152428421452061,3.23145248,2.603487904,-0.898605077,5.75,0.0996987498196708,1.747,0.4226594373724548,-14.9952,Nb50-Mo50,0.5,0.0,0.0,0.5,B2_PENALTY_155_Ru87Si12_Zr,0.4375,0.0,0.0,0.5,0.0,0.0,0.0,0.0,0.0,0.0,0.0,0.0,0.0625
Nb50-Mo50,B2_PENALTY_156_Ru75Si25_Zr,0.016563102322067733,3.23145248,3.285422312,-0.857108746,5.5,0.1096308366502065,1.729,0.4091564492953766,-12.2208,Nb50-Mo50,0.5,0.0,0.0,0.5,B2_PENALTY_156_Ru75Si25_Zr,0.375,0.0,0.0,0.5,0.0,0.0,0.0,0.0,0.0,0.0,0.0,0.0,0.125
Nb50-Mo50,B2_PENALTY_157_Ru62Si37_Zr,-0.2120279407681904,3.23145248,2.611968248,-0.806319256,5.25,0.1199620550667942,1.708,0.3917728933961614,-9.2752,Nb50-Mo50,0.5,0.0,0.0,0.5,B2_PENALTY_157_Ru62Si37_Zr,0.3125,0.0,0.0,0.5,0.0,0.0,0.0,0.0,0.0,0.0,0.0,0.0,0.1875
Nb50-Mo50,B2_PENALTY_158_Ru50Si50_Zr,0.2489835187319693,3.23145248,4.150436873,-0.770078956,5.0,0.127965781170799,1.69,0.3752998800959041,-7.0,Nb50-Mo50,0.5,0.0,0.0,0.5,B2_PENALTY_158_Ru50Si50_Zr,0.25,0.0,0.0,0.5,0.0,0.0,0.0,0.0,0.0,0.0,0.0,0.0,0.25
Nb50-Mo50,B2_MULTI_159_A_Ru87_Al12_B_HfTi,-0.24803224735903823,3.23145248,2.518380484,-0.993246203,5.6875,0.0678797217863284,1.7746000000000002,0.3889997943444186,-13.112,Nb50-Mo50,0.5,0.0,0.0,0.5,B2_MULTI_159_A_Ru87_Al12_B_HfTi,0.4375,0.25,0.25,0.0,0.0625,0.0,0.0,0.0,0.0,0.0,0.0,0.0,0.0
Nb50-Mo50,B2_MULTI_160_A_Ru75_Al25_B_HfTi,-0.01402491312875723,3.23145248,3.186447237,-0.900034303,5.375,0.0654597746128897,1.7392,0.3752803751863399,-13.148,Nb50-Mo50,0.5,0.0,0.0,0.5,B2_MULTI_160_A_Ru75_Al25_B_HfTi,0.375,0.25,0.25,0.0,0.125,0.0,0.0,0.0,0.0,0.0,0.0,0.0,0.0
Nb50-Mo50,B2_MULTI_161_A_Ru87_Al12_B_HfZr,-0.21885698527080888,3.23145248,2.593983772,-0.966894404,5.6875,0.0826853853075511,1.7221000000000002,0.4292115911761937,-16.631999999999998,Nb50-Mo50,0.5,0.0,0.0,0.5,B2_MULTI_161_A_Ru87_Al12_B_HfZr,0.4375,0.25,0.0,0.25,0.0625,0.0,0.0,0.0,0.0,0.0,0.0,0.0,0.0
Nb50-Mo50,B2_MULTI_162_A_Ru75_Al25_B_HfZr,0.016074846129933276,3.23145248,3.283818469,-0.87583034,5.375,0.0796873228030491,1.6867,0.4123349487976978,-16.188,Nb50-Mo50,0.5,0.0,0.0,0.5,B2_MULTI_162_A_Ru75_Al25_B_HfZr,0.375,0.25,0.0,0.25,0.125,0.0,0.0,0.0,0.0,0.0,0.0,0.0,0.0
Nb50-Mo50,B2_MULTI_163_A_Ru87_Al12_B_HfAl,-0.2570949229928909,3.23145248,2.495293785,-4.954411074,2.8125,0.0553065594713224,1.8678,0.3451393341825878,-18.8,Nb50-Mo50,0.5,0.0,0.0,0.5,B2_MULTI_163_A_Ru87_Al12_B_HfAl,0.25,0.0625,0.0,0.0,0.1875,0.0,0.0,0.0,0.0,0.0,0.0,0.0,0.0
Nb50-Mo50,B2_MULTI_163_A_Ru87_Al13_B_HfAl,-0.257227663477541,3.23145248,2.494957013,-1.044063929,5.4375,0.0671169315930914,1.7921,0.3795109879832204,-17.512,Nb50-Mo50,0.5,0.0,0.0,0.5,B2_MULTI_163_A_Ru87_Al13_B_HfAl,0.4375,0.25,0.0,0.0,0.3125,0.0,0.0,0.0,0.0,0.0,0.0,0.0,0.0
Nb50-Mo50,B2_MULTI_164_A_Ru75_Al25_B_HfAl,-0.02208821354172283,3.23145248,3.160855152,-0.932800309,5.125,0.0647257979106258,1.7552475247524757,0.3655934929642944,-16.912067444368198,Nb50-Mo50,0.5,0.0,0.0,0.5,B2_MULTI_164_A_Ru75_Al25_B_HfAl,0.375,0.25,0.0,0.0,0.375,0.0,0.0,0.0,0.0,0.0,0.0,0.0,0.0
Nb50-Mo50,B2_MULTI_165_A_Ru87_Al12_B_TiZr,-0.24207158343793297,3.23145248,2.533666714,-0.881935538,5.6875,0.0727621617453034,1.7821000000000002,0.3799613006610016,-14.432,Nb50-Mo50,0.5,0.0,0.0,0.5,B2_MULTI_165_A_Ru87_Al12_B_TiZr,0.4375,0.0,0.25,0.25,0.0625,0.0,0.0,0.0,0.0,0.0,0.0,0.0,0.0
Nb50-Mo50,B2_MULTI_166_A_Ru75_Al25_B_TiZr,-0.0077948089969371295,3.23145248,3.206361714,-0.808063227,5.375,0.0703058182976203,1.7467,0.3666280267519111,-14.288,Nb50-Mo50,0.5,0.0,0.0,0.5,B2_MULTI_166_A_Ru75_Al25_B_TiZr,0.375,0.0,0.25,0.25,0.125,0.0,0.0,0.0,0.0,0.0,0.0,0.0,0.0
Nb50-Mo50,B2_MULTI_167_A_Ru87_Al12_B_TiAl,-0.2853170564994349,3.23145248,2.424572308,-5.952786629,1.5,0.0273038199437399,1.694324324324325,0.2239032192052839,-9.817384952520088,Nb50-Mo50,0.5,0.0,0.0,0.5,B2_MULTI_167_A_Ru87_Al12_B_TiAl,0.0625,0.0,0.0625,0.0,0.25,0.0,0.0,0.0,0.0,0.0,0.0,0.0,0.0
Nb50-Mo50,B2_MULTI_167_A_Ru87_Al13_B_TiAl,-0.2853583366136235,3.23145248,2.424470144,-1.021190861,5.4375,0.0396803315535911,1.8521,0.309477931361834,-15.312,Nb50-Mo50,0.5,0.0,0.0,0.5,B2_MULTI_167_A_Ru87_Al13_B_TiAl,0.4375,0.0,0.25,0.0,0.3125,0.0,0.0,0.0,0.0,0.0,0.0,0.0,0.0
Nb50-Mo50,B2_MULTI_168_A_Ru75_Al25_B_TiAl,-0.0509493967629208,3.23145248,3.070901903,-0.941385339,5.125,0.0380980563492807,1.814653465346535,0.3004965012116891,-15.049504950495049,Nb50-Mo50,0.5,0.0,0.0,0.5,B2_MULTI_168_A_Ru75_Al25_B_TiAl,0.375,0.0,0.25,0.0,0.375,0.0,0.0,0.0,0.0,0.0,0.0,0.0,0.0
Nb50-Mo50,B2_MULTI_169_A_Ru87_Al12_B_ZrAl,-0.25035935129548137,3.23145248,2.512434563,-3.978965604,3.1875,0.0773292902137734,1.9146938775510205,0.3828683476015858,-17.35276967930029,Nb50-Mo50,0.5,0.0,0.0,0.5,B2_MULTI_169_A_Ru87_Al12_B_ZrAl,0.3125,0.0,0.0,0.125,0.0625,0.0,0.0,0.0,0.0,0.0,0.0,0.0,0.0
Nb50-Mo50,B2_MULTI_169_A_Ru87_Al13_B_ZrAl,-0.2503597039005584,3.23145248,2.512433663,-0.95203949,5.4375,0.0724611766706071,1.7996,0.3698862527859072,-18.832,Nb50-Mo50,0.5,0.0,0.0,0.5,B2_MULTI_169_A_Ru87_Al13_B_ZrAl,0.4375,0.0,0.0,0.25,0.3125,0.0,0.0,0.0,0.0,0.0,0.0,0.0,0.0
Nb50-Mo50,B2_MULTI_170_A_Ru75_Al25_B_ZrAl,-0.016013887972717238,3.23145248,3.180115415,-0.885427863,5.125,0.0699929276125827,1.762673267326733,0.356461962724668,-18.02960494069209,Nb50-Mo50,0.5,0.0,0.0,0.5,B2_MULTI_170_A_Ru75_Al25_B_ZrAl,0.375,0.0,0.0,0.25,0.375,0.0,0.0,0.0,0.0,0.0,0.0,0.0,0.0
Nb50-Ta50,B2_014_RuHf,-0.2533535258541664,3.31693148,2.571059804,-1.190557465,6.0,0.0821917808219178,1.75,0.45,-15.0,Nb50-Ta50,0.0,0.5,0.0,0.5,B2_014_RuHf,0.5,0.5,0.0,0.0,0.0,0.0,0.0,0.0,0.0,0.0,0.0,0.0,0.0
Nb50-Ta50,B2_015_RuTi,-0.3047475679942154,3.31693148,2.43976227,-1.048598035,6.0,0.0462633451957295,1.87,0.33,-10.0,Nb50-Ta50,0.0,0.5,0.0,0.5,B2_015_RuTi,0.5,0.0,0.5,0.0,0.0,0.0,0.0,0.0,0.0,0.0,0.0,0.0,0.0
Nb50-Ta50,B2_016_RuZr,-0.2443345367667178,3.31693148,2.59472104,-0.959079125,6.0,0.0884353741496598,1.765,0.435,-18.0,Nb50-Ta50,0.0,0.5,0.0,0.5,B2_016_RuZr,0.5,0.0,0.0,0.5,0.0,0.0,0.0,0.0,0.0,0.0,0.0,0.0,0.0
Nb50-Ta50,B2_017_RuAl,-0.325464620230647,3.31693148,2.388477153,-1.00191235,5.5,0.0324909747292418,1.905,0.295,-20.0,Nb50-Ta50,0.0,0.5,0.0,0.5,B2_017_RuAl,0.5,0.0,0.0,0.0,0.5,0.0,0.0,0.0,0.0,0.0,0.0,0.0,0.0
Nb50-Ta50,MATRIX_BIN_018_Nb12_Mo87,-0.27444767286782235,3.31693148,2.516452193,-0.074598622,5.875,0.0162666672861703,2.0928,0.1819784602638455,-0.8448,Nb50-Ta50,0.0,0.5,0.0,0.5,MATRIX_BIN_018_Nb12_Mo87,0.0,0.0,0.0,0.0,0.0,0.875,0.125,0.0,0.0,0.0,0.0,0.0,0.0
Nb50-Ta50,MATRIX_BIN_019_Nb25_Mo75,-0.03949461453850747,3.31693148,3.18846737,-0.093096702,5.75,0.0215352675896663,2.02,0.2424871130596428,-1.5,Nb50-Ta50,0.0,0.5,0.0,0.5,MATRIX_BIN_019_Nb25_Mo75,0.0,0.0,0.0,0.0,0.0,0.75,0.25,0.0,0.0,0.0,0.0,0.0,0.0
Nb50-Ta50,MATRIX_BIN_020_Nb50_Mo50,0.20349334717786668,3.31693148,4.068360358,-0.068167471,5.5,0.0245614035087719,1.88,0.28,-2.0,Nb50-Ta50,0.0,0.5,0.0,0.5,MATRIX_BIN_020_Nb50_Mo50,0.0,0.0,0.0,0.0,0.0,0.5,0.5,0.0,0.0,0.0,0.0,0.0,0.0
Nb50-Ta50,MATRIX_BIN_021_Nb75_Mo25,-0.012327977570480873,3.31693148,3.276290931,-0.003897255,5.25,0.0210127480987559,1.7400000000000002,0.2424871130596428,-1.5,Nb50-Ta50,0.0,0.5,0.0,0.5,MATRIX_BIN_021_Nb75_Mo25,0.0,0.0,0.0,0.0,0.0,0.25,0.75,0.0,0.0,0.0,0.0,0.0,0.0
Nb50-Ta50,MATRIX_BIN_022_Nb87_Mo12,-0.2352112380529449,3.31693148,2.618850201,0.026755452,5.125,0.0156705067050018,1.6672000000000002,0.1819784602638455,-0.8448,Nb50-Ta50,0.0,0.5,0.0,0.5,MATRIX_BIN_022_Nb87_Mo12,0.0,0.0,0.0,0.0,0.0,0.125,0.875,0.0,0.0,0.0,0.0,0.0,0.0
Nb50-Ta50,MATRIX_BIN_023_Nb12_Ta87,-0.23134325697352526,3.31693148,2.629139739,0.01664066,5.0,0.0,1.512,0.0324961536185438,-0.4224,Nb50-Ta50,0.0,0.5,0.0,0.5,MATRIX_BIN_023_Nb12_Ta87,0.0,0.0,0.0,0.0,0.0,0.0,0.125,0.875,0.0,0.0,0.0,0.0,0.0
Nb50-Ta50,MATRIX_BIN_024_Nb25_Ta75,-0.0006852808322190885,3.31693148,3.314659229,0.02257152,5.0,0.0,1.525,0.0433012701892219,-0.75,Nb50-Ta50,0.0,0.5,0.0,0.5,MATRIX_BIN_024_Nb25_Ta75,0.0,0.0,0.0,0.0,0.0,0.0,0.25,0.75,0.0,0.0,0.0,0.0,0.0
Nb50-Ta50,MATRIX_BIN_025_Nb50_Ta50,0.23060682828806053,3.31693148,4.181529649,0.032388069,5.0,0.0,1.55,0.05,-1.0,Nb50-Ta50,0.0,0.5,0.0,0.5,MATRIX_BIN_025_Nb50_Ta50,0.0,0.0,0.0,0.0,0.0,0.0,0.5,0.5,0.0,0.0,0.0,0.0,0.0
Nb50-Ta50,MATRIX_BIN_026_Nb75_Ta25,0.001612047371525711,3.31693148,3.322282844,0.043369138,5.0,0.0,1.5750000000000002,0.0433012701892219,-0.75,Nb50-Ta50,0.0,0.5,0.0,0.5,MATRIX_BIN_026_Nb75_Ta25,0.0,0.0,0.0,0.0,0.0,0.0,0.75,0.25,0.0,0.0,0.0,0.0,0.0
Nb50-Ta50,MATRIX_BIN_027_Nb87_Ta12,-0.22799068823524946,3.31693148,2.638087089,0.04776952,5.0,0.0,1.588,0.0324961536185438,-0.4224,Nb50-Ta50,0.0,0.5,0.0,0.5,MATRIX_BIN_027_Nb87_Ta12,0.0,0.0,0.0,0.0,0.0,0.0,0.875,0.125,0.0,0.0,0.0,0.0,0.0
Nb50-Ta50,MATRIX_BIN_028_Nb12_W87,-0.26916362074727396,3.31693148,2.53003601,-0.064576028,5.875,0.0162666672861703,2.2688,0.2469707675009331,-0.8448,Nb50-Ta50,0.0,0.5,0.0,0.5,MATRIX_BIN_028_Nb12_W87,0.0,0.0,0.0,0.0,0.0,0.0,0.125,0.0,0.875,0.0,0.0,0.0,0.0
Nb50-Ta50,MATRIX_BIN_029_Nb25_W75,-0.03523137594683277,3.31693148,3.202094355,-0.067975525,5.75,0.0215352675896663,2.17,0.3290896534380866,-1.5,Nb50-Ta50,0.0,0.5,0.0,0.5,MATRIX_BIN_029_Nb25_W75,0.0,0.0,0.0,0.0,0.0,0.0,0.25,0.0,0.75,0.0,0.0,0.0,0.0
Nb50-Ta50,MATRIX_BIN_030_Nb50_W50,0.20560893932202925,3.31693148,4.077067638,-0.024208031,5.5,0.0245614035087719,1.98,0.3799999999999999,-2.0,Nb50-Ta50,0.0,0.5,0.0,0.5,MATRIX_BIN_030_Nb50_W50,0.0,0.0,0.0,0.0,0.0,0.0,0.5,0.0,0.5,0.0,0.0,0.0,0.0
Nb50-Ta50,MATRIX_BIN_031_Nb75_W25,-0.011761251230295063,3.31693148,3.278148285,0.026336168,5.25,0.0210127480987559,1.79,0.3290896534380866,-1.5,Nb50-Ta50,0.0,0.5,0.0,0.5,MATRIX_BIN_031_Nb75_W25,0.0,0.0,0.0,0.0,0.0,0.0,0.75,0.0,0.25,0.0,0.0,0.0,0.0
Nb50-Ta50,MATRIX_BIN_032_Nb87_W12,-0.2347647328800132,3.31693148,2.620036168,0.042204846,5.125,0.0156705067050018,1.6912,0.2469707675009331,-0.8448,Nb50-Ta50,0.0,0.5,0.0,0.5,MATRIX_BIN_032_Nb87_W12,0.0,0.0,0.0,0.0,0.0,0.0,0.875,0.0,0.125,0.0,0.0,0.0,0.0
Nb50-Ta50,MATRIX_BIN_033_Nb12_V87,-0.31808123145772543,3.31693148,2.406649618,0.08248568,5.0,0.0287916304948704,1.6263999999999998,0.009748846085563,-0.4224,Nb50-Ta50,0.0,0.5,0.0,0.5,MATRIX_BIN_033_Nb12_V87,0.0,0.0,0.0,0.0,0.0,0.0,0.125,0.0,0.0,0.875,0.0,0.0,0.0
Nb50-Ta50,MATRIX_BIN_034_Nb25_V75,-0.07381930694389933,3.31693148,3.080793662,0.119704924,5.0,0.0379281198737709,1.6225,0.0129903810567664,-0.75,Nb50-Ta50,0.0,0.5,0.0,0.5,MATRIX_BIN_034_Nb25_V75,0.0,0.0,0.0,0.0,0.0,0.0,0.25,0.0,0.0,0.75,0.0,0.0,0.0
Nb50-Ta50,MATRIX_BIN_035_Nb50_V50,0.1861356834281339,3.31693148,3.997687259,0.146260085,5.0,0.0428571428571428,1.615,0.0149999999999999,-1.0,Nb50-Ta50,0.0,0.5,0.0,0.5,MATRIX_BIN_035_Nb50_V50,0.0,0.0,0.0,0.0,0.0,0.0,0.5,0.0,0.0,0.5,0.0,0.0,0.0
Nb50-Ta50,MATRIX_BIN_036_Nb75_V25,-0.01960729607510833,3.31693148,3.252526823,0.114812331,5.0,0.0363367302287176,1.6075000000000002,0.0129903810567664,-0.75,Nb50-Ta50,0.0,0.5,0.0,0.5,MATRIX_BIN_036_Nb75_V25,0.0,0.0,0.0,0.0,0.0,0.0,0.75,0.0,0.0,0.25,0.0,0.0,0.0
Nb50-Ta50,MATRIX_BIN_037_Nb87_V12,-0.23847703860390085,3.31693148,2.61019026,0.086073827,5.0,0.0269752243651442,1.6036,0.009748846085563,-0.4224,Nb50-Ta50,0.0,0.5,0.0,0.5,MATRIX_BIN_037_Nb87_V12,0.0,0.0,0.0,0.0,0.0,0.0,0.875,0.0,0.0,0.125,0.0,0.0,0.0
Nb50-Ta50,MATRIX_BIN_038_Mo12_Ta87,-0.2387602059247966,3.31693148,2.609440574,-0.021898875,5.125,0.0156705067050018,1.5792000000000002,0.2144746138823893,-0.8448,Nb50-Ta50,0.0,0.5,0.0,0.5,MATRIX_BIN_038_Mo12_Ta87,0.0,0.0,0.0,0.0,0.0,0.125,0.0,0.875,0.0,0.0,0.0,0.0,0.0
Nb50-Ta50,MATRIX_BIN_039_Mo25_Ta75,-0.01577772336172905,3.31693148,3.265007474,-0.045341345,5.25,0.0210127480987559,1.665,0.2857883832488648,-1.5,Nb50-Ta50,0.0,0.5,0.0,0.5,MATRIX_BIN_039_Mo25_Ta75,0.0,0.0,0.0,0.0,0.0,0.25,0.0,0.75,0.0,0.0,0.0,0.0,0.0
Nb50-Ta50,MATRIX_BIN_040_Mo50_Ta50,0.200630879413333,3.31693148,4.056611707,-0.115010835,5.5,0.0245614035087719,1.83,0.33,-2.0,Nb50-Ta50,0.0,0.5,0.0,0.5,MATRIX_BIN_040_Mo50_Ta50,0.0,0.0,0.0,0.0,0.0,0.5,0.0,0.5,0.0,0.0,0.0,0.0,0.0
Nb50-Ta50,MATRIX_BIN_041_Mo75_Ta25,-0.04101110010956701,3.31693148,3.183633813,-0.13445637,5.75,0.0215352675896663,1.995,0.2857883832488648,-1.5,Nb50-Ta50,0.0,0.5,0.0,0.5,MATRIX_BIN_041_Mo75_Ta25,0.0,0.0,0.0,0.0,0.0,0.75,0.0,0.25,0.0,0.0,0.0,0.0,0.0
Nb50-Ta50,MATRIX_BIN_042_Mo87_Ta12,-0.2752180703996635,3.31693148,2.514476987,-0.10635318,5.875,0.0162666672861703,2.0808,0.2144746138823893,-0.8448,Nb50-Ta50,0.0,0.5,0.0,0.5,MATRIX_BIN_042_Mo87_Ta12,0.0,0.0,0.0,0.0,0.0,0.875,0.0,0.125,0.0,0.0,0.0,0.0,0.0
Nb50-Ta50,MATRIX_BIN_043_Mo12_W87,-0.2748377575102669,3.31693148,2.515451896,-0.03228228,6.0,0.0,2.336,0.0649923072370876,-0.4224,Nb50-Ta50,0.0,0.5,0.0,0.5,MATRIX_BIN_043_Mo12_W87,0.0,0.0,0.0,0.0,0.0,0.125,0.0,0.0,0.875,0.0,0.0,0.0,0.0
Nb50-Ta50,MATRIX_BIN_044_Mo25_W75,-0.046265303239979044,3.31693148,3.166942287,-0.031021756,6.0,0.0,2.31,0.0866025403784437,-0.75,Nb50-Ta50,0.0,0.5,0.0,0.5,MATRIX_BIN_044_Mo25_W75,0.0,0.0,0.0,0.0,0.0,0.25,0.0,0.0,0.75,0.0,0.0,0.0,0.0
Nb50-Ta50,MATRIX_BIN_045_Mo50_W50,0.18278538684600495,3.31693148,3.984201707,-0.031400886,6.0,0.0,2.26,0.0999999999999998,-1.0,Nb50-Ta50,0.0,0.5,0.0,0.5,MATRIX_BIN_045_Mo50_W50,0.0,0.0,0.0,0.0,0.0,0.5,0.0,0.0,0.5,0.0,0.0,0.0,0.0
Nb50-Ta50,MATRIX_BIN_046_Mo75_W25,-0.0492266985853117,3.31693148,3.157572258,-0.029765179,6.0,0.0,2.21,0.0866025403784437,-0.75,Nb50-Ta50,0.0,0.5,0.0,0.5,MATRIX_BIN_046_Mo75_W25,0.0,0.0,0.0,0.0,0.0,0.75,0.0,0.0,0.25,0.0,0.0,0.0,0.0
Nb50-Ta50,MATRIX_BIN_047_Mo87_W12,-0.2793165072363299,3.31693148,2.503991537,-0.029998622,6.0,0.0,2.184,0.0649923072370876,-0.4224,Nb50-Ta50,0.0,0.5,0.0,0.5,MATRIX_BIN_047_Mo87_W12,0.0,0.0,0.0,0.0,0.0,0.875,0.0,0.0,0.125,0.0,0.0,0.0,0.0
Nb50-Ta50,MATRIX_BIN_048_Mo12_V87,-0.32768751724013173,3.31693148,2.383028597,-0.006338223,5.125,0.0120713795016878,1.6936,0.1722296141782824,-0.4224,Nb50-Ta50,0.0,0.5,0.0,0.5,MATRIX_BIN_048_Mo12_V87,0.0,0.0,0.0,0.0,0.0,0.125,0.0,0.0,0.0,0.875,0.0,0.0,0.0
Nb50-Ta50,MATRIX_BIN_049_Mo25_V75,-0.09267362162857978,3.31693148,3.023152221,-0.037424369,5.25,0.0160078632862187,1.7625,0.2294967320028763,-0.75,Nb50-Ta50,0.0,0.5,0.0,0.5,MATRIX_BIN_049_Mo25_V75,0.0,0.0,0.0,0.0,0.0,0.25,0.0,0.0,0.0,0.75,0.0,0.0,0.0
Nb50-Ta50,MATRIX_BIN_050_Mo50_V50,0.15173470289158844,3.31693148,3.861543353,-0.097449414,5.5,0.0183150183150182,1.895,0.2650000000000001,-1.0,Nb50-Ta50,0.0,0.5,0.0,0.5,MATRIX_BIN_050_Mo50_V50,0.0,0.0,0.0,0.0,0.0,0.5,0.0,0.0,0.0,0.5,0.0,0.0,0.0
Nb50-Ta50,MATRIX_BIN_051_Mo75_V25,-0.06519597987687813,3.31693148,3.107507677,-0.114008179,5.75,0.0157173394516231,2.0275,0.2294967320028763,-0.75,Nb50-Ta50,0.0,0.5,0.0,0.5,MATRIX_BIN_051_Mo75_V25,0.0,0.0,0.0,0.0,0.0,0.75,0.0,0.0,0.0,0.25,0.0,0.0,0.0
Nb50-Ta50,MATRIX_BIN_052_Mo87_V12,-0.2869929002301692,3.31693148,2.484453351,-0.088360288,5.875,0.0117399398910924,2.0964,0.1722296141782824,-0.4224,Nb50-Ta50,0.0,0.5,0.0,0.5,MATRIX_BIN_052_Mo87_V12,0.0,0.0,0.0,0.0,0.0,0.875,0.0,0.0,0.0,0.125,0.0,0.0,0.0
Nb50-Ta50,MATRIX_BIN_053_Ta12_W87,-0.2698164273858495,3.31693148,2.528354403,-0.093051999,5.875,0.0162666672861703,2.2568,0.279466921119477,-0.4224,Nb50-Ta50,0.0,0.5,0.0,0.5,MATRIX_BIN_053_Ta12_W87,0.0,0.0,0.0,0.0,0.0,0.0,0.0,0.125,0.875,0.0,0.0,0.0,0.0
Nb50-Ta50,MATRIX_BIN_054_Ta25_W75,-0.0365751140659544,3.31693148,3.197793083,-0.107372831,5.75,0.0215352675896663,2.145,0.3723909236273086,-0.75,Nb50-Ta50,0.0,0.5,0.0,0.5,MATRIX_BIN_054_Ta25_W75,0.0,0.0,0.0,0.0,0.0,0.0,0.0,0.25,0.75,0.0,0.0,0.0,0.0
Nb50-Ta50,MATRIX_BIN_055_Ta50_W50,0.20348781725266593,3.31693148,4.068337625,-0.070797609,5.5,0.0245614035087719,1.93,0.4299999999999999,-1.0,Nb50-Ta50,0.0,0.5,0.0,0.5,MATRIX_BIN_055_Ta50_W50,0.0,0.0,0.0,0.0,0.0,0.0,0.0,0.5,0.5,0.0,0.0,0.0,0.0
Nb50-Ta50,MATRIX_BIN_056_Ta75_W25,-0.01468057728013049,3.31693148,3.268591838,-0.021707099,5.25,0.0210127480987559,1.715,0.3723909236273086,-0.75,Nb50-Ta50,0.0,0.5,0.0,0.5,MATRIX_BIN_056_Ta75_W25,0.0,0.0,0.0,0.0,0.0,0.0,0.0,0.75,0.25,0.0,0.0,0.0,0.0
Nb50-Ta50,MATRIX_BIN_057_Ta87_W12,-0.23826716090142555,3.31693148,2.610746034,-0.005622646,5.125,0.0156705067050018,1.6032,0.279466921119477,-0.4224,Nb50-Ta50,0.0,0.5,0.0,0.5,MATRIX_BIN_057_Ta87_W12,0.0,0.0,0.0,0.0,0.0,0.0,0.0,0.875,0.125,0.0,0.0,0.0,0.0
Nb50-Ta50,MATRIX_BIN_058_Ta12_V87,-0.3183864711572719,3.31693148,2.405896049,0.06873568,5.0,0.0287916304948704,1.6143999999999998,0.0422449997041069,0.0,Nb50-Ta50,0.0,0.5,0.0,0.5,MATRIX_BIN_058_Ta12_V87,0.0,0.0,0.0,0.0,0.0,0.0,0.0,0.125,0.0,0.875,0.0,0.0,0.0
Nb50-Ta50,MATRIX_BIN_059_Ta25_V75,-0.07406399541414922,3.31693148,3.080038888,0.103170482,5.0,0.0379281198737709,1.5975,0.0562916512459884,0.0,Nb50-Ta50,0.0,0.5,0.0,0.5,MATRIX_BIN_059_Ta25_V75,0.0,0.0,0.0,0.0,0.0,0.0,0.0,0.25,0.0,0.75,0.0,0.0,0.0
Nb50-Ta50,MATRIX_BIN_060_Ta50_V50,0.1847681884762263,3.31693148,3.992176831,0.118279576,5.0,0.0428571428571428,1.565,0.0649999999999999,0.0,Nb50-Ta50,0.0,0.5,0.0,0.5,MATRIX_BIN_060_Ta50_V50,0.0,0.0,0.0,0.0,0.0,0.0,0.0,0.5,0.0,0.5,0.0,0.0,0.0
Nb50-Ta50,MATRIX_BIN_061_Ta75_V25,-0.022156418719155246,3.31693148,3.244245389,0.083356798,5.0,0.0363367302287176,1.5325,0.0562916512459884,0.0,Nb50-Ta50,0.0,0.5,0.0,0.5,MATRIX_BIN_061_Ta75_V25,0.0,0.0,0.0,0.0,0.0,0.0,0.0,0.75,0.0,0.25,0.0,0.0,0.0
Nb50-Ta50,MATRIX_BIN_062_Ta87_V12,-0.24173921503000262,3.31693148,2.601565119,0.048231505,5.0,0.0269752243651442,1.5156,0.0422449997041069,0.0,Nb50-Ta50,0.0,0.5,0.0,0.5,MATRIX_BIN_062_Ta87_V12,0.0,0.0,0.0,0.0,0.0,0.0,0.0,0.875,0.0,0.125,0.0,0.0,0.0
Nb50-Ta50,MATRIX_BIN_063_W12_V87,-0.3262348905047302,3.31693148,2.38658796,0.007573578,5.125,0.0120713795016878,1.7175999999999998,0.23722192141537,0.0,Nb50-Ta50,0.0,0.5,0.0,0.5,MATRIX_BIN_063_W12_V87,0.0,0.0,0.0,0.0,0.0,0.0,0.0,0.0,0.125,0.875,0.0,0.0,0.0
Nb50-Ta50,MATRIX_BIN_064_W25_V75,-0.08959738465704097,3.31693148,3.032485885,-0.010397496,5.25,0.0160078632862187,1.8125,0.3160992723813201,0.0,Nb50-Ta50,0.0,0.5,0.0,0.5,MATRIX_BIN_064_W25_V75,0.0,0.0,0.0,0.0,0.0,0.0,0.0,0.0,0.25,0.75,0.0,0.0,0.0
Nb50-Ta50,MATRIX_BIN_065_W50_V50,0.15692459369421125,3.31693148,3.881757122,-0.05491275,5.5,0.0183150183150182,1.995,0.365,0.0,Nb50-Ta50,0.0,0.5,0.0,0.5,MATRIX_BIN_065_W50_V50,0.0,0.0,0.0,0.0,0.0,0.0,0.0,0.0,0.5,0.5,0.0,0.0,0.0
Nb50-Ta50,MATRIX_BIN_066_W75_V25,-0.058915887876920855,3.31693148,3.12710346,-0.09208095,5.75,0.0157173394516231,2.1775,0.3160992723813201,0.0,Nb50-Ta50,0.0,0.5,0.0,0.5,MATRIX_BIN_066_W75_V25,0.0,0.0,0.0,0.0,0.0,0.0,0.0,0.0,0.75,0.25,0.0,0.0,0.0
Nb50-Ta50,MATRIX_BIN_067_W87_V12,-0.28080598492965675,3.31693148,2.50019019,-0.084931073,5.875,0.0117399398910924,2.2724,0.23722192141537,0.0,Nb50-Ta50,0.0,0.5,0.0,0.5,MATRIX_BIN_067_W87_V12,0.0,0.0,0.0,0.0,0.0,0.0,0.0,0.0,0.875,0.125,0.0,0.0,0.0
Nb50-Ta50,MATRIX_TERN_068_Nb33_Mo33_Ta33,0.11605312364939113,3.31693148,3.725584467,-0.065262171,5.333333333,0.0229686657461987,1.7533333333333334,0.2904402788105596,-2.2222222222222228,Nb50-Ta50,0.0,0.5,0.0,0.5,MATRIX_TERN_068_Nb33_Mo33_Ta33,0.0,0.0,0.0,0.0,0.0,0.333333333,0.333333333,0.333333333,0.0,0.0,0.0,0.0,0.0
Nb50-Ta50,MATRIX_TERN_069_Nb33_Mo33_W33,0.10237814487298609,3.31693148,3.674833441,-0.049686914,5.666666667,0.0233478654165369,2.0400000000000005,0.3216623488483951,-2.2222222222222223,Nb50-Ta50,0.0,0.5,0.0,0.5,MATRIX_TERN_069_Nb33_Mo33_W33,0.0,0.0,0.0,0.0,0.0,0.333333333,0.333333333,0.0,0.333333333,0.0,0.0,0.0,0.0
Nb50-Ta50,MATRIX_TERN_070_Nb33_Mo33_V33,0.08566008296900389,3.31693148,3.613773878,-0.013214523,5.333333333,0.0352382411938744,1.7966666666666669,0.2572072229848058,-1.777777777777778,Nb50-Ta50,0.0,0.5,0.0,0.5,MATRIX_TERN_070_Nb33_Mo33_V33,0.0,0.0,0.0,0.0,0.0,0.333333333,0.333333333,0.0,0.0,0.333333333,0.0,0.0,0.0
Nb50-Ta50,MATRIX_TERN_071_Nb33_Ta33_W33,0.11731650126464699,3.31693148,3.730310358,-0.031019427,5.333333333,0.0229686657461987,1.82,0.3840138886377244,-1.777777777777778,Nb50-Ta50,0.0,0.5,0.0,0.5,MATRIX_TERN_071_Nb33_Ta33_W33,0.0,0.0,0.0,0.0,0.0,0.0,0.333333333,0.333333333,0.333333333,0.0,0.0,0.0,0.0
Nb50-Ta50,MATRIX_TERN_072_Nb33_Ta33_V33,0.10515907190362805,3.31693148,3.685094771,0.08652521,5.0,0.0398370017569885,1.5766666666666669,0.0555777733351102,-0.8888888888888891,Nb50-Ta50,0.0,0.5,0.0,0.5,MATRIX_TERN_072_Nb33_Ta33_V33,0.0,0.0,0.0,0.0,0.0,0.0,0.333333333,0.333333333,0.0,0.333333333,0.0,0.0,0.0
Nb50-Ta50,MATRIX_TERN_073_Nb33_W33_V33,0.0880247542582692,3.31693148,3.622345558,0.018775382,5.333333333,0.0352382411938744,1.8633333333333333,0.351409858838492,-1.3333333333333337,Nb50-Ta50,0.0,0.5,0.0,0.5,MATRIX_TERN_073_Nb33_W33_V33,0.0,0.0,0.0,0.0,0.0,0.0,0.333333333,0.0,0.333333333,0.333333333,0.0,0.0,0.0
Nb50-Ta50,MATRIX_TERN_074_Mo33_Ta33_W33,0.10059164479783032,3.31693148,3.668257294,-0.093088097,5.666666667,0.0233478654165369,2.006666666666667,0.3674537007872178,-1.777777777777778,Nb50-Ta50,0.0,0.5,0.0,0.5,MATRIX_TERN_074_Mo33_Ta33_W33,0.0,0.0,0.0,0.0,0.0,0.333333333,0.0,0.333333333,0.333333333,0.0,0.0,0.0,0.0
Nb50-Ta50,MATRIX_TERN_075_Mo33_Ta33_V33,0.08395447478545034,3.31693148,3.607604365,-0.042224622,5.333333333,0.0352382411938744,1.7633333333333336,0.2854625875467553,-1.3333333333333337,Nb50-Ta50,0.0,0.5,0.0,0.5,MATRIX_TERN_075_Mo33_Ta33_V33,0.0,0.0,0.0,0.0,0.0,0.333333333,0.0,0.333333333,0.0,0.333333333,0.0,0.0,0.0
Nb50-Ta50,MATRIX_TERN_076_Mo33_W33_V33,0.06896146473298785,3.31693148,3.553840738,-0.074437179,5.666666667,0.0171627859511297,2.0500000000000003,0.3080043289739069,-0.8888888888888891,Nb50-Ta50,0.0,0.5,0.0,0.5,MATRIX_TERN_076_Mo33_W33_V33,0.0,0.0,0.0,0.0,0.0,0.333333333,0.0,0.0,0.333333333,0.333333333,0.0,0.0,0.0
Nb50-Ta50,MATRIX_TERN_077_Ta33_W33_V33,0.08640805671319232,3.31693148,3.616482912,-0.005449438,5.333333333,0.0352382411938744,1.83,0.3785058343892028,-0.4444444444444445,Nb50-Ta50,0.0,0.5,0.0,0.5,MATRIX_TERN_077_Ta33_W33_V33,0.0,0.0,0.0,0.0,0.0,0.0,0.0,0.333333333,0.333333333,0.333333333,0.0,0.0,0.0
Nb50-Ta50,B2_TERN_SOL_078_Ru_Hf87_Nb12,-0.25682276278922794,3.31693148,2.562008656,-1.091011246,6.0625,0.079929319846275,1.7680000000000002,0.4374654272053965,-14.1168,Nb50-Ta50,0.0,0.5,0.0,0.5,B2_TERN_SOL_078_Ru_Hf87_Nb12,0.5,0.4375,0.0,0.0,0.0,0.0,0.0625,0.0,0.0,0.0,0.0,0.0,0.0
Nb50-Ta50,B2_TERN_SOL_079_Ru_Hf75_Nb25,-0.029295965893898816,3.31693148,3.221161604,-0.990479496,6.125,0.0772310128363896,1.786,0.4237971212738473,-13.1472,Nb50-Ta50,0.0,0.5,0.0,0.5,B2_TERN_SOL_079_Ru_Hf75_Nb25,0.5,0.375,0.0,0.0,0.0,0.0,0.125,0.0,0.0,0.0,0.0,0.0,0.0
Nb50-Ta50,B2_TERN_SOL_080_Ru_Hf87_Mo12,-0.2597484076247798,3.31693148,2.554397326,-1.011580317,6.125,0.0808002001785193,1.8016,0.4447172584912801,-14.16,Nb50-Ta50,0.0,0.5,0.0,0.5,B2_TERN_SOL_080_Ru_Hf87_Mo12,0.5,0.4375,0.0,0.0,0.0,0.0625,0.0,0.0,0.0,0.0,0.0,0.0,0.0
Nb50-Ta50,B2_TERN_SOL_081_Ru_Hf75_Mo25,-0.035845530553675974,3.31693148,3.200127757,-0.833822359,6.25,0.0785362630419332,1.8532,0.4332686926146408,-13.32,Nb50-Ta50,0.0,0.5,0.0,0.5,B2_TERN_SOL_081_Ru_Hf75_Mo25,0.5,0.375,0.0,0.0,0.0,0.125,0.0,0.0,0.0,0.0,0.0,0.0,0.0
Nb50-Ta50,B2_TERN_SOL_082_Ru_Hf87_Ta12,-0.2574803966798887,3.31693148,2.560296043,-1.113680888,6.0625,0.079929319846275,1.7620000000000002,0.4404043596514458,-13.68,Nb50-Ta50,0.0,0.5,0.0,0.5,B2_TERN_SOL_082_Ru_Hf87_Ta12,0.5,0.4375,0.0,0.0,0.0,0.0,0.0,0.0625,0.0,0.0,0.0,0.0,0.0
Nb50-Ta50,B2_TERN_SOL_083_Ru_Hf75_Ta25,-0.030724242005479633,3.31693148,3.216563145,-1.032519678,6.125,0.0772310128363896,1.774,0.4302603862778911,-12.36,Nb50-Ta50,0.0,0.5,0.0,0.5,B2_TERN_SOL_083_Ru_Hf75_Ta25,0.5,0.375,0.0,0.0,0.0,0.0,0.0,0.125,0.0,0.0,0.0,0.0,0.0
Nb50-Ta50,B2_TERN_SOL_084_Ru_Hf87_W12,-0.259767350735129,3.31693148,2.554348108,-1.017173511,6.125,0.0808002001785193,1.8136,0.4567614694783263,-13.92,Nb50-Ta50,0.0,0.5,0.0,0.5,B2_TERN_SOL_084_Ru_Hf87_W12,0.5,0.4375,0.0,0.0,0.0,0.0,0.0,0.0,0.0625,0.0,0.0,0.0,0.0
Nb50-Ta50,B2_TERN_SOL_085_Ru_Hf75_W25,-0.035606315720324654,3.31693148,3.200893611,-0.836868509,6.25,0.0785362630419332,1.8772,0.4546120983871855,-12.84,Nb50-Ta50,0.0,0.5,0.0,0.5,B2_TERN_SOL_085_Ru_Hf75_W25,0.5,0.375,0.0,0.0,0.0,0.0,0.0,0.0,0.125,0.0,0.0,0.0,0.0
Nb50-Ta50,B2_TERN_SOL_086_Ru_Hf87_V12,-0.262996482531166,3.31693148,2.545970218,-1.063735031,6.0625,0.0824106716944606,1.7698,0.4368317296167943,-13.44,Nb50-Ta50,0.0,0.5,0.0,0.5,B2_TERN_SOL_086_Ru_Hf87_V12,0.5,0.4375,0.0,0.0,0.0,0.0,0.0,0.0,0.0,0.0625,0.0,0.0,0.0
Nb50-Ta50,B2_TERN_SOL_087_Ru_Hf75_V25,-0.04189709330518373,3.31693148,3.180813173,-0.946727169,6.125,0.0813951555025931,1.7896,0.4223266981851847,-11.88,Nb50-Ta50,0.0,0.5,0.0,0.5,B2_TERN_SOL_087_Ru_Hf75_V25,0.5,0.375,0.0,0.0,0.0,0.0,0.0,0.0,0.0,0.125,0.0,0.0,0.0
Nb50-Ta50,B2_TERN_SOL_088_Ru_Ti87_Nb12,-0.29980881917325763,3.31693148,2.452124543,-0.983188993,6.0625,0.04588506177003,1.8736,0.3266910467092724,-9.6112,Nb50-Ta50,0.0,0.5,0.0,0.5,B2_TERN_SOL_088_Ru_Ti87_Nb12,0.5,0.0,0.4375,0.0,0.0,0.0,0.0625,0.0,0.0,0.0,0.0,0.0,0.0
Nb50-Ta50,B2_TERN_SOL_089_Ru_Ti75_Nb25,-0.06667679798480655,3.31693148,3.102904429,-0.903188944,6.125,0.0454989552387946,1.8772,0.3233081502220444,-9.1648,Nb50-Ta50,0.0,0.5,0.0,0.5,B2_TERN_SOL_089_Ru_Ti75_Nb25,0.5,0.0,0.375,0.0,0.0,0.0,0.125,0.0,0.0,0.0,0.0,0.0,0.0
Nb50-Ta50,B2_TERN_SOL_090_Ru_Ti87_Mo12,-0.30344420416800155,3.31693148,2.443019595,-0.92145562,6.125,0.0449536510398423,1.9072,0.3256196554263886,-9.760000000000002,Nb50-Ta50,0.0,0.5,0.0,0.5,B2_TERN_SOL_090_Ru_Ti87_Mo12,0.5,0.0,0.4375,0.0,0.0,0.0625,0.0,0.0,0.0,0.0,0.0,0.0,0.0
Nb50-Ta50,B2_TERN_SOL_091_Ru_Ti75_Mo25,-0.07281741079334222,3.31693148,3.083886002,-0.762838311,6.25,0.0433128345312989,1.9444,0.3168416639269527,-9.52,Nb50-Ta50,0.0,0.5,0.0,0.5,B2_TERN_SOL_091_Ru_Ti75_Mo25,0.5,0.0,0.375,0.0,0.0,0.125,0.0,0.0,0.0,0.0,0.0,0.0,0.0
Nb50-Ta50,B2_TERN_SOL_092_Ru_Ti87_Ta12,-0.3004485613653203,3.31693148,2.4505202,-1.012091649,6.0625,0.04588506177003,1.8676,0.3325270515311499,-9.28,Nb50-Ta50,0.0,0.5,0.0,0.5,B2_TERN_SOL_092_Ru_Ti87_Ta12,0.5,0.0,0.4375,0.0,0.0,0.0,0.0,0.0625,0.0,0.0,0.0,0.0,0.0
Nb50-Ta50,B2_TERN_SOL_093_Ru_Ti75_Ta25,-0.06799947271532839,3.31693148,3.098798357,-0.958150623,6.125,0.0454989552387946,1.8652,0.3350178502706983,-8.559999999999999,Nb50-Ta50,0.0,0.5,0.0,0.5,B2_TERN_SOL_093_Ru_Ti75_Ta25,0.5,0.0,0.375,0.0,0.0,0.0,0.0,0.125,0.0,0.0,0.0,0.0,0.0
Nb50-Ta50,B2_TERN_SOL_094_Ru_Ti87_W12,-0.30314521259493205,3.31693148,2.443767345,-0.933472753,6.125,0.0449536510398423,1.9192,0.338158779273879,-9.52,Nb50-Ta50,0.0,0.5,0.0,0.5,B2_TERN_SOL_094_Ru_Ti87_W12,0.5,0.0,0.4375,0.0,0.0,0.0,0.0,0.0,0.0625,0.0,0.0,0.0,0.0
Nb50-Ta50,B2_TERN_SOL_095_Ru_Ti75_W25,-0.0733680772315535,3.31693148,3.082186007,-0.789613358,6.25,0.0433128345312989,1.9684,0.3390596407713546,-9.04,Nb50-Ta50,0.0,0.5,0.0,0.5,B2_TERN_SOL_095_Ru_Ti75_W25,0.5,0.0,0.375,0.0,0.0,0.0,0.0,0.0,0.125,0.0,0.0,0.0,0.0
Nb50-Ta50,B2_TERN_SOL_096_Ru_Ti87_V12,-0.3076176819765701,3.31693148,2.432602346,-0.982724607,6.0625,0.0461854444311139,1.8754,0.3252581128888256,-9.04,Nb50-Ta50,0.0,0.5,0.0,0.5,B2_TERN_SOL_096_Ru_Ti87_V12,0.5,0.0,0.4375,0.0,0.0,0.0,0.0,0.0,0.0,0.0625,0.0,0.0,0.0
Nb50-Ta50,B2_TERN_SOL_097_Ru_Ti75_V25,-0.08221532450171003,3.31693148,3.05499642,-0.905306641,6.125,0.0454154582679287,1.8808,0.3203550530271062,-8.08,Nb50-Ta50,0.0,0.5,0.0,0.5,B2_TERN_SOL_097_Ru_Ti75_V25,0.5,0.0,0.375,0.0,0.0,0.0,0.0,0.0,0.0,0.125,0.0,0.0,0.0
Nb50-Ta50,B2_TERN_SOL_098_Ru_Zr87_Nb12,-0.24714543886739118,3.31693148,2.587326291,-0.890146496,6.0625,0.0860586382926536,1.7812,0.423370476060861,-16.756800000000002,Nb50-Ta50,0.0,0.5,0.0,0.5,B2_TERN_SOL_098_Ru_Zr87_Nb12,0.5,0.0,0.0,0.4375,0.0,0.0,0.0625,0.0,0.0,0.0,0.0,0.0,0.0
Nb50-Ta50,B2_TERN_SOL_099_Ru_Zr75_Nb25,-0.02079088907028259,3.31693148,3.24867904,-0.818094975,6.125,0.0831528643327092,1.7974,0.4107739524361301,-15.4272,Nb50-Ta50,0.0,0.5,0.0,0.5,B2_TERN_SOL_099_Ru_Zr75_Nb25,0.5,0.0,0.0,0.375,0.0,0.0,0.125,0.0,0.0,0.0,0.0,0.0,0.0
Nb50-Ta50,B2_TERN_SOL_100_Ru_Zr87_Mo12,-0.25027000282797857,3.31693148,2.579128061,-0.806967569,6.125,0.0870934949098326,1.8148,0.4298289892503762,-16.8,Nb50-Ta50,0.0,0.5,0.0,0.5,B2_TERN_SOL_100_Ru_Zr87_Mo12,0.5,0.0,0.0,0.4375,0.0,0.0625,0.0,0.0,0.0,0.0,0.0,0.0,0.0
Nb50-Ta50,B2_TERN_SOL_101_Ru_Zr75_Mo25,-0.027251455476401575,3.31693148,3.227755359,-0.655458039,6.25,0.084783177312234,1.8646000000000005,0.4187133148109814,-15.6,Nb50-Ta50,0.0,0.5,0.0,0.5,B2_TERN_SOL_101_Ru_Zr75_Mo25,0.5,0.0,0.0,0.375,0.0,0.125,0.0,0.0,0.0,0.0,0.0,0.0,0.0
Nb50-Ta50,B2_TERN_SOL_102_Ru_Zr87_Ta12,-0.247802267202191,3.31693148,2.585601013,-0.911972703,6.0625,0.0860586382926536,1.7752,0.4265922643461787,-16.32,Nb50-Ta50,0.0,0.5,0.0,0.5,B2_TERN_SOL_102_Ru_Zr87_Ta12,0.5,0.0,0.0,0.4375,0.0,0.0,0.0,0.0625,0.0,0.0,0.0,0.0,0.0
Nb50-Ta50,B2_TERN_SOL_103_Ru_Zr75_Ta25,-0.022078898538568936,3.31693148,3.244496924,-0.863325979,6.125,0.0831528643327091,1.7854,0.4177664898002233,-14.64,Nb50-Ta50,0.0,0.5,0.0,0.5,B2_TERN_SOL_103_Ru_Zr75_Ta25,0.5,0.0,0.0,0.375,0.0,0.0,0.0,0.125,0.0,0.0,0.0,0.0,0.0
Nb50-Ta50,B2_TERN_SOL_104_Ru_Zr87_W12,-0.2501299435759392,3.31693148,2.579495061,-0.814514579,6.125,0.0870934949098326,1.8268,0.4419205358432667,-16.56,Nb50-Ta50,0.0,0.5,0.0,0.5,B2_TERN_SOL_104_Ru_Zr87_W12,0.5,0.0,0.0,0.4375,0.0,0.0,0.0,0.0,0.0625,0.0,0.0,0.0,0.0
Nb50-Ta50,B2_TERN_SOL_105_Ru_Zr75_W25,-0.02673380599080193,3.31693148,3.229426942,-0.661370427,6.25,0.084783177312234,1.8886,0.4401409319752027,-15.12,Nb50-Ta50,0.0,0.5,0.0,0.5,B2_TERN_SOL_105_Ru_Zr75_W25,0.5,0.0,0.0,0.375,0.0,0.0,0.0,0.0,0.125,0.0,0.0,0.0,0.0
Nb50-Ta50,B2_TERN_SOL_106_Ru_Zr87_V12,-0.2529497854055215,3.31693148,2.572114963,-0.856520623,6.0625,0.0887380403728719,1.783,0.4226594373724548,-16.08,Nb50-Ta50,0.0,0.5,0.0,0.5,B2_TERN_SOL_106_Ru_Zr87_V12,0.5,0.0,0.0,0.4375,0.0,0.0,0.0,0.0,0.0,0.0625,0.0,0.0,0.0
Nb50-Ta50,B2_TERN_SOL_107_Ru_Zr75_V25,-0.03327123133742658,3.31693148,3.208378924,-0.759667971,6.125,0.0877123126458997,1.8010000000000002,0.4091564492953766,-14.16,Nb50-Ta50,0.0,0.5,0.0,0.5,B2_TERN_SOL_107_Ru_Zr75_V25,0.5,0.0,0.0,0.375,0.0,0.0,0.0,0.0,0.0,0.125,0.0,0.0,0.0
Nb50-Ta50,B2_PENALTY_108_Ru100Al0_Hf,0.43022933813557857,3.31693148,5.135083991,-1.187745448,6.0,0.0821917808219178,1.75,0.45,-15.0,Nb50-Ta50,0.0,0.5,0.0,0.5,B2_PENALTY_108_Ru100Al0_Hf,0.5,0.5,0.0,0.0,0.0,0.0,0.0,0.0,0.0,0.0,0.0,0.0,0.0
Nb50-Ta50,B2_PENALTY_109_Ru87Al12_Hf,-0.25032067537004327,3.31693148,2.578995294,-1.06443911,5.6875,0.0794670531912796,1.7146,0.4362027510229618,-15.312,Nb50-Ta50,0.0,0.5,0.0,0.5,B2_PENALTY_109_Ru87Al12_Hf,0.4375,0.5,0.0,0.0,0.0625,0.0,0.0,0.0,0.0,0.0,0.0,0.0,0.0
Nb50-Ta50,B2_PENALTY_110_Ru75Al25_Hf,-0.015850168763927724,3.31693148,3.264770933,-0.95574225,5.375,0.0765104674756606,1.6792000000000002,0.4189741758151689,-15.048,Nb50-Ta50,0.0,0.5,0.0,0.5,B2_PENALTY_110_Ru75Al25_Hf,0.375,0.5,0.0,0.0,0.125,0.0,0.0,0.0,0.0,0.0,0.0,0.0,0.0
Nb50-Ta50,B2_PENALTY_111_Ru62Al37_Hf,-0.24080324856166996,3.31693148,2.60403723,-0.842813539,5.0625,0.072734714189907,1.6379,0.3939322149812072,-14.012,Nb50-Ta50,0.0,0.5,0.0,0.5,B2_PENALTY_111_Ru62Al37_Hf,0.3125,0.5,0.0,0.0,0.1875,0.0,0.0,0.0,0.0,0.0,0.0,0.0,0.0
Nb50-Ta50,B2_PENALTY_112_Ru50Al50_Hf,0.22377812334057312,3.31693148,4.152701731,-0.729649314,4.75,0.0691810843061248,1.6025,0.3674489760497368,-12.5,Nb50-Ta50,0.0,0.5,0.0,0.5,B2_PENALTY_112_Ru50Al50_Hf,0.25,0.5,0.0,0.0,0.25,0.0,0.0,0.0,0.0,0.0,0.0,0.0,0.0
Nb50-Ta50,B2_PENALTY_113_Ru87Cr12_Hf,-0.25663316720717977,3.31693148,2.562502587,-1.035615577,5.875,0.0853931303142513,1.7176,0.4356446258132884,-12.672,Nb50-Ta50,0.0,0.5,0.0,0.5,B2_PENALTY_113_Ru87Cr12_Hf,0.4375,0.5,0.0,0.0,0.0,0.0,0.0,0.0,0.0,0.0,0.0625,0.0,0.0
Nb50-Ta50,B2_PENALTY_114_Ru75Cr25_Hf,-0.027973656563461055,3.31693148,3.225424668,-0.878162691,5.75,0.0884389348964152,1.6852000000000005,0.4182976930369089,-10.488,Nb50-Ta50,0.0,0.5,0.0,0.5,B2_PENALTY_114_Ru75Cr25_Hf,0.375,0.5,0.0,0.0,0.0,0.0,0.0,0.0,0.0,0.0,0.125,0.0,0.0
Nb50-Ta50,B2_PENALTY_115_Ru62Cr37_Hf,-0.2588534939112201,3.31693148,2.556723432,-0.716377173,5.625,0.0918154837201231,1.6474000000000002,0.3937476857074846,-8.122,Nb50-Ta50,0.0,0.5,0.0,0.5,B2_PENALTY_115_Ru62Cr37_Hf,0.3125,0.5,0.0,0.0,0.0,0.0,0.0,0.0,0.0,0.0,0.1875,0.0,0.0
Nb50-Ta50,B2_PENALTY_116_Ru50Cr50_Hf,0.19988764817374874,3.31693148,4.053567315,-0.552796357,5.5,0.09457197487001,1.615,0.3683408747342603,-6.25,Nb50-Ta50,0.0,0.5,0.0,0.5,B2_PENALTY_116_Ru50Cr50_Hf,0.25,0.5,0.0,0.0,0.0,0.0,0.0,0.0,0.0,0.0,0.25,0.0,0.0
Nb50-Ta50,B2_PENALTY_117_Ru87Cu12_Hf,-0.25397432864790903,3.31693148,2.569438099,-1.045192975,6.1875,0.0853931303142513,1.7320000000000002,0.4374654272053965,-14.4672,Nb50-Ta50,0.0,0.5,0.0,0.5,B2_PENALTY_117_Ru87Cu12_Hf,0.4375,0.5,0.0,0.0,0.0,0.0,0.0,0.0,0.0,0.0,0.0,0.0625,0.0
Nb50-Ta50,B2_PENALTY_118_Ru75Cu25_Hf,-0.024619953748466473,3.31693148,3.236261822,-0.923389889,6.375,0.0884389348964152,1.7140000000000002,0.4237971212738473,-13.5888,Nb50-Ta50,0.0,0.5,0.0,0.5,B2_PENALTY_118_Ru75Cu25_Hf,0.375,0.5,0.0,0.0,0.0,0.0,0.0,0.0,0.0,0.0,0.0,0.125,0.0
Nb50-Ta50,B2_PENALTY_119_Ru62Cu37_Hf,-0.2544198086550887,3.31693148,2.568274935,-0.799684359,6.5625,0.0918154837201231,1.693,0.4062646920420233,-12.1272,Nb50-Ta50,0.0,0.5,0.0,0.5,B2_PENALTY_119_Ru62Cu37_Hf,0.3125,0.5,0.0,0.0,0.0,0.0,0.0,0.0,0.0,0.0,0.0,0.1875,0.0
Nb50-Ta50,B2_PENALTY_120_Ru50Cu50_Hf,0.20551495794996263,3.31693148,4.076680397,-0.677358279,6.75,0.09457197487001,1.675,0.3897114317029974,-10.5,Nb50-Ta50,0.0,0.5,0.0,0.5,B2_PENALTY_120_Ru50Cu50_Hf,0.25,0.5,0.0,0.0,0.0,0.0,0.0,0.0,0.0,0.0,0.0,0.25,0.0
Nb50-Ta50,B2_PENALTY_121_Ru87Si12_Hf,-0.25216840692101655,3.31693148,2.574158138,-1.089550642,5.75,0.0937602843775687,1.7320000000000002,0.4374654272053965,-12.3552,Nb50-Ta50,0.0,0.5,0.0,0.5,B2_PENALTY_121_Ru87Si12_Hf,0.4375,0.5,0.0,0.0,0.0,0.0,0.0,0.0,0.0,0.0,0.0,0.0,0.0625
Nb50-Ta50,B2_PENALTY_122_Ru75Si25_Hf,-0.02087295104406388,3.31693148,3.248412429,-1.009713639,5.5,0.1038426921242283,1.7140000000000002,0.4237971212738473,-9.9408,Nb50-Ta50,0.0,0.5,0.0,0.5,B2_PENALTY_122_Ru75Si25_Hf,0.375,0.5,0.0,0.0,0.0,0.0,0.0,0.0,0.0,0.0,0.0,0.0,0.125
Nb50-Ta50,B2_PENALTY_123_Ru62Si37_Hf,-0.24874476856975974,3.31693148,2.583127124,-0.920694427,5.25,0.1142356063938751,1.693,0.4062646920420233,-7.4152,Nb50-Ta50,0.0,0.5,0.0,0.5,B2_PENALTY_123_Ru62Si37_Hf,0.3125,0.5,0.0,0.0,0.0,0.0,0.0,0.0,0.0,0.0,0.0,0.0,0.1875
Nb50-Ta50,B2_PENALTY_124_Ru50Si50_Hf,0.2130619304640401,3.31693148,4.107906653,-0.838327211,5.0,0.1222287117389678,1.6750000000000005,0.3897114317029974,-5.5,Nb50-Ta50,0.0,0.5,0.0,0.5,B2_PENALTY_124_Ru50Si50_Hf,0.25,0.5,0.0,0.0,0.0,0.0,0.0,0.0,0.0,0.0,0.0,0.0,0.25
Nb50-Ta50,B2_PENALTY_125_Ru100Al0_Ti,0.3817157079459019,3.31693148,4.881705796,-1.057956866,6.0,0.0462633451957295,1.87,0.33,-10.0,Nb50-Ta50,0.0,0.5,0.0,0.5,B2_PENALTY_125_Ru100Al0_Ti,0.5,0.0,0.5,0.0,0.0,0.0,0.0,0.0,0.0,0.0,0.0,0.0,0.0
Nb50-Ta50,B2_PENALTY_126_Ru87Al12_Ti,-0.300494735982188,3.31693148,2.450404438,-0.970267174,5.6875,0.0447291357659921,1.8346,0.3242974560492266,-10.912,Nb50-Ta50,0.0,0.5,0.0,0.5,B2_PENALTY_126_Ru87Al12_Ti,0.4375,0.0,0.5,0.0,0.0625,0.0,0.0,0.0,0.0,0.0,0.0,0.0,0.0
Nb50-Ta50,B2_PENALTY_127_Ru75Al25_Ti,-0.06771039585426786,3.31693148,3.09969531,-0.88819063,5.375,0.0428259601061415,1.7992,0.3145335594177512,-11.248,Nb50-Ta50,0.0,0.5,0.0,0.5,B2_PENALTY_127_Ru75Al25_Ti,0.375,0.0,0.5,0.0,0.125,0.0,0.0,0.0,0.0,0.0,0.0,0.0,0.0
Nb50-Ta50,B2_PENALTY_128_Ru62Al37_Ti,-0.29216027247829296,3.31693148,2.471374896,-0.804440265,5.0625,0.0400790404298587,1.7579,0.2974669561480737,-10.912,Nb50-Ta50,0.0,0.5,0.0,0.5,B2_PENALTY_128_Ru62Al37_Ti,0.3125,0.0,0.5,0.0,0.1875,0.0,0.0,0.0,0.0,0.0,0.0,0.0,0.0
Nb50-Ta50,B2_PENALTY_129_Ru50Al50_Ti,0.17160424128055213,3.31693148,3.939553259,-0.713701673,4.75,0.0371922251866817,1.7225,0.2771619562638422,-10.0,Nb50-Ta50,0.0,0.5,0.0,0.5,B2_PENALTY_129_Ru50Al50_Ti,0.25,0.0,0.5,0.0,0.25,0.0,0.0,0.0,0.0,0.0,0.0,0.0,0.0
Nb50-Ta50,B2_PENALTY_130_Ru87Cr12_Ti,-0.3068972329207661,3.31693148,2.434397938,-0.94270459,5.875,0.0499298619726951,1.8376,0.3224317602222213,-8.272,Nb50-Ta50,0.0,0.5,0.0,0.5,B2_PENALTY_130_Ru87Cr12_Ti,0.4375,0.0,0.5,0.0,0.0,0.0,0.0,0.0,0.0,0.0,0.0625,0.0,0.0
Nb50-Ta50,B2_PENALTY_131_Ru75Cr25_Ti,-0.08010895009216137,3.31693148,3.061448806,-0.80961964,5.75,0.0532543770850372,1.8052,0.3113277372801852,-6.688,Nb50-Ta50,0.0,0.5,0.0,0.5,B2_PENALTY_131_Ru75Cr25_Ti,0.375,0.0,0.5,0.0,0.0,0.0,0.0,0.0,0.0,0.0,0.125,0.0,0.0
Nb50-Ta50,B2_PENALTY_132_Ru62Cr37_Ti,-0.310886143613696,3.31693148,2.424470344,-0.675679922,5.625,0.0567786551293567,1.7674,0.2933619607242902,-5.022,Nb50-Ta50,0.0,0.5,0.0,0.5,B2_PENALTY_132_Ru62Cr37_Ti,0.3125,0.0,0.5,0.0,0.0,0.0,0.0,0.0,0.0,0.0,0.1875,0.0,0.0
Nb50-Ta50,B2_PENALTY_133_Ru50Cr50_Ti,0.14608864170270602,3.31693148,3.839681408,-0.538077974,5.5,0.0595429689109598,1.735,0.2729010809799038,-3.75,Nb50-Ta50,0.0,0.5,0.0,0.5,B2_PENALTY_133_Ru50Cr50_Ti,0.25,0.0,0.5,0.0,0.0,0.0,0.0,0.0,0.0,0.0,0.25,0.0,0.0
Nb50-Ta50,B2_PENALTY_134_Ru87Cu12_Ti,-0.3041330497953488,3.31693148,2.441297595,-0.919729937,6.1875,0.0499298619726951,1.852,0.3195246469366644,-10.0672,Nb50-Ta50,0.0,0.5,0.0,0.5,B2_PENALTY_134_Ru87Cu12_Ti,0.4375,0.0,0.5,0.0,0.0,0.0,0.0,0.0,0.0,0.0,0.0,0.0625,0.0
Nb50-Ta50,B2_PENALTY_135_Ru75Cu25_Ti,-0.07580456251970964,3.31693148,3.074675013,-0.801717189,6.375,0.0532543770850372,1.834,0.3076426498390625,-9.7888,Nb50-Ta50,0.0,0.5,0.0,0.5,B2_PENALTY_135_Ru75Cu25_Ti,0.375,0.0,0.5,0.0,0.0,0.0,0.0,0.0,0.0,0.0,0.0,0.125,0.0
Nb50-Ta50,B2_PENALTY_136_Ru62Cu37_Ti,-0.30458199276383613,3.31693148,2.440175866,-0.680640909,6.5625,0.0567786551293567,1.813,0.2917721713940519,-9.0272,Nb50-Ta50,0.0,0.5,0.0,0.5,B2_PENALTY_136_Ru62Cu37_Ti,0.3125,0.0,0.5,0.0,0.0,0.0,0.0,0.0,0.0,0.0,0.0,0.1875,0.0
Nb50-Ta50,B2_PENALTY_137_Ru50Cu50_Ti,0.1546138318625228,3.31693148,3.872743044,-0.557797759,6.75,0.0595429689109598,1.7950000000000002,0.2761792895928295,-8.0,Nb50-Ta50,0.0,0.5,0.0,0.5,B2_PENALTY_137_Ru50Cu50_Ti,0.25,0.0,0.5,0.0,0.0,0.0,0.0,0.0,0.0,0.0,0.0,0.25,0.0
Nb50-Ta50,B2_PENALTY_138_Ru87Si12_Ti,-0.3031126922708696,3.31693148,2.443848687,-0.989505902,5.75,0.0607546208741894,1.852,0.3195246469366644,-7.9552,Nb50-Ta50,0.0,0.5,0.0,0.5,B2_PENALTY_138_Ru87Si12_Ti,0.4375,0.0,0.5,0.0,0.0,0.0,0.0,0.0,0.0,0.0,0.0,0.0,0.0625
Nb50-Ta50,B2_PENALTY_139_Ru75Si25_Ti,-0.07341208077970311,3.31693148,3.0820502,-0.93611645,5.5,0.0719655963958058,1.834,0.3076426498390625,-6.1408,Nb50-Ta50,0.0,0.5,0.0,0.5,B2_PENALTY_139_Ru75Si25_Ti,0.375,0.0,0.5,0.0,0.0,0.0,0.0,0.0,0.0,0.0,0.0,0.0,0.125
Nb50-Ta50,B2_PENALTY_140_Ru62Si37_Ti,-0.30126649239462594,3.31693148,2.448470295,-0.869757039,5.25,0.0826499299050591,1.813,0.2917721713940519,-4.3152,Nb50-Ta50,0.0,0.5,0.0,0.5,B2_PENALTY_140_Ru62Si37_Ti,0.3125,0.0,0.5,0.0,0.0,0.0,0.0,0.0,0.0,0.0,0.0,0.0,0.1875
Nb50-Ta50,B2_PENALTY_141_Ru50Si50_Ti,0.15913603032754678,3.31693148,3.890404933,-0.808674347,5.0,0.090393746324797,1.795,0.2761792895928295,-3.0,Nb50-Ta50,0.0,0.5,0.0,0.5,B2_PENALTY_141_Ru50Si50_Ti,0.25,0.0,0.5,0.0,0.0,0.0,0.0,0.0,0.0,0.0,0.0,0.0,0.25
Nb50-Ta50,B2_PENALTY_142_Ru100Al0_Zr,0.4411664491588183,3.31693148,5.194385147,-0.960777489,6.0,0.0884353741496598,1.765,0.435,-18.0,Nb50-Ta50,0.0,0.5,0.0,0.5,B2_PENALTY_142_Ru100Al0_Zr,0.5,0.0,0.0,0.5,0.0,0.0,0.0,0.0,0.0,0.0,0.0,0.0,0.0
Nb50-Ta50,B2_PENALTY_143_Ru87Al12_Zr,-0.23902723641934023,3.31693148,2.608733784,-0.873588029,5.6875,0.0856069896776228,1.7296,0.421971373436635,-17.951999999999998,Nb50-Ta50,0.0,0.5,0.0,0.5,B2_PENALTY_143_Ru87Al12_Zr,0.4375,0.0,0.0,0.5,0.0625,0.0,0.0,0.0,0.0,0.0,0.0,0.0,0.0
Nb50-Ta50,B2_PENALTY_144_Ru75Al25_Zr,-0.004394270188521225,3.31693148,3.302387941,-0.797935587,5.375,0.0825630715605787,1.6942000000000002,0.4054483444287324,-17.328,Nb50-Ta50,0.0,0.5,0.0,0.5,B2_PENALTY_144_Ru75Al25_Zr,0.375,0.0,0.0,0.5,0.125,0.0,0.0,0.0,0.0,0.0,0.0,0.0,0.0
Nb50-Ta50,B2_PENALTY_145_Ru62Al37_Zr,-0.22958405635506335,3.31693148,2.633831346,-0.726652657,5.0625,0.0787099182537501,1.6529,0.381143791763686,-15.872,Nb50-Ta50,0.0,0.5,0.0,0.5,B2_PENALTY_145_Ru62Al37_Zr,0.3125,0.0,0.0,0.5,0.1875,0.0,0.0,0.0,0.0,0.0,0.0,0.0,0.0
Nb50-Ta50,B2_PENALTY_146_Ru50Al50_Zr,0.2347886099714701,3.31693148,4.199293486,-0.654418284,4.75,0.0751158704347694,1.6175000000000002,0.3552024070864386,-14.0,Nb50-Ta50,0.0,0.5,0.0,0.5,B2_PENALTY_146_Ru50Al50_Zr,0.25,0.0,0.0,0.5,0.25,0.0,0.0,0.0,0.0,0.0,0.0,0.0,0.0
Nb50-Ta50,B2_PENALTY_147_Ru87Cr12_Zr,-0.24530001023213224,3.31693148,2.592179044,-0.824075051,5.875,0.0915913075118357,1.7326,0.4212875977286776,-15.312,Nb50-Ta50,0.0,0.5,0.0,0.5,B2_PENALTY_147_Ru87Cr12_Zr,0.4375,0.0,0.0,0.5,0.0,0.0,0.0,0.0,0.0,0.0,0.0625,0.0,0.0
Nb50-Ta50,B2_PENALTY_148_Ru75Cr25_Zr,-0.016697474013744704,3.31693148,3.262005664,-0.675888976,5.75,0.0946071432924222,1.7002000000000002,0.4045268347093924,-12.768,Nb50-Ta50,0.0,0.5,0.0,0.5,B2_PENALTY_148_Ru75Cr25_Zr,0.375,0.0,0.0,0.5,0.0,0.0,0.0,0.0,0.0,0.0,0.125,0.0,0.0
Nb50-Ta50,B2_PENALTY_149_Ru62Cr37_Zr,-0.2478404343896283,3.31693148,2.585500791,-0.525764636,5.625,0.097964971374696,1.6624,0.3805788223219995,-9.982,Nb50-Ta50,0.0,0.5,0.0,0.5,B2_PENALTY_149_Ru62Cr37_Zr,0.3125,0.0,0.0,0.5,0.0,0.0,0.0,0.0,0.0,0.0,0.1875,0.0,0.0
Nb50-Ta50,B2_PENALTY_150_Ru50Cr50_Zr,0.2107524439559151,3.31693148,4.09832298,-0.377855166,5.5,0.100717188245724,1.63,0.355598087733891,-7.75,Nb50-Ta50,0.0,0.5,0.0,0.5,B2_PENALTY_150_Ru50Cr50_Zr,0.25,0.0,0.0,0.5,0.0,0.0,0.0,0.0,0.0,0.0,0.25,0.0,0.0
Nb50-Ta50,B2_PENALTY_151_Ru87Cu12_Zr,-0.24285521472396832,3.31693148,2.598620194,-0.842497728,6.1875,0.0915913075118357,1.747,0.4226594373724548,-17.1072,Nb50-Ta50,0.0,0.5,0.0,0.5,B2_PENALTY_151_Ru87Cu12_Zr,0.4375,0.0,0.0,0.5,0.0,0.0,0.0,0.0,0.0,0.0,0.0,0.0625,0.0
Nb50-Ta50,B2_PENALTY_152_Ru75Cu25_Zr,-0.013311590472547031,3.31693148,3.273069781,-0.744916574,6.375,0.0946071432924222,1.729,0.4091564492953766,-15.8688,Nb50-Ta50,0.0,0.5,0.0,0.5,B2_PENALTY_152_Ru75Cu25_Zr,0.375,0.0,0.0,0.5,0.0,0.0,0.0,0.0,0.0,0.0,0.0,0.125,0.0
Nb50-Ta50,B2_PENALTY_153_Ru62Cu37_Zr,-0.24322333790106462,3.31693148,2.597649425,-0.643740809,6.5625,0.097964971374696,1.708,0.3917728933961614,-13.9872,Nb50-Ta50,0.0,0.5,0.0,0.5,B2_PENALTY_153_Ru62Cu37_Zr,0.3125,0.0,0.0,0.5,0.0,0.0,0.0,0.0,0.0,0.0,0.0,0.1875,0.0
Nb50-Ta50,B2_PENALTY_154_Ru50Cu50_Zr,0.21700340540355526,3.31693148,4.124319928,-0.545283305,6.75,0.100717188245724,1.6900000000000002,0.3752998800959041,-12.0,Nb50-Ta50,0.0,0.5,0.0,0.5,B2_PENALTY_154_Ru50Cu50_Zr,0.25,0.0,0.0,0.5,0.0,0.0,0.0,0.0,0.0,0.0,0.0,0.25,0.0
Nb50-Ta50,B2_PENALTY_155_Ru87Si12_Zr,-0.24101116144849102,3.31693148,2.603487904,-0.898605077,5.75,0.0996987498196708,1.747,0.4226594373724548,-14.9952,Nb50-Ta50,0.0,0.5,0.0,0.5,B2_PENALTY_155_Ru87Si12_Zr,0.4375,0.0,0.0,0.5,0.0,0.0,0.0,0.0,0.0,0.0,0.0,0.0,0.0625
Nb50-Ta50,B2_PENALTY_156_Ru75Si25_Zr,-0.009544828705841009,3.31693148,3.285422312,-0.857108746,5.5,0.1096308366502065,1.729,0.4091564492953766,-12.2208,Nb50-Ta50,0.0,0.5,0.0,0.5,B2_PENALTY_156_Ru75Si25_Zr,0.375,0.0,0.0,0.5,0.0,0.0,0.0,0.0,0.0,0.0,0.0,0.0,0.125
Nb50-Ta50,B2_PENALTY_157_Ru62Si37_Zr,-0.23780575295302073,3.31693148,2.611968248,-0.806319256,5.25,0.1199620550667942,1.708,0.3917728933961614,-9.2752,Nb50-Ta50,0.0,0.5,0.0,0.5,B2_PENALTY_157_Ru62Si37_Zr,0.3125,0.0,0.0,0.5,0.0,0.0,0.0,0.0,0.0,0.0,0.0,0.0,0.1875
Nb50-Ta50,B2_PENALTY_158_Ru50Si50_Zr,0.2232393940135928,3.31693148,4.150436873,-0.770078956,5.0,0.127965781170799,1.69,0.3752998800959041,-7.0,Nb50-Ta50,0.0,0.5,0.0,0.5,B2_PENALTY_158_Ru50Si50_Zr,0.25,0.0,0.0,0.5,0.0,0.0,0.0,0.0,0.0,0.0,0.0,0.0,0.25
Nb50-Ta50,B2_MULTI_159_A_Ru87_Al12_B_HfTi,-0.27369607689409897,3.31693148,2.518380484,-0.993246203,5.6875,0.0678797217863284,1.7746000000000002,0.3889997943444186,-13.112,Nb50-Ta50,0.0,0.5,0.0,0.5,B2_MULTI_159_A_Ru87_Al12_B_HfTi,0.4375,0.25,0.25,0.0,0.0625,0.0,0.0,0.0,0.0,0.0,0.0,0.0,0.0
Nb50-Ta50,B2_MULTI_160_A_Ru75_Al25_B_HfTi,-0.040128139134481274,3.31693148,3.186447237,-0.900034303,5.375,0.0654597746128897,1.7392,0.3752803751863399,-13.148,Nb50-Ta50,0.0,0.5,0.0,0.5,B2_MULTI_160_A_Ru75_Al25_B_HfTi,0.375,0.25,0.25,0.0,0.125,0.0,0.0,0.0,0.0,0.0,0.0,0.0,0.0
Nb50-Ta50,B2_MULTI_161_A_Ru87_Al12_B_HfZr,-0.24461447243906448,3.31693148,2.593983772,-0.966894404,5.6875,0.0826853853075511,1.7221000000000002,0.4292115911761937,-16.631999999999998,Nb50-Ta50,0.0,0.5,0.0,0.5,B2_MULTI_161_A_Ru87_Al12_B_HfZr,0.4375,0.25,0.0,0.25,0.0625,0.0,0.0,0.0,0.0,0.0,0.0,0.0,0.0
Nb50-Ta50,B2_MULTI_162_A_Ru75_Al25_B_HfZr,-0.010033105709455559,3.31693148,3.283818469,-0.87583034,5.375,0.0796873228030491,1.6867,0.4123349487976978,-16.188,Nb50-Ta50,0.0,0.5,0.0,0.5,B2_MULTI_162_A_Ru75_Al25_B_HfZr,0.375,0.25,0.0,0.25,0.125,0.0,0.0,0.0,0.0,0.0,0.0,0.0,0.0
Nb50-Ta50,B2_MULTI_163_A_Ru87_Al12_B_HfAl,-0.2827274090519959,3.31693148,2.495293785,-4.954411074,2.8125,0.0553065594713224,1.8678,0.3451393341825878,-18.8,Nb50-Ta50,0.0,0.5,0.0,0.5,B2_MULTI_163_A_Ru87_Al12_B_HfAl,0.25,0.0625,0.0,0.0,0.1875,0.0,0.0,0.0,0.0,0.0,0.0,0.0,0.0
Nb50-Ta50,B2_MULTI_163_A_Ru87_Al13_B_HfAl,-0.2828596825248829,3.31693148,2.494957013,-1.044063929,5.4375,0.0671169315930914,1.7921,0.3795109879832204,-17.512,Nb50-Ta50,0.0,0.5,0.0,0.5,B2_MULTI_163_A_Ru87_Al13_B_HfAl,0.4375,0.25,0.0,0.0,0.3125,0.0,0.0,0.0,0.0,0.0,0.0,0.0,0.0
Nb50-Ta50,B2_MULTI_164_A_Ru75_Al25_B_HfAl,-0.04818816576297512,3.31693148,3.160855152,-0.932800309,5.125,0.0647257979106258,1.7552475247524757,0.3655934929642944,-16.912067444368198,Nb50-Ta50,0.0,0.5,0.0,0.5,B2_MULTI_164_A_Ru75_Al25_B_HfAl,0.375,0.25,0.0,0.0,0.375,0.0,0.0,0.0,0.0,0.0,0.0,0.0,0.0
Nb50-Ta50,B2_MULTI_165_A_Ru87_Al12_B_TiZr,-0.26775544654673644,3.31693148,2.533666714,-0.881935538,5.6875,0.0727621617453034,1.7821000000000002,0.3799613006610016,-14.432,Nb50-Ta50,0.0,0.5,0.0,0.5,B2_MULTI_165_A_Ru87_Al12_B_TiZr,0.4375,0.0,0.25,0.25,0.0625,0.0,0.0,0.0,0.0,0.0,0.0,0.0,0.0
Nb50-Ta50,B2_MULTI_166_A_Ru75_Al25_B_TiZr,-0.03389998355484012,3.31693148,3.206361714,-0.808063227,5.375,0.0703058182976203,1.7467,0.3666280267519111,-14.288,Nb50-Ta50,0.0,0.5,0.0,0.5,B2_MULTI_166_A_Ru75_Al25_B_TiZr,0.375,0.0,0.25,0.25,0.125,0.0,0.0,0.0,0.0,0.0,0.0,0.0,0.0
Nb50-Ta50,B2_MULTI_167_A_Ru87_Al12_B_TiAl,-0.310845104331402,3.31693148,2.424572308,-5.952786629,1.5,0.0273038199437399,1.694324324324325,0.2239032192052839,-9.817384952520088,Nb50-Ta50,0.0,0.5,0.0,0.5,B2_MULTI_167_A_Ru87_Al12_B_TiAl,0.0625,0.0,0.0625,0.0,0.25,0.0,0.0,0.0,0.0,0.0,0.0,0.0,0.0
Nb50-Ta50,B2_MULTI_167_A_Ru87_Al13_B_TiAl,-0.3108862241127203,3.31693148,2.424470144,-1.021190861,5.4375,0.0396803315535911,1.8521,0.309477931361834,-15.312,Nb50-Ta50,0.0,0.5,0.0,0.5,B2_MULTI_167_A_Ru87_Al13_B_TiAl,0.4375,0.0,0.25,0.0,0.3125,0.0,0.0,0.0,0.0,0.0,0.0,0.0,0.0
Nb50-Ta50,B2_MULTI_168_A_Ru75_Al25_B_TiAl,-0.07703068074842422,3.31693148,3.070901903,-0.941385339,5.125,0.0380980563492807,1.814653465346535,0.3004965012116891,-15.049504950495049,Nb50-Ta50,0.0,0.5,0.0,0.5,B2_MULTI_168_A_Ru75_Al25_B_TiAl,0.375,0.0,0.25,0.0,0.375,0.0,0.0,0.0,0.0,0.0,0.0,0.0,0.0
Nb50-Ta50,B2_MULTI_169_A_Ru87_Al12_B_ZrAl,-0.2760152342692748,3.31693148,2.512434563,-3.978965604,3.1875,0.0773292902137734,1.9146938775510205,0.3828683476015858,-17.35276967930029,Nb50-Ta50,0.0,0.5,0.0,0.5,B2_MULTI_169_A_Ru87_Al12_B_ZrAl,0.3125,0.0,0.0,0.125,0.0625,0.0,0.0,0.0,0.0,0.0,0.0,0.0,0.0
Nb50-Ta50,B2_MULTI_169_A_Ru87_Al13_B_ZrAl,-0.2760155856649517,3.31693148,2.512433663,-0.95203949,5.4375,0.0724611766706071,1.7996,0.3698862527859072,-18.832,Nb50-Ta50,0.0,0.5,0.0,0.5,B2_MULTI_169_A_Ru87_Al13_B_ZrAl,0.4375,0.0,0.0,0.25,0.3125,0.0,0.0,0.0,0.0,0.0,0.0,0.0,0.0
Nb50-Ta50,B2_MULTI_170_A_Ru75_Al25_B_ZrAl,-0.04211638524736248,3.31693148,3.180115415,-0.885427863,5.125,0.0699929276125827,1.762673267326733,0.356461962724668,-18.02960494069209,Nb50-Ta50,0.0,0.5,0.0,0.5,B2_MULTI_170_A_Ru75_Al25_B_ZrAl,0.375,0.0,0.0,0.25,0.375,0.0,0.0,0.0,0.0,0.0,0.0,0.0,0.0
Nb50-V50,B2_014_RuHf,-0.20753389014090343,3.16642062,2.571059804,-1.190557465,6.0,0.0821917808219178,1.75,0.45,-15.0,Nb50-V50,0.0,0.0,0.5,0.5,B2_014_RuHf,0.5,0.5,0.0,0.0,0.0,0.0,0.0,0.0,0.0,0.0,0.0,0.0,0.0
Nb50-V50,B2_015_RuTi,-0.25923462158045996,3.16642062,2.43976227,-1.048598035,6.0,0.0462633451957295,1.87,0.33,-10.0,Nb50-V50,0.0,0.0,0.5,0.5,B2_015_RuTi,0.5,0.0,0.5,0.0,0.0,0.0,0.0,0.0,0.0,0.0,0.0,0.0,0.0
Nb50-V50,B2_016_RuZr,-0.19846746139549007,3.16642062,2.59472104,-0.959079125,6.0,0.0884353741496598,1.765,0.435,-18.0,Nb50-V50,0.0,0.0,0.5,0.5,B2_016_RuZr,0.5,0.0,0.0,0.5,0.0,0.0,0.0,0.0,0.0,0.0,0.0,0.0,0.0
Nb50-V50,B2_017_RuAl,-0.28009281134974345,3.16642062,2.388477153,-1.00191235,5.5,0.0324909747292418,1.905,0.295,-20.0,Nb50-V50,0.0,0.0,0.5,0.5,B2_017_RuAl,0.5,0.0,0.0,0.0,0.5,0.0,0.0,0.0,0.0,0.0,0.0,0.0,0.0
Nb50-V50,MATRIX_BIN_018_Nb12_Mo87,-0.22874642751572688,3.16642062,2.516452193,-0.074598622,5.875,0.0162666672861703,2.0928,0.1819784602638455,-0.8448,Nb50-V50,0.0,0.0,0.5,0.5,MATRIX_BIN_018_Nb12_Mo87,0.0,0.0,0.0,0.0,0.0,0.875,0.125,0.0,0.0,0.0,0.0,0.0,0.0
Nb50-V50,MATRIX_BIN_019_Nb25_Mo75,0.006938517259373548,3.16642062,3.18846737,-0.093096702,5.75,0.0215352675896663,2.02,0.2424871130596428,-1.5,Nb50-V50,0.0,0.0,0.5,0.5,MATRIX_BIN_019_Nb25_Mo75,0.0,0.0,0.0,0.0,0.0,0.75,0.25,0.0,0.0,0.0,0.0,0.0,0.0
Nb50-V50,MATRIX_BIN_020_Nb50_Mo50,0.2493343587712407,3.16642062,4.068360358,-0.068167471,5.5,0.0245614035087719,1.88,0.28,-2.0,Nb50-V50,0.0,0.0,0.5,0.5,MATRIX_BIN_020_Nb50_Mo50,0.0,0.0,0.0,0.0,0.0,0.5,0.5,0.0,0.0,0.0,0.0,0.0,0.0
Nb50-V50,MATRIX_BIN_021_Nb75_Mo25,0.03410685396366904,3.16642062,3.276290931,-0.003897255,5.25,0.0210127480987559,1.7400000000000002,0.2424871130596428,-1.5,Nb50-V50,0.0,0.0,0.5,0.5,MATRIX_BIN_021_Nb75_Mo25,0.0,0.0,0.0,0.0,0.0,0.25,0.75,0.0,0.0,0.0,0.0,0.0,0.0
Nb50-V50,MATRIX_BIN_022_Nb87_Mo12,-0.1892981109933073,3.16642062,2.618850201,0.026755452,5.125,0.0156705067050018,1.6672000000000002,0.1819784602638455,-0.8448,Nb50-V50,0.0,0.0,0.5,0.5,MATRIX_BIN_022_Nb87_Mo12,0.0,0.0,0.0,0.0,0.0,0.125,0.875,0.0,0.0,0.0,0.0,0.0,0.0
Nb50-V50,MATRIX_BIN_023_Nb12_Ta87,-0.18541119329924646,3.16642062,2.629139739,0.01664066,5.0,0.0,1.512,0.0324961536185438,-0.4224,Nb50-V50,0.0,0.0,0.5,0.5,MATRIX_BIN_023_Nb12_Ta87,0.0,0.0,0.0,0.0,0.0,0.0,0.125,0.875,0.0,0.0,0.0,0.0,0.0
Nb50-V50,MATRIX_BIN_024_Nb25_Ta75,0.0457450339924057,3.16642062,3.314659229,0.02257152,5.0,0.0,1.525,0.0433012701892219,-0.75,Nb50-V50,0.0,0.0,0.5,0.5,MATRIX_BIN_024_Nb25_Ta75,0.0,0.0,0.0,0.0,0.0,0.0,0.25,0.75,0.0,0.0,0.0,0.0,0.0
Nb50-V50,MATRIX_BIN_025_Nb50_Ta50,0.2762971963168032,3.16642062,4.181529649,0.032388069,5.0,0.0,1.55,0.05,-1.0,Nb50-V50,0.0,0.0,0.5,0.5,MATRIX_BIN_025_Nb50_Ta50,0.0,0.0,0.0,0.0,0.0,0.0,0.5,0.5,0.0,0.0,0.0,0.0,0.0
Nb50-V50,MATRIX_BIN_026_Nb75_Ta25,0.04804109938595285,3.16642062,3.322282844,0.043369138,5.0,0.0,1.5750000000000002,0.0433012701892219,-0.75,Nb50-V50,0.0,0.0,0.5,0.5,MATRIX_BIN_026_Nb75_Ta25,0.0,0.0,0.0,0.0,0.0,0.0,0.75,0.25,0.0,0.0,0.0,0.0,0.0
Nb50-V50,MATRIX_BIN_027_Nb87_Ta12,-0.18204249438098213,3.16642062,2.638087089,0.04776952,5.0,0.0,1.588,0.0324961536185438,-0.4224,Nb50-V50,0.0,0.0,0.5,0.5,MATRIX_BIN_027_Nb87_Ta12,0.0,0.0,0.0,0.0,0.0,0.0,0.875,0.125,0.0,0.0,0.0,0.0,0.0
Nb50-V50,MATRIX_BIN_028_Nb12_W87,-0.22343174058361956,3.16642062,2.53003601,-0.064576028,5.875,0.0162666672861703,2.2688,0.2469707675009331,-0.8448,Nb50-V50,0.0,0.0,0.5,0.5,MATRIX_BIN_028_Nb12_W87,0.0,0.0,0.0,0.0,0.0,0.0,0.125,0.0,0.875,0.0,0.0,0.0,0.0
Nb50-V50,MATRIX_BIN_029_Nb25_W75,0.011203156509810998,3.16642062,3.202094355,-0.067975525,5.75,0.0215352675896663,2.17,0.3290896534380866,-1.5,Nb50-V50,0.0,0.0,0.5,0.5,MATRIX_BIN_029_Nb25_W75,0.0,0.0,0.0,0.0,0.0,0.0,0.25,0.0,0.75,0.0,0.0,0.0,0.0
Nb50-V50,MATRIX_BIN_030_Nb50_W50,0.2514388056042598,3.16642062,4.077067638,-0.024208031,5.5,0.0245614035087719,1.98,0.3799999999999999,-2.0,Nb50-V50,0.0,0.0,0.5,0.5,MATRIX_BIN_030_Nb50_W50,0.0,0.0,0.0,0.0,0.0,0.0,0.5,0.0,0.5,0.0,0.0,0.0,0.0
Nb50-V50,MATRIX_BIN_031_Nb75_W25,0.034673433288397774,3.16642062,3.278148285,0.026336168,5.25,0.0210127480987559,1.79,0.3290896534380866,-1.5,Nb50-V50,0.0,0.0,0.5,0.5,MATRIX_BIN_031_Nb75_W25,0.0,0.0,0.0,0.0,0.0,0.0,0.75,0.0,0.25,0.0,0.0,0.0,0.0
Nb50-V50,MATRIX_BIN_032_Nb87_W12,-0.18884940198053368,3.16642062,2.620036168,0.042204846,5.125,0.0156705067050018,1.6912,0.2469707675009331,-0.8448,Nb50-V50,0.0,0.0,0.5,0.5,MATRIX_BIN_032_Nb87_W12,0.0,0.0,0.0,0.0,0.0,0.0,0.875,0.0,0.125,0.0,0.0,0.0,0.0
Nb50-V50,MATRIX_BIN_033_Nb12_V87,-0.2726579675308948,3.16642062,2.406649618,0.08248568,5.0,0.0287916304948704,1.6263999999999998,0.009748846085563,-0.4224,Nb50-V50,0.0,0.0,0.5,0.5,MATRIX_BIN_033_Nb12_V87,0.0,0.0,0.0,0.0,0.0,0.0,0.125,0.0,0.0,0.875,0.0,0.0,0.0
Nb50-V50,MATRIX_BIN_034_Nb25_V75,-0.02741284487286289,3.16642062,3.080793662,0.119704924,5.0,0.0379281198737709,1.6225,0.0129903810567664,-0.75,Nb50-V50,0.0,0.0,0.5,0.5,MATRIX_BIN_034_Nb25_V75,0.0,0.0,0.0,0.0,0.0,0.0,0.25,0.0,0.0,0.75,0.0,0.0,0.0
Nb50-V50,MATRIX_BIN_035_Nb50_V50,0.23206424387792232,3.16642062,3.997687259,0.146260085,5.0,0.0428571428571428,1.615,0.0149999999999999,-1.0,Nb50-V50,0.0,0.0,0.5,0.5,MATRIX_BIN_035_Nb50_V50,0.0,0.0,0.0,0.0,0.0,0.0,0.5,0.0,0.0,0.5,0.0,0.0,0.0
Nb50-V50,MATRIX_BIN_036_Nb75_V25,0.026828760872283208,3.16642062,3.252526823,0.114812331,5.0,0.0363367302287176,1.6075000000000002,0.0129903810567664,-0.75,Nb50-V50,0.0,0.0,0.5,0.5,MATRIX_BIN_036_Nb75_V25,0.0,0.0,0.0,0.0,0.0,0.0,0.75,0.0,0.0,0.25,0.0,0.0,0.0
Nb50-V50,MATRIX_BIN_037_Nb87_V12,-0.1925801725457401,3.16642062,2.61019026,0.086073827,5.0,0.0269752243651442,1.6036,0.009748846085563,-0.4224,Nb50-V50,0.0,0.0,0.5,0.5,MATRIX_BIN_037_Nb87_V12,0.0,0.0,0.0,0.0,0.0,0.0,0.875,0.0,0.0,0.125,0.0,0.0,0.0
Nb50-V50,MATRIX_BIN_038_Mo12_Ta87,-0.19286476156268917,3.16642062,2.609440574,-0.021898875,5.125,0.0156705067050018,1.5792000000000002,0.2144746138823893,-0.8448,Nb50-V50,0.0,0.0,0.5,0.5,MATRIX_BIN_038_Mo12_Ta87,0.0,0.0,0.0,0.0,0.0,0.125,0.0,0.875,0.0,0.0,0.0,0.0,0.0
Nb50-V50,MATRIX_BIN_039_Mo25_Ta75,0.030657842258074424,3.16642062,3.265007474,-0.045341345,5.25,0.0210127480987559,1.665,0.2857883832488648,-1.5,Nb50-V50,0.0,0.0,0.5,0.5,MATRIX_BIN_039_Mo25_Ta75,0.0,0.0,0.0,0.0,0.0,0.25,0.0,0.75,0.0,0.0,0.0,0.0,0.0
Nb50-V50,MATRIX_BIN_040_Mo50_Ta50,0.24648680684217025,3.16642062,4.056611707,-0.115010835,5.5,0.0245614035087719,1.83,0.33,-2.0,Nb50-V50,0.0,0.0,0.5,0.5,MATRIX_BIN_040_Mo50_Ta50,0.0,0.0,0.0,0.0,0.0,0.5,0.0,0.5,0.0,0.0,0.0,0.0,0.0
Nb50-V50,MATRIX_BIN_041_Mo75_Ta25,0.0054214316370413225,3.16642062,3.183633813,-0.13445637,5.75,0.0215352675896663,1.995,0.2857883832488648,-1.5,Nb50-V50,0.0,0.0,0.5,0.5,MATRIX_BIN_041_Mo75_Ta25,0.0,0.0,0.0,0.0,0.0,0.75,0.0,0.25,0.0,0.0,0.0,0.0,0.0
Nb50-V50,MATRIX_BIN_042_Mo87_Ta12,-0.2295213461325812,3.16642062,2.514476987,-0.10635318,5.875,0.0162666672861703,2.0808,0.2144746138823893,-0.8448,Nb50-V50,0.0,0.0,0.5,0.5,MATRIX_BIN_042_Mo87_Ta12,0.0,0.0,0.0,0.0,0.0,0.875,0.0,0.125,0.0,0.0,0.0,0.0,0.0
Nb50-V50,MATRIX_BIN_043_Mo12_W87,-0.2291387996358205,3.16642062,2.515451896,-0.03228228,6.0,0.0,2.336,0.0649923072370876,-0.4224,Nb50-V50,0.0,0.0,0.5,0.5,MATRIX_BIN_043_Mo12_W87,0.0,0.0,0.0,0.0,0.0,0.125,0.0,0.0,0.875,0.0,0.0,0.0,0.0
Nb50-V50,MATRIX_BIN_044_Mo25_W75,0.00016473617812853828,3.16642062,3.166942287,-0.031021756,6.0,0.0,2.31,0.0866025403784437,-0.75,Nb50-V50,0.0,0.0,0.5,0.5,MATRIX_BIN_044_Mo25_W75,0.0,0.0,0.0,0.0,0.0,0.25,0.0,0.0,0.75,0.0,0.0,0.0,0.0
Nb50-V50,MATRIX_BIN_045_Mo50_W50,0.22873004603029992,3.16642062,3.984201707,-0.031400886,6.0,0.0,2.26,0.0999999999999998,-1.0,Nb50-V50,0.0,0.0,0.5,0.5,MATRIX_BIN_045_Mo50_W50,0.0,0.0,0.0,0.0,0.0,0.5,0.0,0.0,0.5,0.0,0.0,0.0,0.0
Nb50-V50,MATRIX_BIN_046_Mo75_W25,-0.002798346604969001,3.16642062,3.157572258,-0.029765179,6.0,0.0,2.21,0.0866025403784437,-0.75,Nb50-V50,0.0,0.0,0.5,0.5,MATRIX_BIN_046_Mo75_W25,0.0,0.0,0.0,0.0,0.0,0.75,0.0,0.0,0.25,0.0,0.0,0.0,0.0
Nb50-V50,MATRIX_BIN_047_Mo87_W12,-0.23364406842357854,3.16642062,2.503991537,-0.029998622,6.0,0.0,2.184,0.0649923072370876,-0.4224,Nb50-V50,0.0,0.0,0.5,0.5,MATRIX_BIN_047_Mo87_W12,0.0,0.0,0.0,0.0,0.0,0.875,0.0,0.0,0.125,0.0,0.0,0.0,0.0
Nb50-V50,MATRIX_BIN_048_Mo12_V87,-0.2823314503357135,3.16642062,2.383028597,-0.006338223,5.125,0.0120713795016878,1.6936,0.1722296141782824,-0.4224,Nb50-V50,0.0,0.0,0.5,0.5,MATRIX_BIN_048_Mo12_V87,0.0,0.0,0.0,0.0,0.0,0.125,0.0,0.0,0.0,0.875,0.0,0.0,0.0
Nb50-V50,MATRIX_BIN_049_Mo25_V75,-0.04629346892922353,3.16642062,3.023152221,-0.037424369,5.25,0.0160078632862187,1.7625,0.2294967320028763,-0.75,Nb50-V50,0.0,0.0,0.5,0.5,MATRIX_BIN_049_Mo25_V75,0.0,0.0,0.0,0.0,0.0,0.25,0.0,0.0,0.0,0.75,0.0,0.0,0.0
Nb50-V50,MATRIX_BIN_050_Mo50_V50,0.19781624825355382,3.16642062,3.861543353,-0.097449414,5.5,0.0183150183150182,1.895,0.2650000000000001,-1.0,Nb50-V50,0.0,0.0,0.5,0.5,MATRIX_BIN_050_Mo50_V50,0.0,0.0,0.0,0.0,0.0,0.5,0.0,0.0,0.0,0.5,0.0,0.0,0.0
Nb50-V50,MATRIX_BIN_051_Mo75_V25,-0.018780241090154023,3.16642062,3.107507677,-0.114008179,5.75,0.0157173394516231,2.0275,0.2294967320028763,-0.75,Nb50-V50,0.0,0.0,0.5,0.5,MATRIX_BIN_051_Mo75_V25,0.0,0.0,0.0,0.0,0.0,0.75,0.0,0.0,0.0,0.25,0.0,0.0,0.0
Nb50-V50,MATRIX_BIN_052_Mo87_V12,-0.2413670071213131,3.16642062,2.484453351,-0.088360288,5.875,0.0117399398910924,2.0964,0.1722296141782824,-0.4224,Nb50-V50,0.0,0.0,0.5,0.5,MATRIX_BIN_052_Mo87_V12,0.0,0.0,0.0,0.0,0.0,0.875,0.0,0.0,0.0,0.125,0.0,0.0,0.0
Nb50-V50,MATRIX_BIN_053_Ta12_W87,-0.22408829652549384,3.16642062,2.528354403,-0.093051999,5.875,0.0162666672861703,2.2568,0.279466921119477,-0.4224,Nb50-V50,0.0,0.0,0.5,0.5,MATRIX_BIN_053_Ta12_W87,0.0,0.0,0.0,0.0,0.0,0.0,0.0,0.125,0.875,0.0,0.0,0.0,0.0
Nb50-V50,MATRIX_BIN_054_Ta25_W75,0.009859022485436578,3.16642062,3.197793083,-0.107372831,5.75,0.0215352675896663,2.145,0.3723909236273086,-0.75,Nb50-V50,0.0,0.0,0.5,0.5,MATRIX_BIN_054_Ta25_W75,0.0,0.0,0.0,0.0,0.0,0.0,0.0,0.25,0.75,0.0,0.0,0.0,0.0
Nb50-V50,MATRIX_BIN_055_Ta50_W50,0.24932885784354222,3.16642062,4.068337625,-0.070797609,5.5,0.0245614035087719,1.93,0.4299999999999999,-1.0,Nb50-V50,0.0,0.0,0.5,0.5,MATRIX_BIN_055_Ta50_W50,0.0,0.0,0.0,0.0,0.0,0.0,0.0,0.5,0.5,0.0,0.0,0.0,0.0
Nb50-V50,MATRIX_BIN_056_Ta75_W25,0.03175478483277245,3.16642062,3.268591838,-0.021707099,5.25,0.0210127480987559,1.715,0.3723909236273086,-0.75,Nb50-V50,0.0,0.0,0.5,0.5,MATRIX_BIN_056_Ta75_W25,0.0,0.0,0.0,0.0,0.0,0.0,0.0,0.75,0.25,0.0,0.0,0.0,0.0
Nb50-V50,MATRIX_BIN_057_Ta87_W12,-0.19236924232236277,3.16642062,2.610746034,-0.005622646,5.125,0.0156705067050018,1.6032,0.279466921119477,-0.4224,Nb50-V50,0.0,0.0,0.5,0.5,MATRIX_BIN_057_Ta87_W12,0.0,0.0,0.0,0.0,0.0,0.0,0.0,0.875,0.125,0.0,0.0,0.0,0.0
Nb50-V50,MATRIX_BIN_058_Ta12_V87,-0.27296530910777644,3.16642062,2.405896049,0.06873568,5.0,0.0287916304948704,1.6143999999999998,0.0422449997041069,0.0,Nb50-V50,0.0,0.0,0.5,0.5,MATRIX_BIN_058_Ta12_V87,0.0,0.0,0.0,0.0,0.0,0.0,0.0,0.125,0.0,0.875,0.0,0.0,0.0
Nb50-V50,MATRIX_BIN_059_Ta25_V75,-0.027657821807495497,3.16642062,3.080038888,0.103170482,5.0,0.0379281198737709,1.5975,0.0562916512459884,0.0,Nb50-V50,0.0,0.0,0.5,0.5,MATRIX_BIN_059_Ta25_V75,0.0,0.0,0.0,0.0,0.0,0.0,0.0,0.25,0.0,0.75,0.0,0.0,0.0
Nb50-V50,MATRIX_BIN_060_Ta50_V50,0.23070335122270316,3.16642062,3.992176831,0.118279576,5.0,0.0428571428571428,1.565,0.0649999999999999,0.0,Nb50-V50,0.0,0.0,0.5,0.5,MATRIX_BIN_060_Ta50_V50,0.0,0.0,0.0,0.0,0.0,0.0,0.0,0.5,0.0,0.5,0.0,0.0,0.0
Nb50-V50,MATRIX_BIN_061_Ta75_V25,0.024279776513311174,3.16642062,3.244245389,0.083356798,5.0,0.0363367302287176,1.5325,0.0562916512459884,0.0,Nb50-V50,0.0,0.0,0.5,0.5,MATRIX_BIN_061_Ta75_V25,0.0,0.0,0.0,0.0,0.0,0.0,0.0,0.75,0.0,0.25,0.0,0.0,0.0
Nb50-V50,MATRIX_BIN_062_Ta87_V12,-0.1958588410441976,3.16642062,2.601565119,0.048231505,5.0,0.0269752243651442,1.5156,0.0422449997041069,0.0,Nb50-V50,0.0,0.0,0.5,0.5,MATRIX_BIN_062_Ta87_V12,0.0,0.0,0.0,0.0,0.0,0.0,0.0,0.875,0.0,0.125,0.0,0.0,0.0
Nb50-V50,MATRIX_BIN_063_W12_V87,-0.28086852334739226,3.16642062,2.38658796,0.007573578,5.125,0.0120713795016878,1.7175999999999998,0.23722192141537,0.0,Nb50-V50,0.0,0.0,0.5,0.5,MATRIX_BIN_063_W12_V87,0.0,0.0,0.0,0.0,0.0,0.0,0.0,0.0,0.125,0.875,0.0,0.0,0.0
Nb50-V50,MATRIX_BIN_064_W25_V75,-0.04321237459928426,3.16642062,3.032485885,-0.010397496,5.25,0.0160078632862187,1.8125,0.3160992723813201,0.0,Nb50-V50,0.0,0.0,0.5,0.5,MATRIX_BIN_064_W25_V75,0.0,0.0,0.0,0.0,0.0,0.0,0.0,0.0,0.25,0.75,0.0,0.0,0.0
Nb50-V50,MATRIX_BIN_065_W50_V50,0.20298480775742048,3.16642062,3.881757122,-0.05491275,5.5,0.0183150183150182,1.995,0.365,0.0,Nb50-V50,0.0,0.0,0.5,0.5,MATRIX_BIN_065_W50_V50,0.0,0.0,0.0,0.0,0.0,0.0,0.0,0.0,0.5,0.5,0.0,0.0,0.0
Nb50-V50,MATRIX_BIN_066_W75_V25,-0.012494481470228988,3.16642062,3.12710346,-0.09208095,5.75,0.0157173394516231,2.1775,0.3160992723813201,0.0,Nb50-V50,0.0,0.0,0.5,0.5,MATRIX_BIN_066_W75_V25,0.0,0.0,0.0,0.0,0.0,0.0,0.0,0.0,0.75,0.25,0.0,0.0,0.0
Nb50-V50,MATRIX_BIN_067_W87_V12,-0.23514246957786034,3.16642062,2.50019019,-0.084931073,5.875,0.0117399398910924,2.2724,0.23722192141537,0.0,Nb50-V50,0.0,0.0,0.5,0.5,MATRIX_BIN_067_W87_V12,0.0,0.0,0.0,0.0,0.0,0.0,0.0,0.0,0.875,0.125,0.0,0.0,0.0
Nb50-V50,MATRIX_TERN_068_Nb33_Mo33_Ta33,0.1622644905050112,3.16642062,3.725584467,-0.065262171,5.333333333,0.0229686657461987,1.7533333333333334,0.2904402788105596,-2.2222222222222228,Nb50-V50,0.0,0.0,0.5,0.5,MATRIX_TERN_068_Nb33_Mo33_Ta33,0.0,0.0,0.0,0.0,0.0,0.333333333,0.333333333,0.333333333,0.0,0.0,0.0,0.0,0.0
Nb50-V50,MATRIX_TERN_069_Nb33_Mo33_W33,0.14863146916244901,3.16642062,3.674833441,-0.049686914,5.666666667,0.0233478654165369,2.0400000000000005,0.3216623488483951,-2.2222222222222223,Nb50-V50,0.0,0.0,0.5,0.5,MATRIX_TERN_069_Nb33_Mo33_W33,0.0,0.0,0.0,0.0,0.0,0.333333333,0.333333333,0.0,0.333333333,0.0,0.0,0.0,0.0
Nb50-V50,MATRIX_TERN_070_Nb33_Mo33_V33,0.13195882747374252,3.16642062,3.613773878,-0.013214523,5.333333333,0.0352382411938744,1.7966666666666669,0.2572072229848058,-1.777777777777778,Nb50-V50,0.0,0.0,0.5,0.5,MATRIX_TERN_070_Nb33_Mo33_V33,0.0,0.0,0.0,0.0,0.0,0.333333333,0.333333333,0.0,0.0,0.333333333,0.0,0.0,0.0
Nb50-V50,MATRIX_TERN_071_Nb33_Ta33_W33,0.16352377374114252,3.16642062,3.730310358,-0.031019427,5.333333333,0.0229686657461987,1.82,0.3840138886377244,-1.777777777777778,Nb50-V50,0.0,0.0,0.5,0.5,MATRIX_TERN_071_Nb33_Ta33_W33,0.0,0.0,0.0,0.0,0.0,0.0,0.333333333,0.333333333,0.333333333,0.0,0.0,0.0,0.0
Nb50-V50,MATRIX_TERN_072_Nb33_Ta33_V33,0.15140421392946715,3.16642062,3.685094771,0.08652521,5.0,0.0398370017569885,1.5766666666666669,0.0555777733351102,-0.8888888888888891,Nb50-V50,0.0,0.0,0.5,0.5,MATRIX_TERN_072_Nb33_Ta33_V33,0.0,0.0,0.0,0.0,0.0,0.0,0.333333333,0.333333333,0.0,0.333333333,0.0,0.0,0.0
Nb50-V50,MATRIX_TERN_073_Nb33_W33_V33,0.1343174668402905,3.16642062,3.622345558,0.018775382,5.333333333,0.0352382411938744,1.8633333333333333,0.351409858838492,-1.3333333333333337,Nb50-V50,0.0,0.0,0.5,0.5,MATRIX_TERN_073_Nb33_W33_V33,0.0,0.0,0.0,0.0,0.0,0.0,0.333333333,0.0,0.333333333,0.333333333,0.0,0.0,0.0
Nb50-V50,MATRIX_TERN_074_Mo33_Ta33_W33,0.14685013114430726,3.16642062,3.668257294,-0.093088097,5.666666667,0.0233478654165369,2.006666666666667,0.3674537007872178,-1.777777777777778,Nb50-V50,0.0,0.0,0.5,0.5,MATRIX_TERN_074_Mo33_Ta33_W33,0.0,0.0,0.0,0.0,0.0,0.333333333,0.0,0.333333333,0.333333333,0.0,0.0,0.0,0.0
Nb50-V50,MATRIX_TERN_075_Mo33_Ta33_V33,0.13025748974263637,3.16642062,3.607604365,-0.042224622,5.333333333,0.0352382411938744,1.7633333333333336,0.2854625875467553,-1.3333333333333337,Nb50-V50,0.0,0.0,0.5,0.5,MATRIX_TERN_075_Mo33_Ta33_V33,0.0,0.0,0.0,0.0,0.0,0.333333333,0.0,0.333333333,0.0,0.333333333,0.0,0.0,0.0
Nb50-V50,MATRIX_TERN_076_Mo33_W33_V33,0.11529912226964316,3.16642062,3.553840738,-0.074437179,5.666666667,0.0171627859511297,2.0500000000000003,0.3080043289739069,-0.8888888888888891,Nb50-V50,0.0,0.0,0.5,0.5,MATRIX_TERN_076_Mo33_W33_V33,0.0,0.0,0.0,0.0,0.0,0.333333333,0.0,0.0,0.333333333,0.333333333,0.0,0.0,0.0
Nb50-V50,MATRIX_TERN_077_Ta33_W33_V33,0.13270490723529285,3.16642062,3.616482912,-0.005449438,5.333333333,0.0352382411938744,1.83,0.3785058343892028,-0.4444444444444445,Nb50-V50,0.0,0.0,0.5,0.5,MATRIX_TERN_077_Ta33_W33_V33,0.0,0.0,0.0,0.0,0.0,0.0,0.0,0.333333333,0.333333333,0.333333333,0.0,0.0,0.0
Nb50-V50,B2_TERN_SOL_078_Ru_Hf87_Nb12,-0.2110218822225011,3.16642062,2.562008656,-1.091011246,6.0625,0.079929319846275,1.7680000000000002,0.4374654272053965,-14.1168,Nb50-V50,0.0,0.0,0.5,0.5,B2_TERN_SOL_078_Ru_Hf87_Nb12,0.5,0.4375,0.0,0.0,0.0,0.0,0.0625,0.0,0.0,0.0,0.0,0.0,0.0
Nb50-V50,B2_TERN_SOL_079_Ru_Hf75_Nb25,0.01713981349447765,3.16642062,3.221161604,-0.990479496,6.125,0.0772310128363896,1.786,0.4237971212738473,-13.1472,Nb50-V50,0.0,0.0,0.5,0.5,B2_TERN_SOL_079_Ru_Hf75_Nb25,0.5,0.375,0.0,0.0,0.0,0.0,0.125,0.0,0.0,0.0,0.0,0.0,0.0
Nb50-V50,B2_TERN_SOL_080_Ru_Hf87_Mo12,-0.21396356247551165,3.16642062,2.554397326,-1.011580317,6.125,0.0808002001785193,1.8016,0.4447172584912801,-14.16,Nb50-V50,0.0,0.0,0.5,0.5,B2_TERN_SOL_080_Ru_Hf87_Mo12,0.5,0.4375,0.0,0.0,0.0,0.0625,0.0,0.0,0.0,0.0,0.0,0.0,0.0
Nb50-V50,B2_TERN_SOL_081_Ru_Hf75_Mo25,0.010588826159484435,3.16642062,3.200127757,-0.833822359,6.25,0.0785362630419332,1.8532,0.4332686926146408,-13.32,Nb50-V50,0.0,0.0,0.5,0.5,B2_TERN_SOL_081_Ru_Hf75_Mo25,0.5,0.375,0.0,0.0,0.0,0.125,0.0,0.0,0.0,0.0,0.0,0.0,0.0
Nb50-V50,B2_TERN_SOL_082_Ru_Hf87_Ta12,-0.21168310313521782,3.16642062,2.560296043,-1.113680888,6.0625,0.079929319846275,1.7620000000000002,0.4404043596514458,-13.68,Nb50-V50,0.0,0.0,0.5,0.5,B2_TERN_SOL_082_Ru_Hf87_Ta12,0.5,0.4375,0.0,0.0,0.0,0.0,0.0,0.0625,0.0,0.0,0.0,0.0,0.0
Nb50-V50,B2_TERN_SOL_083_Ru_Hf75_Ta25,0.015711312090420163,3.16642062,3.216563145,-1.032519678,6.125,0.0772310128363896,1.774,0.4302603862778911,-12.36,Nb50-V50,0.0,0.0,0.5,0.5,B2_TERN_SOL_083_Ru_Hf75_Ta25,0.5,0.375,0.0,0.0,0.0,0.0,0.0,0.125,0.0,0.0,0.0,0.0,0.0
Nb50-V50,B2_TERN_SOL_084_Ru_Hf87_W12,-0.21398261006575678,3.16642062,2.554348108,-1.017173511,6.125,0.0808002001785193,1.8136,0.4567614694783263,-13.92,Nb50-V50,0.0,0.0,0.5,0.5,B2_TERN_SOL_084_Ru_Hf87_W12,0.5,0.4375,0.0,0.0,0.0,0.0,0.0,0.0,0.0625,0.0,0.0,0.0,0.0
Nb50-V50,B2_TERN_SOL_085_Ru_Hf75_W25,0.01082811048720185,3.16642062,3.200893611,-0.836868509,6.25,0.0785362630419332,1.8772,0.4546120983871855,-12.84,Nb50-V50,0.0,0.0,0.5,0.5,B2_TERN_SOL_085_Ru_Hf75_W25,0.5,0.375,0.0,0.0,0.0,0.0,0.0,0.0,0.125,0.0,0.0,0.0,0.0
Nb50-V50,B2_TERN_SOL_086_Ru_Hf87_V12,-0.21722967478787905,3.16642062,2.545970218,-1.063735031,6.0625,0.0824106716944606,1.7698,0.4368317296167943,-13.44,Nb50-V50,0.0,0.0,0.5,0.5,B2_TERN_SOL_086_Ru_Hf87_V12,0.5,0.4375,0.0,0.0,0.0,0.0,0.0,0.0,0.0,0.0625,0.0,0.0,0.0
Nb50-V50,B2_TERN_SOL_087_Ru_Hf75_V25,0.00453506313754289,3.16642062,3.180813173,-0.946727169,6.125,0.0813951555025931,1.7896,0.4223266981851847,-11.88,Nb50-V50,0.0,0.0,0.5,0.5,B2_TERN_SOL_087_Ru_Hf75_V25,0.5,0.375,0.0,0.0,0.0,0.0,0.0,0.0,0.0,0.125,0.0,0.0,0.0
Nb50-V50,B2_TERN_SOL_088_Ru_Ti87_Nb12,-0.2542637128571568,3.16642062,2.452124543,-0.983188993,6.0625,0.04588506177003,1.8736,0.3266910467092724,-9.6112,Nb50-V50,0.0,0.0,0.5,0.5,B2_TERN_SOL_088_Ru_Ti87_Nb12,0.5,0.0,0.4375,0.0,0.0,0.0,0.0625,0.0,0.0,0.0,0.0,0.0,0.0
Nb50-V50,B2_TERN_SOL_089_Ru_Ti75_Nb25,-0.020262529220790998,3.16642062,3.102904429,-0.903188944,6.125,0.0454989552387946,1.8772,0.3233081502220444,-9.1648,Nb50-V50,0.0,0.0,0.5,0.5,B2_TERN_SOL_089_Ru_Ti75_Nb25,0.5,0.0,0.375,0.0,0.0,0.0,0.125,0.0,0.0,0.0,0.0,0.0,0.0
Nb50-V50,B2_TERN_SOL_090_Ru_Ti87_Mo12,-0.25792271502086056,3.16642062,2.443019595,-0.92145562,6.125,0.0449536510398423,1.9072,0.3256196554263886,-9.760000000000002,Nb50-V50,0.0,0.0,0.5,0.5,B2_TERN_SOL_090_Ru_Ti87_Mo12,0.5,0.0,0.4375,0.0,0.0,0.0625,0.0,0.0,0.0,0.0,0.0,0.0,0.0
Nb50-V50,B2_TERN_SOL_091_Ru_Ti75_Mo25,-0.026409782108766423,3.16642062,3.083886002,-0.762838311,6.25,0.0433128345312989,1.9444,0.3168416639269527,-9.52,Nb50-V50,0.0,0.0,0.5,0.5,B2_TERN_SOL_091_Ru_Ti75_Mo25,0.5,0.0,0.375,0.0,0.0,0.125,0.0,0.0,0.0,0.0,0.0,0.0,0.0
Nb50-V50,B2_TERN_SOL_092_Ru_Ti87_Ta12,-0.2549075886471596,3.16642062,2.4505202,-1.012091649,6.0625,0.04588506177003,1.8676,0.3325270515311499,-9.28,Nb50-V50,0.0,0.0,0.5,0.5,B2_TERN_SOL_092_Ru_Ti87_Ta12,0.5,0.0,0.4375,0.0,0.0,0.0,0.0,0.0625,0.0,0.0,0.0,0.0,0.0
Nb50-V50,B2_TERN_SOL_093_Ru_Ti75_Ta25,-0.02158656010212734,3.16642062,3.098798357,-0.958150623,6.125,0.0454989552387946,1.8652,0.3350178502706983,-8.559999999999999,Nb50-V50,0.0,0.0,0.5,0.5,B2_TERN_SOL_093_Ru_Ti75_Ta25,0.5,0.0,0.375,0.0,0.0,0.0,0.0,0.125,0.0,0.0,0.0,0.0,0.0
Nb50-V50,B2_TERN_SOL_094_Ru_Ti87_W12,-0.2576217693625885,3.16642062,2.443767345,-0.933472753,6.125,0.0449536510398423,1.9192,0.338158779273879,-9.52,Nb50-V50,0.0,0.0,0.5,0.5,B2_TERN_SOL_094_Ru_Ti87_W12,0.5,0.0,0.4375,0.0,0.0,0.0,0.0,0.0,0.0625,0.0,0.0,0.0,0.0
Nb50-V50,B2_TERN_SOL_095_Ru_Ti75_W25,-0.026961086856076153,3.16642062,3.082186007,-0.789613358,6.25,0.0433128345312989,1.9684,0.3390596407713546,-9.04,Nb50-V50,0.0,0.0,0.5,0.5,B2_TERN_SOL_095_Ru_Ti75_W25,0.5,0.0,0.375,0.0,0.0,0.0,0.0,0.0,0.125,0.0,0.0,0.0,0.0
Nb50-V50,B2_TERN_SOL_096_Ru_Ti87_V12,-0.2621236878134284,3.16642062,2.432602346,-0.982724607,6.0625,0.0461854444311139,1.8754,0.3252581128888256,-9.04,Nb50-V50,0.0,0.0,0.5,0.5,B2_TERN_SOL_096_Ru_Ti87_V12,0.5,0.0,0.4375,0.0,0.0,0.0,0.0,0.0,0.0,0.0625,0.0,0.0,0.0
Nb50-V50,B2_TERN_SOL_097_Ru_Ti75_V25,-0.03581955663271197,3.16642062,3.05499642,-0.905306641,6.125,0.0454154582679287,1.8808,0.3203550530271062,-8.08,Nb50-V50,0.0,0.0,0.5,0.5,B2_TERN_SOL_097_Ru_Ti75_V25,0.5,0.0,0.375,0.0,0.0,0.0,0.0,0.0,0.0,0.125,0.0,0.0,0.0
Nb50-V50,B2_TERN_SOL_098_Ru_Zr87_Nb12,-0.2012929445655277,3.16642062,2.587326291,-0.890146496,6.0625,0.0860586382926536,1.7812,0.423370476060861,-16.756800000000002,Nb50-V50,0.0,0.0,0.5,0.5,B2_TERN_SOL_098_Ru_Zr87_Nb12,0.5,0.0,0.0,0.4375,0.0,0.0,0.0625,0.0,0.0,0.0,0.0,0.0,0.0
Nb50-V50,B2_TERN_SOL_099_Ru_Zr75_Nb25,0.02564525084868286,3.16642062,3.24867904,-0.818094975,6.125,0.0831528643327092,1.7974,0.4107739524361301,-15.4272,Nb50-V50,0.0,0.0,0.5,0.5,B2_TERN_SOL_099_Ru_Zr75_Nb25,0.5,0.0,0.0,0.375,0.0,0.0,0.125,0.0,0.0,0.0,0.0,0.0,0.0
Nb50-V50,B2_TERN_SOL_100_Ru_Zr87_Mo12,-0.2044339336788224,3.16642062,2.579128061,-0.806967569,6.125,0.0870934949098326,1.8148,0.4298289892503762,-16.8,Nb50-V50,0.0,0.0,0.5,0.5,B2_TERN_SOL_100_Ru_Zr87_Mo12,0.5,0.0,0.0,0.4375,0.0,0.0625,0.0,0.0,0.0,0.0,0.0,0.0,0.0
Nb50-V50,B2_TERN_SOL_101_Ru_Zr75_Mo25,0.019184563953647264,3.16642062,3.227755359,-0.655458039,6.25,0.084783177312234,1.8646000000000005,0.4187133148109814,-15.6,Nb50-V50,0.0,0.0,0.5,0.5,B2_TERN_SOL_101_Ru_Zr75_Mo25,0.5,0.0,0.0,0.375,0.0,0.125,0.0,0.0,0.0,0.0,0.0,0.0,0.0
Nb50-V50,B2_TERN_SOL_102_Ru_Zr87_Ta12,-0.20195320673614026,3.16642062,2.585601013,-0.911972703,6.0625,0.0860586382926536,1.7752,0.4265922643461787,-16.32,Nb50-V50,0.0,0.0,0.5,0.5,B2_TERN_SOL_102_Ru_Zr87_Ta12,0.5,0.0,0.0,0.4375,0.0,0.0,0.0,0.0625,0.0,0.0,0.0,0.0,0.0
Nb50-V50,B2_TERN_SOL_103_Ru_Zr75_Ta25,0.024357294713007807,3.16642062,3.244496924,-0.863325979,6.125,0.0831528643327091,1.7854,0.4177664898002233,-14.64,Nb50-V50,0.0,0.0,0.5,0.5,B2_TERN_SOL_103_Ru_Zr75_Ta25,0.5,0.0,0.0,0.375,0.0,0.0,0.0,0.125,0.0,0.0,0.0,0.0,0.0
Nb50-V50,B2_TERN_SOL_104_Ru_Zr87_W12,-0.20429313327405232,3.16642062,2.579495061,-0.814514579,6.125,0.0870934949098326,1.8268,0.4419205358432667,-16.56,Nb50-V50,0.0,0.0,0.5,0.5,B2_TERN_SOL_104_Ru_Zr87_W12,0.5,0.0,0.0,0.4375,0.0,0.0,0.0,0.0,0.0625,0.0,0.0,0.0,0.0
Nb50-V50,B2_TERN_SOL_105_Ru_Zr75_W25,0.019702258813778812,3.16642062,3.229426942,-0.661370427,6.25,0.084783177312234,1.8886,0.4401409319752027,-15.12,Nb50-V50,0.0,0.0,0.5,0.5,B2_TERN_SOL_105_Ru_Zr75_W25,0.5,0.0,0.0,0.375,0.0,0.0,0.0,0.0,0.125,0.0,0.0,0.0,0.0
Nb50-V50,B2_TERN_SOL_106_Ru_Zr87_V12,-0.20712798532105908,3.16642062,2.572114963,-0.856520623,6.0625,0.0887380403728719,1.783,0.4226594373724548,-16.08,Nb50-V50,0.0,0.0,0.5,0.5,B2_TERN_SOL_106_Ru_Zr87_V12,0.5,0.0,0.0,0.4375,0.0,0.0,0.0,0.0,0.0,0.0625,0.0,0.0,0.0
Nb50-V50,B2_TERN_SOL_107_Ru_Zr75_V25,0.01316380341386308,3.16642062,3.208378924,-0.759667971,6.125,0.0877123126458997,1.8010000000000002,0.4091564492953766,-14.16,Nb50-V50,0.0,0.0,0.5,0.5,B2_TERN_SOL_107_Ru_Zr75_V25,0.5,0.0,0.0,0.375,0.0,0.0,0.0,0.0,0.0,0.125,0.0,0.0,0.0
Nb50-V50,B2_PENALTY_108_Ru100Al0_Hf,0.474290737221636,3.16642062,5.135083991,-1.187745448,6.0,0.0821917808219178,1.75,0.45,-15.0,Nb50-V50,0.0,0.0,0.5,0.5,B2_PENALTY_108_Ru100Al0_Hf,0.5,0.5,0.0,0.0,0.0,0.0,0.0,0.0,0.0,0.0,0.0,0.0,0.0
Nb50-V50,B2_PENALTY_109_Ru87Al12_Hf,-0.2044848744783144,3.16642062,2.578995294,-1.06443911,5.6875,0.0794670531912796,1.7146,0.4362027510229618,-15.312,Nb50-V50,0.0,0.0,0.5,0.5,B2_PENALTY_109_Ru87Al12_Hf,0.4375,0.5,0.0,0.0,0.0625,0.0,0.0,0.0,0.0,0.0,0.0,0.0,0.0
Nb50-V50,B2_PENALTY_110_Ru75Al25_Hf,0.03058540931007473,3.16642062,3.264770933,-0.95574225,5.375,0.0765104674756606,1.6792000000000002,0.4189741758151689,-15.048,Nb50-V50,0.0,0.0,0.5,0.5,B2_PENALTY_110_Ru75Al25_Hf,0.375,0.5,0.0,0.0,0.125,0.0,0.0,0.0,0.0,0.0,0.0,0.0,0.0
Nb50-V50,B2_PENALTY_111_Ru62Al37_Hf,-0.19491811728596198,3.16642062,2.60403723,-0.842813539,5.0625,0.072734714189907,1.6379,0.3939322149812072,-14.012,Nb50-V50,0.0,0.0,0.5,0.5,B2_PENALTY_111_Ru62Al37_Hf,0.3125,0.5,0.0,0.0,0.1875,0.0,0.0,0.0,0.0,0.0,0.0,0.0,0.0
Nb50-V50,B2_PENALTY_112_Ru50Al50_Hf,0.26950802670083684,3.16642062,4.152701731,-0.729649314,4.75,0.0691810843061248,1.6025,0.3674489760497368,-12.5,Nb50-V50,0.0,0.0,0.5,0.5,B2_PENALTY_112_Ru50Al50_Hf,0.25,0.5,0.0,0.0,0.25,0.0,0.0,0.0,0.0,0.0,0.0,0.0,0.0
Nb50-V50,B2_PENALTY_113_Ru87Cr12_Hf,-0.21083125438375241,3.16642062,2.562502587,-1.035615577,5.875,0.0853931303142513,1.7176,0.4356446258132884,-12.672,Nb50-V50,0.0,0.0,0.5,0.5,B2_PENALTY_113_Ru87Cr12_Hf,0.4375,0.5,0.0,0.0,0.0,0.0,0.0,0.0,0.0,0.0,0.0625,0.0,0.0
Nb50-V50,B2_PENALTY_114_Ru75Cr25_Hf,0.018462289164218035,3.16642062,3.225424668,-0.878162691,5.75,0.0884389348964152,1.6852000000000005,0.4182976930369089,-10.488,Nb50-V50,0.0,0.0,0.5,0.5,B2_PENALTY_114_Ru75Cr25_Hf,0.375,0.5,0.0,0.0,0.0,0.0,0.0,0.0,0.0,0.0,0.125,0.0,0.0
Nb50-V50,B2_PENALTY_115_Ru62Cr37_Hf,-0.2130637224785338,3.16642062,2.556723432,-0.716377173,5.625,0.0918154837201231,1.6474000000000002,0.3937476857074846,-8.122,Nb50-V50,0.0,0.0,0.5,0.5,B2_PENALTY_115_Ru62Cr37_Hf,0.3125,0.5,0.0,0.0,0.0,0.0,0.0,0.0,0.0,0.0,0.1875,0.0,0.0
Nb50-V50,B2_PENALTY_116_Ru50Cr50_Hf,0.24574741758207658,3.16642062,4.053567315,-0.552796357,5.5,0.09457197487001,1.615,0.3683408747342603,-6.25,Nb50-V50,0.0,0.0,0.5,0.5,B2_PENALTY_116_Ru50Cr50_Hf,0.25,0.5,0.0,0.0,0.0,0.0,0.0,0.0,0.0,0.0,0.25,0.0,0.0
Nb50-V50,B2_PENALTY_117_Ru87Cu12_Hf,-0.208158028377686,3.16642062,2.569438099,-1.045192975,6.1875,0.0853931303142513,1.7320000000000002,0.4374654272053965,-14.4672,Nb50-V50,0.0,0.0,0.5,0.5,B2_PENALTY_117_Ru87Cu12_Hf,0.4375,0.5,0.0,0.0,0.0,0.0,0.0,0.0,0.0,0.0,0.0,0.0625,0.0
Nb50-V50,B2_PENALTY_118_Ru75Cu25_Hf,0.021816231753697245,3.16642062,3.236261822,-0.923389889,6.375,0.0884389348964152,1.7140000000000002,0.4237971212738473,-13.5888,Nb50-V50,0.0,0.0,0.5,0.5,B2_PENALTY_118_Ru75Cu25_Hf,0.375,0.5,0.0,0.0,0.0,0.0,0.0,0.0,0.0,0.0,0.0,0.125,0.0
Nb50-V50,B2_PENALTY_119_Ru62Cu37_Hf,-0.20860590741507984,3.16642062,2.568274935,-0.799684359,6.5625,0.0918154837201231,1.693,0.4062646920420233,-12.1272,Nb50-V50,0.0,0.0,0.5,0.5,B2_PENALTY_119_Ru62Cu37_Hf,0.3125,0.5,0.0,0.0,0.0,0.0,0.0,0.0,0.0,0.0,0.0,0.1875,0.0
Nb50-V50,B2_PENALTY_120_Ru50Cu50_Hf,0.25134532153108585,3.16642062,4.076680397,-0.677358279,6.75,0.09457197487001,1.675,0.3897114317029974,-10.5,Nb50-V50,0.0,0.0,0.5,0.5,B2_PENALTY_120_Ru50Cu50_Hf,0.25,0.5,0.0,0.0,0.0,0.0,0.0,0.0,0.0,0.0,0.0,0.25,0.0
Nb50-V50,B2_PENALTY_121_Ru87Si12_Hf,-0.2063424288621178,3.16642062,2.574158138,-1.089550642,5.75,0.0937602843775687,1.7320000000000002,0.4374654272053965,-12.3552,Nb50-V50,0.0,0.0,0.5,0.5,B2_PENALTY_121_Ru87Si12_Hf,0.4375,0.5,0.0,0.0,0.0,0.0,0.0,0.0,0.0,0.0,0.0,0.0,0.0625
Nb50-V50,B2_PENALTY_122_Ru75Si25_Hf,0.025563193421777933,3.16642062,3.248412429,-1.009713639,5.5,0.1038426921242283,1.7140000000000002,0.4237971212738473,-9.9408,Nb50-V50,0.0,0.0,0.5,0.5,B2_PENALTY_122_Ru75Si25_Hf,0.375,0.5,0.0,0.0,0.0,0.0,0.0,0.0,0.0,0.0,0.0,0.0,0.125
Nb50-V50,B2_PENALTY_123_Ru62Si37_Hf,-0.2029006530500426,3.16642062,2.583127124,-0.920694427,5.25,0.1142356063938751,1.693,0.4062646920420233,-7.4152,Nb50-V50,0.0,0.0,0.5,0.5,B2_PENALTY_123_Ru62Si37_Hf,0.3125,0.5,0.0,0.0,0.0,0.0,0.0,0.0,0.0,0.0,0.0,0.0,0.1875
Nb50-V50,B2_PENALTY_124_Ru50Si50_Hf,0.25885171168872156,3.16642062,4.107906653,-0.838327211,5.0,0.1222287117389678,1.6750000000000005,0.3897114317029974,-5.5,Nb50-V50,0.0,0.0,0.5,0.5,B2_PENALTY_124_Ru50Si50_Hf,0.25,0.5,0.0,0.0,0.0,0.0,0.0,0.0,0.0,0.0,0.0,0.0,0.25
Nb50-V50,B2_PENALTY_125_Ru100Al0_Ti,0.4262570161894933,3.16642062,4.881705796,-1.057956866,6.0,0.0462633451957295,1.87,0.33,-10.0,Nb50-V50,0.0,0.0,0.5,0.5,B2_PENALTY_125_Ru100Al0_Ti,0.5,0.0,0.5,0.0,0.0,0.0,0.0,0.0,0.0,0.0,0.0,0.0,0.0
Nb50-V50,B2_PENALTY_126_Ru87Al12_Ti,-0.25495406198567055,3.16642062,2.450404438,-0.970267174,5.6875,0.0447291357659921,1.8346,0.3242974560492266,-10.912,Nb50-V50,0.0,0.0,0.5,0.5,B2_PENALTY_126_Ru87Al12_Ti,0.4375,0.0,0.5,0.0,0.0625,0.0,0.0,0.0,0.0,0.0,0.0,0.0,0.0
Nb50-V50,B2_PENALTY_127_Ru75Al25_Ti,-0.02129718337336916,3.16642062,3.09969531,-0.88819063,5.375,0.0428259601061415,1.7992,0.3145335594177512,-11.248,Nb50-V50,0.0,0.0,0.5,0.5,B2_PENALTY_127_Ru75Al25_Ti,0.375,0.0,0.5,0.0,0.125,0.0,0.0,0.0,0.0,0.0,0.0,0.0,0.0
Nb50-V50,B2_PENALTY_128_Ru62Al37_Ti,-0.24656648934054737,3.16642062,2.471374896,-0.804440265,5.0625,0.0400790404298587,1.7579,0.2974669561480737,-10.912,Nb50-V50,0.0,0.0,0.5,0.5,B2_PENALTY_128_Ru62Al37_Ti,0.3125,0.0,0.5,0.0,0.1875,0.0,0.0,0.0,0.0,0.0,0.0,0.0,0.0
Nb50-V50,B2_PENALTY_129_Ru50Al50_Ti,0.21760075456646646,3.16642062,3.939553259,-0.713701673,4.75,0.0371922251866817,1.7225,0.2771619562638422,-10.0,Nb50-V50,0.0,0.0,0.5,0.5,B2_PENALTY_129_Ru50Al50_Ti,0.25,0.0,0.5,0.0,0.25,0.0,0.0,0.0,0.0,0.0,0.0,0.0,0.0
Nb50-V50,B2_PENALTY_130_Ru87Cr12_Ti,-0.26139846324941407,3.16642062,2.434397938,-0.94270459,5.875,0.0499298619726951,1.8376,0.3224317602222213,-8.272,Nb50-V50,0.0,0.0,0.5,0.5,B2_PENALTY_130_Ru87Cr12_Ti,0.4375,0.0,0.5,0.0,0.0,0.0,0.0,0.0,0.0,0.0,0.0625,0.0,0.0
Nb50-V50,B2_PENALTY_131_Ru75Cr25_Ti,-0.03371034516612224,3.16642062,3.061448806,-0.80961964,5.75,0.0532543770850372,1.8052,0.3113277372801852,-6.688,Nb50-V50,0.0,0.0,0.5,0.5,B2_PENALTY_131_Ru75Cr25_Ti,0.375,0.0,0.5,0.0,0.0,0.0,0.0,0.0,0.0,0.0,0.125,0.0,0.0
Nb50-V50,B2_PENALTY_132_Ru62Cr37_Ti,-0.26541396738997464,3.16642062,2.424470344,-0.675679922,5.625,0.0567786551293567,1.7674,0.2933619607242902,-5.022,Nb50-V50,0.0,0.0,0.5,0.5,B2_PENALTY_132_Ru62Cr37_Ti,0.3125,0.0,0.5,0.0,0.0,0.0,0.0,0.0,0.0,0.0,0.1875,0.0,0.0
Nb50-V50,B2_PENALTY_133_Ru50Cr50_Ti,0.19219268726298952,3.16642062,3.839681408,-0.538077974,5.5,0.0595429689109598,1.735,0.2729010809799038,-3.75,Nb50-V50,0.0,0.0,0.5,0.5,B2_PENALTY_133_Ru50Cr50_Ti,0.25,0.0,0.5,0.0,0.0,0.0,0.0,0.0,0.0,0.0,0.25,0.0,0.0
Nb50-V50,B2_PENALTY_134_Ru87Cu12_Ti,-0.258616070636495,3.16642062,2.441297595,-0.919729937,6.1875,0.0499298619726951,1.852,0.3195246469366644,-10.0672,Nb50-V50,0.0,0.0,0.5,0.5,B2_PENALTY_134_Ru87Cu12_Ti,0.4375,0.0,0.5,0.0,0.0,0.0,0.0,0.0,0.0,0.0,0.0,0.0625,0.0
Nb50-V50,B2_PENALTY_135_Ru75Cu25_Ti,-0.029400481067744604,3.16642062,3.074675013,-0.801717189,6.375,0.0532543770850372,1.834,0.3076426498390625,-9.7888,Nb50-V50,0.0,0.0,0.5,0.5,B2_PENALTY_135_Ru75Cu25_Ti,0.375,0.0,0.5,0.0,0.0,0.0,0.0,0.0,0.0,0.0,0.0,0.125,0.0
Nb50-V50,B2_PENALTY_136_Ru62Cu37_Ti,-0.2590679588992985,3.16642062,2.440175866,-0.680640909,6.5625,0.0567786551293567,1.813,0.2917721713940519,-9.0272,Nb50-V50,0.0,0.0,0.5,0.5,B2_PENALTY_136_Ru62Cu37_Ti,0.3125,0.0,0.5,0.0,0.0,0.0,0.0,0.0,0.0,0.0,0.0,0.1875,0.0
Nb50-V50,B2_PENALTY_137_Ru50Cu50_Ti,0.2006836203034475,3.16642062,3.872743044,-0.557797759,6.75,0.0595429689109598,1.7950000000000002,0.2761792895928295,-8.0,Nb50-V50,0.0,0.0,0.5,0.5,B2_PENALTY_137_Ru50Cu50_Ti,0.25,0.0,0.5,0.0,0.0,0.0,0.0,0.0,0.0,0.0,0.0,0.25,0.0
Nb50-V50,B2_PENALTY_138_Ru87Si12_Ti,-0.25758903662554605,3.16642062,2.443848687,-0.989505902,5.75,0.0607546208741894,1.852,0.3195246469366644,-7.9552,Nb50-V50,0.0,0.0,0.5,0.5,B2_PENALTY_138_Ru87Si12_Ti,0.4375,0.0,0.5,0.0,0.0,0.0,0.0,0.0,0.0,0.0,0.0,0.0,0.0625
Nb50-V50,B2_PENALTY_139_Ru75Si25_Ti,-0.027005141715617374,3.16642062,3.0820502,-0.93611645,5.5,0.0719655963958058,1.834,0.3076426498390625,-6.1408,Nb50-V50,0.0,0.0,0.5,0.5,B2_PENALTY_139_Ru75Si25_Ti,0.375,0.0,0.5,0.0,0.0,0.0,0.0,0.0,0.0,0.0,0.0,0.0,0.125
Nb50-V50,B2_PENALTY_140_Ru62Si37_Ti,-0.25573081859240354,3.16642062,2.448470295,-0.869757039,5.25,0.0826499299050591,1.813,0.2917721713940519,-4.3152,Nb50-V50,0.0,0.0,0.5,0.5,B2_PENALTY_140_Ru62Si37_Ti,0.3125,0.0,0.5,0.0,0.0,0.0,0.0,0.0,0.0,0.0,0.0,0.0,0.1875
Nb50-V50,B2_PENALTY_141_Ru50Si50_Ti,0.20518696616844098,3.16642062,3.890404933,-0.808674347,5.0,0.090393746324797,1.795,0.2761792895928295,-3.0,Nb50-V50,0.0,0.0,0.5,0.5,B2_PENALTY_141_Ru50Si50_Ti,0.25,0.0,0.5,0.0,0.0,0.0,0.0,0.0,0.0,0.0,0.0,0.0,0.25
Nb50-V50,B2_PENALTY_142_Ru100Al0_Zr,0.4851122208829087,3.16642062,5.194385147,-0.960777489,6.0,0.0884353741496598,1.765,0.435,-18.0,Nb50-V50,0.0,0.0,0.5,0.5,B2_PENALTY_142_Ru100Al0_Zr,0.5,0.0,0.0,0.5,0.0,0.0,0.0,0.0,0.0,0.0,0.0,0.0,0.0
Nb50-V50,B2_PENALTY_143_Ru87Al12_Zr,-0.19313313445394067,3.16642062,2.608733784,-0.873588029,5.6875,0.0856069896776228,1.7296,0.421971373436635,-17.951999999999998,Nb50-V50,0.0,0.0,0.5,0.5,B2_PENALTY_143_Ru87Al12_Zr,0.4375,0.0,0.0,0.5,0.0625,0.0,0.0,0.0,0.0,0.0,0.0,0.0,0.0
Nb50-V50,B2_PENALTY_144_Ru75Al25_Zr,0.04203782496199931,3.16642062,3.302387941,-0.797935587,5.375,0.0825630715605787,1.6942000000000002,0.4054483444287324,-17.328,Nb50-V50,0.0,0.0,0.5,0.5,B2_PENALTY_144_Ru75Al25_Zr,0.375,0.0,0.0,0.5,0.125,0.0,0.0,0.0,0.0,0.0,0.0,0.0,0.0
Nb50-V50,B2_PENALTY_145_Ru62Al37_Zr,-0.1836434958763651,3.16642062,2.633831346,-0.726652657,5.0625,0.0787099182537501,1.6529,0.381143791763686,-15.872,Nb50-V50,0.0,0.0,0.5,0.5,B2_PENALTY_145_Ru62Al37_Zr,0.3125,0.0,0.0,0.5,0.1875,0.0,0.0,0.0,0.0,0.0,0.0,0.0,0.0
Nb50-V50,B2_PENALTY_146_Ru50Al50_Zr,0.28045423733148633,3.16642062,4.199293486,-0.654418284,4.75,0.0751158704347694,1.6175000000000002,0.3552024070864386,-14.0,Nb50-V50,0.0,0.0,0.5,0.5,B2_PENALTY_146_Ru50Al50_Zr,0.25,0.0,0.0,0.5,0.25,0.0,0.0,0.0,0.0,0.0,0.0,0.0,0.0
Nb50-V50,B2_PENALTY_147_Ru87Cr12_Zr,-0.19943792223997875,3.16642062,2.592179044,-0.824075051,5.875,0.0915913075118357,1.7326,0.4212875977286776,-15.312,Nb50-V50,0.0,0.0,0.5,0.5,B2_PENALTY_147_Ru87Cr12_Zr,0.4375,0.0,0.0,0.5,0.0,0.0,0.0,0.0,0.0,0.0,0.0625,0.0,0.0
Nb50-V50,B2_PENALTY_148_Ru75Cr25_Zr,0.029738240675764225,3.16642062,3.262005664,-0.675888976,5.75,0.0946071432924222,1.7002000000000002,0.4045268347093924,-12.768,Nb50-V50,0.0,0.0,0.5,0.5,B2_PENALTY_148_Ru75Cr25_Zr,0.375,0.0,0.0,0.5,0.0,0.0,0.0,0.0,0.0,0.0,0.125,0.0,0.0
Nb50-V50,B2_PENALTY_149_Ru62Cr37_Zr,-0.201991573768392,3.16642062,2.585500791,-0.525764636,5.625,0.097964971374696,1.6624,0.3805788223219995,-9.982,Nb50-V50,0.0,0.0,0.5,0.5,B2_PENALTY_149_Ru62Cr37_Zr,0.3125,0.0,0.0,0.5,0.0,0.0,0.0,0.0,0.0,0.0,0.1875,0.0,0.0
Nb50-V50,B2_PENALTY_150_Ru50Cr50_Zr,0.2565547832961373,3.16642062,4.09832298,-0.377855166,5.5,0.100717188245724,1.63,0.355598087733891,-7.75,Nb50-V50,0.0,0.0,0.5,0.5,B2_PENALTY_150_Ru50Cr50_Zr,0.25,0.0,0.0,0.5,0.0,0.0,0.0,0.0,0.0,0.0,0.25,0.0,0.0
Nb50-V50,B2_PENALTY_151_Ru87Cu12_Zr,-0.19698053988486466,3.16642062,2.598620194,-0.842497728,6.1875,0.0915913075118357,1.747,0.4226594373724548,-17.1072,Nb50-V50,0.0,0.0,0.5,0.5,B2_PENALTY_151_Ru87Cu12_Zr,0.4375,0.0,0.0,0.5,0.0,0.0,0.0,0.0,0.0,0.0,0.0,0.0625,0.0
Nb50-V50,B2_PENALTY_152_Ru75Cu25_Zr,0.03312347852352983,3.16642062,3.273069781,-0.744916574,6.375,0.0946071432924222,1.729,0.4091564492953766,-15.8688,Nb50-V50,0.0,0.0,0.5,0.5,B2_PENALTY_152_Ru75Cu25_Zr,0.375,0.0,0.0,0.5,0.0,0.0,0.0,0.0,0.0,0.0,0.0,0.125,0.0
Nb50-V50,B2_PENALTY_153_Ru62Cu37_Zr,-0.19735054937209723,3.16642062,2.597649425,-0.643740809,6.5625,0.097964971374696,1.708,0.3917728933961614,-13.9872,Nb50-V50,0.0,0.0,0.5,0.5,B2_PENALTY_153_Ru62Cu37_Zr,0.3125,0.0,0.0,0.5,0.0,0.0,0.0,0.0,0.0,0.0,0.0,0.1875,0.0
Nb50-V50,B2_PENALTY_154_Ru50Cu50_Zr,0.2627714706602121,3.16642062,4.124319928,-0.545283305,6.75,0.100717188245724,1.6900000000000002,0.3752998800959041,-12.0,Nb50-V50,0.0,0.0,0.5,0.5,B2_PENALTY_154_Ru50Cu50_Zr,0.25,0.0,0.0,0.5,0.0,0.0,0.0,0.0,0.0,0.0,0.0,0.25,0.0
Nb50-V50,B2_PENALTY_155_Ru87Si12_Zr,-0.19512708517248573,3.16642062,2.603487904,-0.898605077,5.75,0.0996987498196708,1.747,0.4226594373724548,-14.9952,Nb50-V50,0.0,0.0,0.5,0.5,B2_PENALTY_155_Ru87Si12_Zr,0.4375,0.0,0.0,0.5,0.0,0.0,0.0,0.0,0.0,0.0,0.0,0.0,0.0625
Nb50-V50,B2_PENALTY_156_Ru75Si25_Zr,0.036889209255164285,3.16642062,3.285422312,-0.857108746,5.5,0.1096308366502065,1.729,0.4091564492953766,-12.2208,Nb50-V50,0.0,0.0,0.5,0.5,B2_PENALTY_156_Ru75Si25_Zr,0.375,0.0,0.0,0.5,0.0,0.0,0.0,0.0,0.0,0.0,0.0,0.0,0.125
Nb50-V50,B2_PENALTY_157_Ru62Si37_Zr,-0.19190552407107386,3.16642062,2.611968248,-0.806319256,5.25,0.1199620550667942,1.708,0.3917728933961614,-9.2752,Nb50-V50,0.0,0.0,0.5,0.5,B2_PENALTY_157_Ru62Si37_Zr,0.3125,0.0,0.0,0.5,0.0,0.0,0.0,0.0,0.0,0.0,0.0,0.0,0.1875
Nb50-V50,B2_PENALTY_158_Ru50Si50_Zr,0.2689723707046102,3.16642062,4.150436873,-0.770078956,5.0,0.127965781170799,1.69,0.3752998800959041,-7.0,Nb50-V50,0.0,0.0,0.5,0.5,B2_PENALTY_158_Ru50Si50_Zr,0.25,0.0,0.0,0.5,0.0,0.0,0.0,0.0,0.0,0.0,0.0,0.0,0.25
Nb50-V50,B2_MULTI_159_A_Ru87_Al12_B_HfTi,-0.22799043419268222,3.16642062,2.518380484,-0.993246203,5.6875,0.0678797217863284,1.7746000000000002,0.3889997943444186,-13.112,Nb50-V50,0.0,0.0,0.5,0.5,B2_MULTI_159_A_Ru87_Al12_B_HfTi,0.4375,0.25,0.25,0.0,0.0625,0.0,0.0,0.0,0.0,0.0,0.0,0.0,0.0
Nb50-V50,B2_MULTI_160_A_Ru75_Al25_B_HfTi,0.006304748485499651,3.16642062,3.186447237,-0.900034303,5.375,0.0654597746128897,1.7392,0.3752803751863399,-13.148,Nb50-V50,0.0,0.0,0.5,0.5,B2_MULTI_160_A_Ru75_Al25_B_HfTi,0.375,0.25,0.25,0.0,0.125,0.0,0.0,0.0,0.0,0.0,0.0,0.0,0.0
Nb50-V50,B2_MULTI_161_A_Ru87_Al12_B_HfZr,-0.1987488408956132,3.16642062,2.593983772,-0.966894404,5.6875,0.0826853853075511,1.7221000000000002,0.4292115911761937,-16.631999999999998,Nb50-V50,0.0,0.0,0.5,0.5,B2_MULTI_161_A_Ru87_Al12_B_HfZr,0.4375,0.25,0.0,0.25,0.0625,0.0,0.0,0.0,0.0,0.0,0.0,0.0,0.0
Nb50-V50,B2_MULTI_162_A_Ru75_Al25_B_HfZr,0.03640108448079266,3.16642062,3.283818469,-0.87583034,5.375,0.0796873228030491,1.6867,0.4123349487976978,-16.188,Nb50-V50,0.0,0.0,0.5,0.5,B2_MULTI_162_A_Ru75_Al25_B_HfZr,0.375,0.25,0.0,0.25,0.125,0.0,0.0,0.0,0.0,0.0,0.0,0.0,0.0
Nb50-V50,B2_MULTI_163_A_Ru87_Al12_B_HfAl,-0.23707548173299284,3.16642062,2.495293785,-4.954411074,2.8125,0.0553065594713224,1.8678,0.3451393341825878,-18.8,Nb50-V50,0.0,0.0,0.5,0.5,B2_MULTI_163_A_Ru87_Al12_B_HfAl,0.25,0.0625,0.0,0.0,0.1875,0.0,0.0,0.0,0.0,0.0,0.0,0.0,0.0
Nb50-V50,B2_MULTI_163_A_Ru87_Al13_B_HfAl,-0.23720855612459363,3.16642062,2.494957013,-1.044063929,5.4375,0.0671169315930914,1.7921,0.3795109879832204,-17.512,Nb50-V50,0.0,0.0,0.5,0.5,B2_MULTI_163_A_Ru87_Al13_B_HfAl,0.4375,0.25,0.0,0.0,0.3125,0.0,0.0,0.0,0.0,0.0,0.0,0.0,0.0
Nb50-V50,B2_MULTI_164_A_Ru75_Al25_B_HfAl,-0.0017591988086337852,3.16642062,3.160855152,-0.932800309,5.125,0.0647257979106258,1.7552475247524757,0.3655934929642944,-16.912067444368198,Nb50-V50,0.0,0.0,0.5,0.5,B2_MULTI_164_A_Ru75_Al25_B_HfAl,0.375,0.25,0.0,0.0,0.375,0.0,0.0,0.0,0.0,0.0,0.0,0.0,0.0
Nb50-V50,B2_MULTI_165_A_Ru87_Al12_B_TiZr,-0.222015512718809,3.16642062,2.533666714,-0.881935538,5.6875,0.0727621617453034,1.7821000000000002,0.3799613006610016,-14.432,Nb50-V50,0.0,0.0,0.5,0.5,B2_MULTI_165_A_Ru87_Al12_B_TiZr,0.4375,0.0,0.25,0.25,0.0625,0.0,0.0,0.0,0.0,0.0,0.0,0.0,0.0
Nb50-V50,B2_MULTI_166_A_Ru75_Al25_B_TiZr,0.012534899799388004,3.16642062,3.206361714,-0.808063227,5.375,0.0703058182976203,1.7467,0.3666280267519111,-14.288,Nb50-V50,0.0,0.0,0.5,0.5,B2_MULTI_166_A_Ru75_Al25_B_TiZr,0.375,0.0,0.25,0.25,0.125,0.0,0.0,0.0,0.0,0.0,0.0,0.0,0.0
Nb50-V50,B2_MULTI_167_A_Ru87_Al12_B_TiAl,-0.26537265260515086,3.16642062,2.424572308,-5.952786629,1.5,0.0273038199437399,1.694324324324325,0.2239032192052839,-9.817384952520088,Nb50-V50,0.0,0.0,0.5,0.5,B2_MULTI_167_A_Ru87_Al12_B_TiAl,0.0625,0.0,0.0625,0.0,0.25,0.0,0.0,0.0,0.0,0.0,0.0,0.0,0.0
Nb50-V50,B2_MULTI_167_A_Ru87_Al13_B_TiAl,-0.26541404842943916,3.16642062,2.424470144,-1.021190861,5.4375,0.0396803315535911,1.8521,0.309477931361834,-15.312,Nb50-V50,0.0,0.0,0.5,0.5,B2_MULTI_167_A_Ru87_Al13_B_TiAl,0.4375,0.0,0.25,0.0,0.3125,0.0,0.0,0.0,0.0,0.0,0.0,0.0,0.0
Nb50-V50,B2_MULTI_168_A_Ru75_Al25_B_TiAl,-0.030628115396558787,3.16642062,3.070901903,-0.941385339,5.125,0.0380980563492807,1.814653465346535,0.3004965012116891,-15.049504950495049,Nb50-V50,0.0,0.0,0.5,0.5,B2_MULTI_168_A_Ru75_Al25_B_TiAl,0.375,0.0,0.25,0.0,0.375,0.0,0.0,0.0,0.0,0.0,0.0,0.0,0.0
Nb50-V50,B2_MULTI_169_A_Ru87_Al12_B_ZrAl,-0.23032320280247584,3.16642062,2.512434563,-3.978965604,3.1875,0.0773292902137734,1.9146938775510205,0.3828683476015858,-17.35276967930029,Nb50-V50,0.0,0.0,0.5,0.5,B2_MULTI_169_A_Ru87_Al12_B_ZrAl,0.3125,0.0,0.0,0.125,0.0625,0.0,0.0,0.0,0.0,0.0,0.0,0.0,0.0
Nb50-V50,B2_MULTI_169_A_Ru87_Al13_B_ZrAl,-0.23032355627005613,3.16642062,2.512433663,-0.95203949,5.4375,0.0724611766706071,1.7996,0.3698862527859072,-18.832,Nb50-V50,0.0,0.0,0.5,0.5,B2_MULTI_169_A_Ru87_Al13_B_ZrAl,0.4375,0.0,0.0,0.25,0.3125,0.0,0.0,0.0,0.0,0.0,0.0,0.0,0.0
Nb50-V50,B2_MULTI_170_A_Ru75_Al25_B_ZrAl,0.004315675488006631,3.16642062,3.180115415,-0.885427863,5.125,0.0699929276125827,1.762673267326733,0.356461962724668,-18.02960494069209,Nb50-V50,0.0,0.0,0.5,0.5,B2_MULTI_170_A_Ru75_Al25_B_ZrAl,0.375,0.0,0.0,0.25,0.375,0.0,0.0,0.0,0.0,0.0,0.0,0.0,0.0
Nb75-Mo25,B2_014_RuHf,-0.24088964588490994,3.27521311,2.571059804,-1.190557465,6.0,0.0821917808219178,1.75,0.45,-15.0,Nb75-Mo25,0.25,0.0,0.0,0.75,B2_014_RuHf,0.5,0.5,0.0,0.0,0.0,0.0,0.0,0.0,0.0,0.0,0.0,0.0,0.0
Nb75-Mo25,B2_015_RuTi,-0.2923725071235565,3.27521311,2.43976227,-1.048598035,6.0,0.0462633451957295,1.87,0.33,-10.0,Nb75-Mo25,0.25,0.0,0.0,0.75,B2_015_RuTi,0.5,0.0,0.5,0.0,0.0,0.0,0.0,0.0,0.0,0.0,0.0,0.0,0.0
Nb75-Mo25,B2_016_RuZr,-0.2318567985979877,3.27521311,2.59472104,-0.959079125,6.0,0.0884353741496598,1.765,0.435,-18.0,Nb75-Mo25,0.25,0.0,0.0,0.75,B2_016_RuZr,0.5,0.0,0.0,0.5,0.0,0.0,0.0,0.0,0.0,0.0,0.0,0.0,0.0
Nb75-Mo25,B2_017_RuAl,-0.3131301027504653,3.27521311,2.388477153,-1.00191235,5.5,0.0324909747292418,1.905,0.295,-20.0,Nb75-Mo25,0.25,0.0,0.0,0.75,B2_017_RuAl,0.5,0.0,0.0,0.0,0.5,0.0,0.0,0.0,0.0,0.0,0.0,0.0,0.0
Nb75-Mo25,MATRIX_BIN_018_Nb12_Mo87,-0.26201822008152736,3.27521311,2.516452193,-0.074598622,5.875,0.0162666672861703,2.0928,0.1819784602638455,-0.8448,Nb75-Mo25,0.25,0.0,0.0,0.75,MATRIX_BIN_018_Nb12_Mo87,0.0,0.0,0.0,0.0,0.0,0.875,0.125,0.0,0.0,0.0,0.0,0.0,0.0
Nb75-Mo25,MATRIX_BIN_019_Nb25_Mo75,-0.02684097404517743,3.27521311,3.18846737,-0.093096702,5.75,0.0215352675896663,2.02,0.2424871130596428,-1.5,Nb75-Mo25,0.25,0.0,0.0,0.75,MATRIX_BIN_019_Nb25_Mo75,0.0,0.0,0.0,0.0,0.0,0.75,0.25,0.0,0.0,0.0,0.0,0.0,0.0
Nb75-Mo25,MATRIX_BIN_020_Nb50_Mo50,0.21601125159465742,3.27521311,4.068360358,-0.068167471,5.5,0.0245614035087719,1.88,0.28,-2.0,Nb75-Mo25,0.25,0.0,0.0,0.75,MATRIX_BIN_020_Nb50_Mo50,0.0,0.0,0.0,0.0,0.0,0.5,0.5,0.0,0.0,0.0,0.0,0.0,0.0
Nb75-Mo25,MATRIX_BIN_021_Nb75_Mo25,0.0003290300954574283,3.27521311,3.276290931,-0.003897255,5.25,0.0210127480987559,1.7400000000000002,0.2424871130596428,-1.5,Nb75-Mo25,0.25,0.0,0.0,0.75,MATRIX_BIN_021_Nb75_Mo25,0.0,0.0,0.0,0.0,0.0,0.25,0.75,0.0,0.0,0.0,0.0,0.0,0.0
Nb75-Mo25,MATRIX_BIN_022_Nb87_Mo12,-0.22272000634097033,3.27521311,2.618850201,0.026755452,5.125,0.0156705067050018,1.6672000000000002,0.1819784602638455,-0.8448,Nb75-Mo25,0.25,0.0,0.0,0.75,MATRIX_BIN_022_Nb87_Mo12,0.0,0.0,0.0,0.0,0.0,0.125,0.875,0.0,0.0,0.0,0.0,0.0,0.0
Nb75-Mo25,MATRIX_BIN_023_Nb12_Ta87,-0.21884646379473177,3.27521311,2.629139739,0.01664066,5.0,0.0,1.512,0.0324961536185438,-0.4224,Nb75-Mo25,0.25,0.0,0.0,0.75,MATRIX_BIN_023_Nb12_Ta87,0.0,0.0,0.0,0.0,0.0,0.0,0.125,0.875,0.0,0.0,0.0,0.0,0.0
Nb75-Mo25,MATRIX_BIN_024_Nb25_Ta75,0.011971739958163079,3.27521311,3.314659229,0.02257152,5.0,0.0,1.525,0.0433012701892219,-0.75,Nb75-Mo25,0.25,0.0,0.0,0.75,MATRIX_BIN_024_Nb25_Ta75,0.0,0.0,0.0,0.0,0.0,0.0,0.25,0.75,0.0,0.0,0.0,0.0,0.0
Nb75-Mo25,MATRIX_BIN_025_Nb50_Ta50,0.243086443583188,3.27521311,4.181529649,0.032388069,5.0,0.0,1.55,0.05,-1.0,Nb75-Mo25,0.25,0.0,0.0,0.75,MATRIX_BIN_025_Nb50_Ta50,0.0,0.0,0.0,0.0,0.0,0.0,0.5,0.5,0.0,0.0,0.0,0.0,0.0
Nb75-Mo25,MATRIX_BIN_026_Nb75_Ta25,0.01426896941754454,3.27521311,3.322282844,0.043369138,5.0,0.0,1.5750000000000002,0.0433012701892219,-0.75,Nb75-Mo25,0.25,0.0,0.0,0.75,MATRIX_BIN_026_Nb75_Ta25,0.0,0.0,0.0,0.0,0.0,0.0,0.75,0.25,0.0,0.0,0.0,0.0,0.0
Nb75-Mo25,MATRIX_BIN_027_Nb87_Ta12,-0.21548915142435854,3.27521311,2.638087089,0.04776952,5.0,0.0,1.588,0.0324961536185438,-0.4224,Nb75-Mo25,0.25,0.0,0.0,0.75,MATRIX_BIN_027_Nb87_Ta12,0.0,0.0,0.0,0.0,0.0,0.0,0.875,0.125,0.0,0.0,0.0,0.0,0.0
Nb75-Mo25,MATRIX_BIN_028_Nb12_W87,-0.2567252790006022,3.27521311,2.53003601,-0.064576028,5.875,0.0162666672861703,2.2688,0.2469707675009331,-0.8448,Nb75-Mo25,0.25,0.0,0.0,0.75,MATRIX_BIN_028_Nb12_W87,0.0,0.0,0.0,0.0,0.0,0.0,0.125,0.0,0.875,0.0,0.0,0.0,0.0
Nb75-Mo25,MATRIX_BIN_029_Nb25_W75,-0.022576898007419296,3.27521311,3.202094355,-0.067975525,5.75,0.0215352675896663,2.17,0.3290896534380866,-1.5,Nb75-Mo25,0.25,0.0,0.0,0.75,MATRIX_BIN_029_Nb25_W75,0.0,0.0,0.0,0.0,0.0,0.0,0.25,0.0,0.75,0.0,0.0,0.0,0.0
Nb75-Mo25,MATRIX_BIN_030_Nb50_W50,0.21812402313883997,3.27521311,4.077067638,-0.024208031,5.5,0.0245614035087719,1.98,0.3799999999999999,-2.0,Nb75-Mo25,0.25,0.0,0.0,0.75,MATRIX_BIN_030_Nb50_W50,0.0,0.0,0.0,0.0,0.0,0.0,0.5,0.0,0.5,0.0,0.0,0.0,0.0
Nb75-Mo25,MATRIX_BIN_031_Nb75_W25,0.0008957769373864158,3.27521311,3.278148285,0.026336168,5.25,0.0210127480987559,1.79,0.3290896534380866,-1.5,Nb75-Mo25,0.25,0.0,0.0,0.75,MATRIX_BIN_031_Nb75_W25,0.0,0.0,0.0,0.0,0.0,0.0,0.75,0.0,0.25,0.0,0.0,0.0,0.0
Nb75-Mo25,MATRIX_BIN_032_Nb87_W12,-0.22227285432865465,3.27521311,2.620036168,0.042204846,5.125,0.0156705067050018,1.6912,0.2469707675009331,-0.8448,Nb75-Mo25,0.25,0.0,0.0,0.75,MATRIX_BIN_032_Nb87_W12,0.0,0.0,0.0,0.0,0.0,0.0,0.875,0.0,0.125,0.0,0.0,0.0,0.0
Nb75-Mo25,MATRIX_BIN_033_Nb12_V87,-0.30573195220636107,3.27521311,2.406649618,0.08248568,5.0,0.0287916304948704,1.6263999999999998,0.009748846085563,-0.4224,Nb75-Mo25,0.25,0.0,0.0,0.75,MATRIX_BIN_033_Nb12_V87,0.0,0.0,0.0,0.0,0.0,0.0,0.125,0.0,0.0,0.875,0.0,0.0,0.0
Nb75-Mo25,MATRIX_BIN_034_Nb25_V75,-0.061176601905609196,3.27521311,3.080793662,0.119704924,5.0,0.0379281198737709,1.6225,0.0129903810567664,-0.75,Nb75-Mo25,0.25,0.0,0.0,0.75,MATRIX_BIN_034_Nb25_V75,0.0,0.0,0.0,0.0,0.0,0.0,0.25,0.0,0.0,0.75,0.0,0.0,0.0
Nb75-Mo25,MATRIX_BIN_035_Nb50_V50,0.1986756623477128,3.27521311,3.997687259,0.146260085,5.0,0.0428571428571428,1.615,0.0149999999999999,-1.0,Nb75-Mo25,0.25,0.0,0.0,0.75,MATRIX_BIN_035_Nb50_V50,0.0,0.0,0.0,0.0,0.0,0.0,0.5,0.0,0.0,0.5,0.0,0.0,0.0
Nb75-Mo25,MATRIX_BIN_036_Nb75_V25,-0.0069507324840908215,3.27521311,3.252526823,0.114812331,5.0,0.0363367302287176,1.6075000000000002,0.0129903810567664,-0.75,Nb75-Mo25,0.25,0.0,0.0,0.75,MATRIX_BIN_036_Nb75_V25,0.0,0.0,0.0,0.0,0.0,0.0,0.75,0.0,0.0,0.25,0.0,0.0,0.0
Nb75-Mo25,MATRIX_BIN_037_Nb87_V12,-0.2259905764114177,3.27521311,2.61019026,0.086073827,5.0,0.0269752243651442,1.6036,0.009748846085563,-0.4224,Nb75-Mo25,0.25,0.0,0.0,0.75,MATRIX_BIN_037_Nb87_V12,0.0,0.0,0.0,0.0,0.0,0.0,0.875,0.0,0.0,0.125,0.0,0.0,0.0
Nb75-Mo25,MATRIX_BIN_038_Mo12_Ta87,-0.2262741604693555,3.27521311,2.609440574,-0.021898875,5.125,0.0156705067050018,1.5792000000000002,0.2144746138823893,-0.8448,Nb75-Mo25,0.25,0.0,0.0,0.75,MATRIX_BIN_038_Mo12_Ta87,0.0,0.0,0.0,0.0,0.0,0.125,0.0,0.875,0.0,0.0,0.0,0.0,0.0
Nb75-Mo25,MATRIX_BIN_039_Mo25_Ta75,-0.0031208843398852063,3.27521311,3.265007474,-0.045341345,5.25,0.0210127480987559,1.665,0.2857883832488648,-1.5,Nb75-Mo25,0.25,0.0,0.0,0.75,MATRIX_BIN_039_Mo25_Ta75,0.0,0.0,0.0,0.0,0.0,0.25,0.0,0.75,0.0,0.0,0.0,0.0,0.0
Nb75-Mo25,MATRIX_BIN_040_Mo50_Ta50,0.2131525551969554,3.27521311,4.056611707,-0.115010835,5.5,0.0245614035087719,1.83,0.33,-2.0,Nb75-Mo25,0.25,0.0,0.0,0.75,MATRIX_BIN_040_Mo50_Ta50,0.0,0.0,0.0,0.0,0.0,0.5,0.0,0.5,0.0,0.0,0.0,0.0,0.0
Nb75-Mo25,MATRIX_BIN_041_Mo75_Ta25,-0.028357785249216998,3.27521311,3.183633813,-0.13445637,5.75,0.0215352675896663,1.995,0.2857883832488648,-1.5,Nb75-Mo25,0.25,0.0,0.0,0.75,MATRIX_BIN_041_Mo75_Ta25,0.0,0.0,0.0,0.0,0.0,0.75,0.0,0.25,0.0,0.0,0.0,0.0,0.0
Nb75-Mo25,MATRIX_BIN_042_Mo87_Ta12,-0.26278992839156795,3.27521311,2.514476987,-0.10635318,5.875,0.0162666672861703,2.0808,0.2144746138823893,-0.8448,Nb75-Mo25,0.25,0.0,0.0,0.75,MATRIX_BIN_042_Mo87_Ta12,0.0,0.0,0.0,0.0,0.0,0.875,0.0,0.125,0.0,0.0,0.0,0.0,0.0
Nb75-Mo25,MATRIX_BIN_043_Mo12_W87,-0.2624089679554155,3.27521311,2.515451896,-0.03228228,6.0,0.0,2.336,0.0649923072370876,-0.4224,Nb75-Mo25,0.25,0.0,0.0,0.75,MATRIX_BIN_043_Mo12_W87,0.0,0.0,0.0,0.0,0.0,0.125,0.0,0.0,0.875,0.0,0.0,0.0,0.0
Nb75-Mo25,MATRIX_BIN_044_Mo25_W75,-0.033613229215308925,3.27521311,3.166942287,-0.031021756,6.0,0.0,2.31,0.0866025403784437,-0.75,Nb75-Mo25,0.25,0.0,0.0,0.75,MATRIX_BIN_044_Mo25_W75,0.0,0.0,0.0,0.0,0.0,0.25,0.0,0.0,0.75,0.0,0.0,0.0,0.0
Nb75-Mo25,MATRIX_BIN_045_Mo50_W50,0.19532940736206447,3.27521311,3.984201707,-0.031400886,6.0,0.0,2.26,0.0999999999999998,-1.0,Nb75-Mo25,0.25,0.0,0.0,0.75,MATRIX_BIN_045_Mo50_W50,0.0,0.0,0.0,0.0,0.0,0.5,0.0,0.0,0.5,0.0,0.0,0.0,0.0
Nb75-Mo25,MATRIX_BIN_046_Mo75_W25,-0.03657540094068939,3.27521311,3.157572258,-0.029765179,6.0,0.0,2.21,0.0866025403784437,-0.75,Nb75-Mo25,0.25,0.0,0.0,0.75,MATRIX_BIN_046_Mo75_W25,0.0,0.0,0.0,0.0,0.0,0.75,0.0,0.0,0.25,0.0,0.0,0.0,0.0
Nb75-Mo25,MATRIX_BIN_047_Mo87_W12,-0.26689540174021803,3.27521311,2.503991537,-0.029998622,6.0,0.0,2.184,0.0649923072370876,-0.4224,Nb75-Mo25,0.25,0.0,0.0,0.75,MATRIX_BIN_047_Mo87_W12,0.0,0.0,0.0,0.0,0.0,0.875,0.0,0.0,0.125,0.0,0.0,0.0,0.0
Nb75-Mo25,MATRIX_BIN_048_Mo12_V87,-0.3153575118207654,3.27521311,2.383028597,-0.006338223,5.125,0.0120713795016878,1.6936,0.1722296141782824,-0.4224,Nb75-Mo25,0.25,0.0,0.0,0.75,MATRIX_BIN_048_Mo12_V87,0.0,0.0,0.0,0.0,0.0,0.125,0.0,0.0,0.0,0.875,0.0,0.0,0.0
Nb75-Mo25,MATRIX_BIN_049_Mo25_V75,-0.0800400979471224,3.27521311,3.023152221,-0.037424369,5.25,0.0160078632862187,1.7625,0.2294967320028763,-0.75,Nb75-Mo25,0.25,0.0,0.0,0.75,MATRIX_BIN_049_Mo25_V75,0.0,0.0,0.0,0.0,0.0,0.25,0.0,0.0,0.0,0.75,0.0,0.0,0.0
Nb75-Mo25,MATRIX_BIN_050_Mo50_V50,0.16431280681631405,3.27521311,3.861543353,-0.097449414,5.5,0.0183150183150182,1.895,0.2650000000000001,-1.0,Nb75-Mo25,0.25,0.0,0.0,0.75,MATRIX_BIN_050_Mo50_V50,0.0,0.0,0.0,0.0,0.0,0.5,0.0,0.0,0.0,0.5,0.0,0.0,0.0
Nb75-Mo25,MATRIX_BIN_051_Mo75_V25,-0.05254982588039067,3.27521311,3.107507677,-0.114008179,5.75,0.0157173394516231,2.0275,0.2294967320028763,-0.75,Nb75-Mo25,0.25,0.0,0.0,0.75,MATRIX_BIN_051_Mo75_V25,0.0,0.0,0.0,0.0,0.0,0.75,0.0,0.0,0.0,0.25,0.0,0.0,0.0
Nb75-Mo25,MATRIX_BIN_052_Mo87_V12,-0.274585260918983,3.27521311,2.484453351,-0.088360288,5.875,0.0117399398910924,2.0964,0.1722296141782824,-0.4224,Nb75-Mo25,0.25,0.0,0.0,0.75,MATRIX_BIN_052_Mo87_V12,0.0,0.0,0.0,0.0,0.0,0.875,0.0,0.0,0.0,0.125,0.0,0.0,0.0
Nb75-Mo25,MATRIX_BIN_053_Ta12_W87,-0.25737917421552714,3.27521311,2.528354403,-0.093051999,5.875,0.0162666672861703,2.2568,0.279466921119477,-0.4224,Nb75-Mo25,0.25,0.0,0.0,0.75,MATRIX_BIN_053_Ta12_W87,0.0,0.0,0.0,0.0,0.0,0.0,0.0,0.125,0.875,0.0,0.0,0.0,0.0
Nb75-Mo25,MATRIX_BIN_054_Ta25_W75,-0.02392088766537043,3.27521311,3.197793083,-0.107372831,5.75,0.0215352675896663,2.145,0.3723909236273086,-0.75,Nb75-Mo25,0.25,0.0,0.0,0.75,MATRIX_BIN_054_Ta25_W75,0.0,0.0,0.0,0.0,0.0,0.0,0.0,0.25,0.75,0.0,0.0,0.0,0.0
Nb75-Mo25,MATRIX_BIN_055_Ta50_W50,0.21600572900515264,3.27521311,4.068337625,-0.070797609,5.5,0.0245614035087719,1.93,0.4299999999999999,-1.0,Nb75-Mo25,0.25,0.0,0.0,0.75,MATRIX_BIN_055_Ta50_W50,0.0,0.0,0.0,0.0,0.0,0.0,0.0,0.5,0.5,0.0,0.0,0.0,0.0
Nb75-Mo25,MATRIX_BIN_056_Ta75_W25,-0.0020236764550948193,3.27521311,3.268591838,-0.021707099,5.25,0.0210127480987559,1.715,0.3723909236273086,-0.75,Nb75-Mo25,0.25,0.0,0.0,0.75,MATRIX_BIN_056_Ta75_W25,0.0,0.0,0.0,0.0,0.0,0.0,0.0,0.75,0.25,0.0,0.0,0.0,0.0
Nb75-Mo25,MATRIX_BIN_057_Ta87_W12,-0.22578039016031615,3.27521311,2.610746034,-0.005622646,5.125,0.0156705067050018,1.6032,0.279466921119477,-0.4224,Nb75-Mo25,0.25,0.0,0.0,0.75,MATRIX_BIN_057_Ta87_W12,0.0,0.0,0.0,0.0,0.0,0.0,0.0,0.875,0.125,0.0,0.0,0.0,0.0
Nb75-Mo25,MATRIX_BIN_058_Ta12_V87,-0.30603779532129927,3.27521311,2.405896049,0.06873568,5.0,0.0287916304948704,1.6143999999999998,0.0422449997041069,0.0,Nb75-Mo25,0.25,0.0,0.0,0.75,MATRIX_BIN_058_Ta12_V87,0.0,0.0,0.0,0.0,0.0,0.0,0.0,0.125,0.0,0.875,0.0,0.0,0.0
Nb75-Mo25,MATRIX_BIN_059_Ta25_V75,-0.06142139511113697,3.27521311,3.080038888,0.103170482,5.0,0.0379281198737709,1.5975,0.0562916512459884,0.0,Nb75-Mo25,0.25,0.0,0.0,0.75,MATRIX_BIN_059_Ta25_V75,0.0,0.0,0.0,0.0,0.0,0.0,0.0,0.25,0.0,0.75,0.0,0.0,0.0
Nb75-Mo25,MATRIX_BIN_060_Ta50_V50,0.19730982562395571,3.27521311,3.992176831,0.118279576,5.0,0.0428571428571428,1.565,0.0649999999999999,0.0,Nb75-Mo25,0.25,0.0,0.0,0.75,MATRIX_BIN_060_Ta50_V50,0.0,0.0,0.0,0.0,0.0,0.0,0.0,0.5,0.0,0.5,0.0,0.0,0.0
Nb75-Mo25,MATRIX_BIN_061_Ta75_V25,-0.009500089924569704,3.27521311,3.244245389,0.083356798,5.0,0.0363367302287176,1.5325,0.0562916512459884,0.0,Nb75-Mo25,0.25,0.0,0.0,0.75,MATRIX_BIN_061_Ta75_V25,0.0,0.0,0.0,0.0,0.0,0.0,0.0,0.75,0.0,0.25,0.0,0.0,0.0
Nb75-Mo25,MATRIX_BIN_062_Ta87_V12,-0.2292575845982294,3.27521311,2.601565119,0.048231505,5.0,0.0269752243651442,1.5156,0.0422449997041069,0.0,Nb75-Mo25,0.25,0.0,0.0,0.75,MATRIX_BIN_062_Ta87_V12,0.0,0.0,0.0,0.0,0.0,0.0,0.0,0.875,0.0,0.125,0.0,0.0,0.0
Nb75-Mo25,MATRIX_BIN_063_W12_V87,-0.31390193297624996,3.27521311,2.38658796,0.007573578,5.125,0.0120713795016878,1.7175999999999998,0.23722192141537,0.0,Nb75-Mo25,0.25,0.0,0.0,0.75,MATRIX_BIN_063_W12_V87,0.0,0.0,0.0,0.0,0.0,0.0,0.0,0.0,0.125,0.875,0.0,0.0,0.0
Nb75-Mo25,MATRIX_BIN_064_W25_V75,-0.07696220925963837,3.27521311,3.032485885,-0.010397496,5.25,0.0160078632862187,1.8125,0.3160992723813201,0.0,Nb75-Mo25,0.25,0.0,0.0,0.75,MATRIX_BIN_064_W25_V75,0.0,0.0,0.0,0.0,0.0,0.0,0.0,0.0,0.25,0.75,0.0,0.0,0.0
Nb75-Mo25,MATRIX_BIN_065_W50_V50,0.1694974248427193,3.27521311,3.881757122,-0.05491275,5.5,0.0183150183150182,1.995,0.365,0.0,Nb75-Mo25,0.25,0.0,0.0,0.75,MATRIX_BIN_065_W50_V50,0.0,0.0,0.0,0.0,0.0,0.0,0.0,0.0,0.5,0.5,0.0,0.0,0.0
Nb75-Mo25,MATRIX_BIN_066_W75_V25,-0.04626751844606157,3.27521311,3.12710346,-0.09208095,5.75,0.0157173394516231,2.1775,0.3160992723813201,0.0,Nb75-Mo25,0.25,0.0,0.0,0.75,MATRIX_BIN_066_W75_V25,0.0,0.0,0.0,0.0,0.0,0.0,0.0,0.0,0.75,0.25,0.0,0.0,0.0
Nb75-Mo25,MATRIX_BIN_067_W87_V12,-0.26838746308850847,3.27521311,2.50019019,-0.084931073,5.875,0.0117399398910924,2.2724,0.23722192141537,0.0,Nb75-Mo25,0.25,0.0,0.0,0.75,MATRIX_BIN_067_W87_V12,0.0,0.0,0.0,0.0,0.0,0.0,0.0,0.0,0.875,0.125,0.0,0.0,0.0
Nb75-Mo25,MATRIX_TERN_068_Nb33_Mo33_Ta33,0.12866287077907318,3.27521311,3.725584467,-0.065262171,5.333333333,0.0229686657461987,1.7533333333333334,0.2904402788105596,-2.2222222222222228,Nb75-Mo25,0.25,0.0,0.0,0.75,MATRIX_TERN_068_Nb33_Mo33_Ta33,0.0,0.0,0.0,0.0,0.0,0.333333333,0.333333333,0.333333333,0.0,0.0,0.0,0.0,0.0
Nb75-Mo25,MATRIX_TERN_069_Nb33_Mo33_W33,0.1149978861486909,3.27521311,3.674833441,-0.049686914,5.666666667,0.0233478654165369,2.0400000000000005,0.3216623488483951,-2.2222222222222223,Nb75-Mo25,0.25,0.0,0.0,0.75,MATRIX_TERN_069_Nb33_Mo33_W33,0.0,0.0,0.0,0.0,0.0,0.333333333,0.333333333,0.0,0.333333333,0.0,0.0,0.0,0.0
Nb75-Mo25,MATRIX_TERN_070_Nb33_Mo33_V33,0.09829043619613229,3.27521311,3.613773878,-0.013214523,5.333333333,0.0352382411938744,1.7966666666666669,0.2572072229848058,-1.777777777777778,Nb75-Mo25,0.25,0.0,0.0,0.75,MATRIX_TERN_070_Nb33_Mo33_V33,0.0,0.0,0.0,0.0,0.0,0.333333333,0.333333333,0.0,0.0,0.333333333,0.0,0.0,0.0
Nb75-Mo25,MATRIX_TERN_071_Nb33_Ta33_W33,0.12992526542200714,3.27521311,3.730310358,-0.031019427,5.333333333,0.0229686657461987,1.82,0.3840138886377244,-1.777777777777778,Nb75-Mo25,0.25,0.0,0.0,0.75,MATRIX_TERN_071_Nb33_Ta33_W33,0.0,0.0,0.0,0.0,0.0,0.0,0.333333333,0.333333333,0.333333333,0.0,0.0,0.0,0.0
Nb75-Mo25,MATRIX_TERN_072_Nb33_Ta33_V33,0.1177768765427404,3.27521311,3.685094771,0.08652521,5.0,0.0398370017569885,1.5766666666666669,0.0555777733351102,-0.8888888888888891,Nb75-Mo25,0.25,0.0,0.0,0.75,MATRIX_TERN_072_Nb33_Ta33_V33,0.0,0.0,0.0,0.0,0.0,0.0,0.333333333,0.333333333,0.0,0.333333333,0.0,0.0,0.0
Nb75-Mo25,MATRIX_TERN_073_Nb33_W33_V33,0.10065371378730256,3.27521311,3.622345558,0.018775382,5.333333333,0.0352382411938744,1.8633333333333333,0.351409858838492,-1.3333333333333337,Nb75-Mo25,0.25,0.0,0.0,0.75,MATRIX_TERN_073_Nb33_W33_V33,0.0,0.0,0.0,0.0,0.0,0.0,0.333333333,0.0,0.333333333,0.333333333,0.0,0.0,0.0
Nb75-Mo25,MATRIX_TERN_074_Mo33_Ta33_W33,0.11321260439839266,3.27521311,3.668257294,-0.093088097,5.666666667,0.0233478654165369,2.006666666666667,0.3674537007872178,-1.777777777777778,Nb75-Mo25,0.25,0.0,0.0,0.75,MATRIX_TERN_074_Mo33_Ta33_W33,0.0,0.0,0.0,0.0,0.0,0.333333333,0.0,0.333333333,0.333333333,0.0,0.0,0.0,0.0
Nb75-Mo25,MATRIX_TERN_075_Mo33_Ta33_V33,0.09658581132140212,3.27521311,3.607604365,-0.042224622,5.333333333,0.0352382411938744,1.7633333333333336,0.2854625875467553,-1.3333333333333337,Nb75-Mo25,0.25,0.0,0.0,0.75,MATRIX_TERN_075_Mo33_Ta33_V33,0.0,0.0,0.0,0.0,0.0,0.333333333,0.0,0.333333333,0.0,0.333333333,0.0,0.0,0.0
Nb75-Mo25,MATRIX_TERN_076_Mo33_W33_V33,0.08160065338527105,3.27521311,3.553840738,-0.074437179,5.666666667,0.0171627859511297,2.0500000000000003,0.3080043289739069,-0.8888888888888891,Nb75-Mo25,0.25,0.0,0.0,0.75,MATRIX_TERN_076_Mo33_W33_V33,0.0,0.0,0.0,0.0,0.0,0.333333333,0.0,0.0,0.333333333,0.333333333,0.0,0.0,0.0
Nb75-Mo25,MATRIX_TERN_077_Ta33_W33_V33,0.09903797292004235,3.27521311,3.616482912,-0.005449438,5.333333333,0.0352382411938744,1.83,0.3785058343892028,-0.4444444444444445,Nb75-Mo25,0.25,0.0,0.0,0.75,MATRIX_TERN_077_Ta33_W33_V33,0.0,0.0,0.0,0.0,0.0,0.0,0.0,0.333333333,0.333333333,0.333333333,0.0,0.0,0.0
Nb75-Mo25,B2_TERN_SOL_078_Ru_Hf87_Nb12,-0.24436435091577088,3.27521311,2.562008656,-1.091011246,6.0625,0.079929319846275,1.7680000000000002,0.4374654272053965,-14.1168,Nb75-Mo25,0.25,0.0,0.0,0.75,B2_TERN_SOL_078_Ru_Hf87_Nb12,0.5,0.4375,0.0,0.0,0.0,0.0,0.0625,0.0,0.0,0.0,0.0,0.0,0.0
Nb75-Mo25,B2_TERN_SOL_079_Ru_Hf75_Nb25,-0.016640513634016946,3.27521311,3.221161604,-0.990479496,6.125,0.0772310128363896,1.786,0.4237971212738473,-13.1472,Nb75-Mo25,0.25,0.0,0.0,0.75,B2_TERN_SOL_079_Ru_Hf75_Nb25,0.5,0.375,0.0,0.0,0.0,0.0,0.125,0.0,0.0,0.0,0.0,0.0,0.0
Nb75-Mo25,B2_TERN_SOL_080_Ru_Hf87_Mo12,-0.24729466639784228,3.27521311,2.554397326,-1.011580317,6.125,0.0808002001785193,1.8016,0.4447172584912801,-14.16,Nb75-Mo25,0.25,0.0,0.0,0.75,B2_TERN_SOL_080_Ru_Hf87_Mo12,0.5,0.4375,0.0,0.0,0.0,0.0625,0.0,0.0,0.0,0.0,0.0,0.0,0.0
Nb75-Mo25,B2_TERN_SOL_081_Ru_Hf75_Mo25,-0.02319116616166238,3.27521311,3.200127757,-0.833822359,6.25,0.0785362630419332,1.8532,0.4332686926146408,-13.32,Nb75-Mo25,0.25,0.0,0.0,0.75,B2_TERN_SOL_081_Ru_Hf75_Mo25,0.5,0.375,0.0,0.0,0.0,0.125,0.0,0.0,0.0,0.0,0.0,0.0,0.0
Nb75-Mo25,B2_TERN_SOL_082_Ru_Hf87_Ta12,-0.2450230299553092,3.27521311,2.560296043,-1.113680888,6.0625,0.079929319846275,1.7620000000000002,0.4404043596514458,-13.68,Nb75-Mo25,0.25,0.0,0.0,0.75,B2_TERN_SOL_082_Ru_Hf87_Ta12,0.5,0.4375,0.0,0.0,0.0,0.0,0.0,0.0625,0.0,0.0,0.0,0.0,0.0
Nb75-Mo25,B2_TERN_SOL_083_Ru_Hf75_Ta25,-0.018069003827674374,3.27521311,3.216563145,-1.032519678,6.125,0.0772310128363896,1.774,0.4302603862778911,-12.36,Nb75-Mo25,0.25,0.0,0.0,0.75,B2_TERN_SOL_083_Ru_Hf75_Ta25,0.5,0.375,0.0,0.0,0.0,0.0,0.0,0.125,0.0,0.0,0.0,0.0,0.0
Nb75-Mo25,B2_TERN_SOL_084_Ru_Hf87_W12,-0.24731363992685323,3.27521311,2.554348108,-1.017173511,6.125,0.0808002001785193,1.8136,0.4567614694783263,-13.92,Nb75-Mo25,0.25,0.0,0.0,0.75,B2_TERN_SOL_084_Ru_Hf87_W12,0.5,0.4375,0.0,0.0,0.0,0.0,0.0,0.0,0.0625,0.0,0.0,0.0,0.0
Nb75-Mo25,B2_TERN_SOL_085_Ru_Hf75_W25,-0.02295190681741083,3.27521311,3.200893611,-0.836868509,6.25,0.0785362630419332,1.8772,0.4546120983871855,-12.84,Nb75-Mo25,0.25,0.0,0.0,0.75,B2_TERN_SOL_085_Ru_Hf75_W25,0.5,0.375,0.0,0.0,0.0,0.0,0.0,0.0,0.125,0.0,0.0,0.0,0.0
Nb75-Mo25,B2_TERN_SOL_086_Ru_Hf87_V12,-0.250547990300298,3.27521311,2.545970218,-1.063735031,6.0625,0.0824106716944606,1.7698,0.4368317296167943,-13.44,Nb75-Mo25,0.25,0.0,0.0,0.75,B2_TERN_SOL_086_Ru_Hf87_V12,0.5,0.4375,0.0,0.0,0.0,0.0,0.0,0.0,0.0,0.0625,0.0,0.0,0.0
Nb75-Mo25,B2_TERN_SOL_087_Ru_Hf75_V25,-0.029243975430699138,3.27521311,3.180813173,-0.946727169,6.125,0.0813951555025931,1.7896,0.4223266981851847,-11.88,Nb75-Mo25,0.25,0.0,0.0,0.75,B2_TERN_SOL_087_Ru_Hf75_V25,0.5,0.375,0.0,0.0,0.0,0.0,0.0,0.0,0.0,0.125,0.0,0.0,0.0
Nb75-Mo25,B2_TERN_SOL_088_Ru_Ti87_Nb12,-0.2874244952430431,3.27521311,2.452124543,-0.983188993,6.0625,0.04588506177003,1.8736,0.3266910467092724,-9.6112,Nb75-Mo25,0.25,0.0,0.0,0.75,B2_TERN_SOL_088_Ru_Ti87_Nb12,0.5,0.0,0.4375,0.0,0.0,0.0,0.0625,0.0,0.0,0.0,0.0,0.0,0.0
Nb75-Mo25,B2_TERN_SOL_089_Ru_Ti75_Nb25,-0.054031202763634135,3.27521311,3.102904429,-0.903188944,6.125,0.0454989552387946,1.8772,0.3233081502220444,-9.1648,Nb75-Mo25,0.25,0.0,0.0,0.75,B2_TERN_SOL_089_Ru_Ti75_Nb25,0.5,0.0,0.375,0.0,0.0,0.0,0.125,0.0,0.0,0.0,0.0,0.0,0.0
Nb75-Mo25,B2_TERN_SOL_090_Ru_Ti87_Mo12,-0.29106668368789307,3.27521311,2.443019595,-0.92145562,6.125,0.0449536510398423,1.9072,0.3256196554263886,-9.760000000000002,Nb75-Mo25,0.25,0.0,0.0,0.75,B2_TERN_SOL_090_Ru_Ti87_Mo12,0.5,0.0,0.4375,0.0,0.0,0.0625,0.0,0.0,0.0,0.0,0.0,0.0,0.0
Nb75-Mo25,B2_TERN_SOL_091_Ru_Ti75_Mo25,-0.06017428086282053,3.27521311,3.083886002,-0.762838311,6.25,0.0433128345312989,1.9444,0.3168416639269527,-9.52,Nb75-Mo25,0.25,0.0,0.0,0.75,B2_TERN_SOL_091_Ru_Ti75_Mo25,0.5,0.0,0.375,0.0,0.0,0.125,0.0,0.0,0.0,0.0,0.0,0.0,0.0
Nb75-Mo25,B2_TERN_SOL_092_Ru_Ti87_Ta12,-0.28806542860096984,3.27521311,2.4505202,-1.012091649,6.0625,0.04588506177003,1.8676,0.3325270515311499,-9.28,Nb75-Mo25,0.25,0.0,0.0,0.75,B2_TERN_SOL_092_Ru_Ti87_Ta12,0.5,0.0,0.4375,0.0,0.0,0.0,0.0,0.0625,0.0,0.0,0.0,0.0,0.0
Nb75-Mo25,B2_TERN_SOL_093_Ru_Ti75_Ta25,-0.05535438833561796,3.27521311,3.098798357,-0.958150623,6.125,0.0454989552387946,1.8652,0.3350178502706983,-8.559999999999999,Nb75-Mo25,0.25,0.0,0.0,0.75,B2_TERN_SOL_093_Ru_Ti75_Ta25,0.5,0.0,0.375,0.0,0.0,0.0,0.0,0.125,0.0,0.0,0.0,0.0,0.0
Nb75-Mo25,B2_TERN_SOL_094_Ru_Ti87_W12,-0.2907671294008646,3.27521311,2.443767345,-0.933472753,6.125,0.0449536510398423,1.9192,0.338158779273879,-9.52,Nb75-Mo25,0.25,0.0,0.0,0.75,B2_TERN_SOL_094_Ru_Ti87_W12,0.5,0.0,0.4375,0.0,0.0,0.0,0.0,0.0,0.0625,0.0,0.0,0.0,0.0
Nb75-Mo25,B2_TERN_SOL_095_Ru_Ti75_W25,-0.06072518004535419,3.27521311,3.082186007,-0.789613358,6.25,0.0433128345312989,1.9684,0.3390596407713546,-9.04,Nb75-Mo25,0.25,0.0,0.0,0.75,B2_TERN_SOL_095_Ru_Ti75_W25,0.5,0.0,0.375,0.0,0.0,0.0,0.0,0.0,0.125,0.0,0.0,0.0,0.0
Nb75-Mo25,B2_TERN_SOL_096_Ru_Ti87_V12,-0.29524807537856046,3.27521311,2.432602346,-0.982724607,6.0625,0.0461854444311139,1.8754,0.3252581128888256,-9.04,Nb75-Mo25,0.25,0.0,0.0,0.75,B2_TERN_SOL_096_Ru_Ti87_V12,0.5,0.0,0.4375,0.0,0.0,0.0,0.0,0.0,0.0,0.0625,0.0,0.0,0.0
Nb75-Mo25,B2_TERN_SOL_097_Ru_Ti75_V25,-0.0695764299606051,3.27521311,3.05499642,-0.905306641,6.125,0.0454154582679287,1.8808,0.3203550530271062,-8.08,Nb75-Mo25,0.25,0.0,0.0,0.75,B2_TERN_SOL_097_Ru_Ti75_V25,0.5,0.0,0.375,0.0,0.0,0.0,0.0,0.0,0.0,0.125,0.0,0.0,0.0
Nb75-Mo25,B2_TERN_SOL_098_Ru_Zr87_Nb12,-0.23467196446736513,3.27521311,2.587326291,-0.890146496,6.0625,0.0860586382926536,1.7812,0.423370476060861,-16.756800000000002,Nb75-Mo25,0.25,0.0,0.0,0.75,B2_TERN_SOL_098_Ru_Zr87_Nb12,0.5,0.0,0.0,0.4375,0.0,0.0,0.0625,0.0,0.0,0.0,0.0,0.0,0.0
Nb75-Mo25,B2_TERN_SOL_099_Ru_Zr75_Nb25,-0.00813442938353918,3.27521311,3.24867904,-0.818094975,6.125,0.0831528643327092,1.7974,0.4107739524361301,-15.4272,Nb75-Mo25,0.25,0.0,0.0,0.75,B2_TERN_SOL_099_Ru_Zr75_Nb25,0.5,0.0,0.0,0.375,0.0,0.0,0.125,0.0,0.0,0.0,0.0,0.0,0.0
Nb75-Mo25,B2_TERN_SOL_100_Ru_Zr87_Mo12,-0.2378013267993739,3.27521311,2.579128061,-0.806967569,6.125,0.0870934949098326,1.8148,0.4298289892503762,-16.8,Nb75-Mo25,0.25,0.0,0.0,0.75,B2_TERN_SOL_100_Ru_Zr87_Mo12,0.5,0.0,0.0,0.4375,0.0,0.0625,0.0,0.0,0.0,0.0,0.0,0.0,0.0
Nb75-Mo25,B2_TERN_SOL_101_Ru_Zr75_Mo25,-0.014595719239985152,3.27521311,3.227755359,-0.655458039,6.25,0.084783177312234,1.8646000000000005,0.4187133148109814,-15.6,Nb75-Mo25,0.25,0.0,0.0,0.75,B2_TERN_SOL_101_Ru_Zr75_Mo25,0.5,0.0,0.0,0.375,0.0,0.125,0.0,0.0,0.0,0.0,0.0,0.0,0.0
Nb75-Mo25,B2_TERN_SOL_102_Ru_Zr87_Ta12,-0.23532979634815843,3.27521311,2.585601013,-0.911972703,6.0625,0.0860586382926536,1.7752,0.4265922643461787,-16.32,Nb75-Mo25,0.25,0.0,0.0,0.75,B2_TERN_SOL_102_Ru_Zr87_Ta12,0.5,0.0,0.0,0.4375,0.0,0.0,0.0,0.0625,0.0,0.0,0.0,0.0,0.0
Nb75-Mo25,B2_TERN_SOL_103_Ru_Zr75_Ta25,-0.009422561997333226,3.27521311,3.244496924,-0.863325979,6.125,0.0831528643327091,1.7854,0.4177664898002233,-14.64,Nb75-Mo25,0.25,0.0,0.0,0.75,B2_TERN_SOL_103_Ru_Zr75_Ta25,0.5,0.0,0.0,0.375,0.0,0.0,0.0,0.125,0.0,0.0,0.0,0.0,0.0
Nb75-Mo25,B2_TERN_SOL_104_Ru_Zr87_W12,-0.23766105113354258,3.27521311,2.579495061,-0.814514579,6.125,0.0870934949098326,1.8268,0.4419205358432667,-16.56,Nb75-Mo25,0.25,0.0,0.0,0.75,B2_TERN_SOL_104_Ru_Zr87_W12,0.5,0.0,0.0,0.4375,0.0,0.0,0.0,0.0,0.0625,0.0,0.0,0.0,0.0
Nb75-Mo25,B2_TERN_SOL_105_Ru_Zr75_W25,-0.014078002052065044,3.27521311,3.229426942,-0.661370427,6.25,0.084783177312234,1.8886,0.4401409319752027,-15.12,Nb75-Mo25,0.25,0.0,0.0,0.75,B2_TERN_SOL_105_Ru_Zr75_W25,0.5,0.0,0.0,0.375,0.0,0.0,0.0,0.0,0.125,0.0,0.0,0.0,0.0
Nb75-Mo25,B2_TERN_SOL_106_Ru_Zr87_V12,-0.24048527403363978,3.27521311,2.572114963,-0.856520623,6.0625,0.0887380403728719,1.783,0.4226594373724548,-16.08,Nb75-Mo25,0.25,0.0,0.0,0.75,B2_TERN_SOL_106_Ru_Zr87_V12,0.5,0.0,0.0,0.4375,0.0,0.0,0.0,0.0,0.0,0.0625,0.0,0.0,0.0
Nb75-Mo25,B2_TERN_SOL_107_Ru_Zr75_V25,-0.020616406969939327,3.27521311,3.208378924,-0.759667971,6.125,0.0877123126458997,1.8010000000000002,0.4091564492953766,-14.16,Nb75-Mo25,0.25,0.0,0.0,0.75,B2_TERN_SOL_107_Ru_Zr75_V25,0.5,0.0,0.0,0.375,0.0,0.0,0.0,0.0,0.0,0.125,0.0,0.0,0.0
Nb75-Mo25,B2_PENALTY_108_Ru100Al0_Hf,0.44228422817045493,3.27521311,5.135083991,-1.187745448,6.0,0.0821917808219178,1.75,0.45,-15.0,Nb75-Mo25,0.25,0.0,0.0,0.75,B2_PENALTY_108_Ru100Al0_Hf,0.5,0.5,0.0,0.0,0.0,0.0,0.0,0.0,0.0,0.0,0.0,0.0,0.0
Nb75-Mo25,B2_PENALTY_109_Ru87Al12_Hf,-0.23785207766921868,3.27521311,2.578995294,-1.06443911,5.6875,0.0794670531912796,1.7146,0.4362027510229618,-15.312,Nb75-Mo25,0.25,0.0,0.0,0.75,B2_PENALTY_109_Ru87Al12_Hf,0.4375,0.5,0.0,0.0,0.0625,0.0,0.0,0.0,0.0,0.0,0.0,0.0,0.0
Nb75-Mo25,B2_PENALTY_110_Ru75Al25_Hf,-0.0031933340911364893,3.27521311,3.264770933,-0.95574225,5.375,0.0765104674756606,1.6792000000000002,0.4189741758151689,-15.048,Nb75-Mo25,0.25,0.0,0.0,0.75,B2_PENALTY_110_Ru75Al25_Hf,0.375,0.5,0.0,0.0,0.125,0.0,0.0,0.0,0.0,0.0,0.0,0.0,0.0
Nb75-Mo25,B2_PENALTY_111_Ru62Al37_Hf,-0.22832022492173729,3.27521311,2.60403723,-0.842813539,5.0625,0.072734714189907,1.6379,0.3939322149812072,-14.012,Nb75-Mo25,0.25,0.0,0.0,0.75,B2_PENALTY_111_Ru62Al37_Hf,0.3125,0.5,0.0,0.0,0.1875,0.0,0.0,0.0,0.0,0.0,0.0,0.0,0.0
Nb75-Mo25,B2_PENALTY_112_Ru50Al50_Hf,0.23626781937684832,3.27521311,4.152701731,-0.729649314,4.75,0.0691810843061248,1.6025,0.3674489760497368,-12.5,Nb75-Mo25,0.25,0.0,0.0,0.75,B2_PENALTY_112_Ru50Al50_Hf,0.25,0.5,0.0,0.0,0.25,0.0,0.0,0.0,0.0,0.0,0.0,0.0,0.0
Nb75-Mo25,B2_PENALTY_113_Ru87Cr12_Hf,-0.24417445452722605,3.27521311,2.562502587,-1.035615577,5.875,0.0853931303142513,1.7176,0.4356446258132884,-12.672,Nb75-Mo25,0.25,0.0,0.0,0.75,B2_PENALTY_113_Ru87Cr12_Hf,0.4375,0.5,0.0,0.0,0.0,0.0,0.0,0.0,0.0,0.0,0.0625,0.0,0.0
Nb75-Mo25,B2_PENALTY_114_Ru75Cr25_Hf,-0.01531801761620938,3.27521311,3.225424668,-0.878162691,5.75,0.0884389348964152,1.6852000000000005,0.4182976930369089,-10.488,Nb75-Mo25,0.25,0.0,0.0,0.75,B2_PENALTY_114_Ru75Cr25_Hf,0.375,0.5,0.0,0.0,0.0,0.0,0.0,0.0,0.0,0.0,0.125,0.0,0.0
Nb75-Mo25,B2_PENALTY_115_Ru62Cr37_Hf,-0.24639831823464997,3.27521311,2.556723432,-0.716377173,5.625,0.0918154837201231,1.6474000000000002,0.3937476857074846,-8.122,Nb75-Mo25,0.25,0.0,0.0,0.75,B2_PENALTY_115_Ru62Cr37_Hf,0.3125,0.5,0.0,0.0,0.0,0.0,0.0,0.0,0.0,0.0,0.1875,0.0,0.0
Nb75-Mo25,B2_PENALTY_116_Ru50Cr50_Hf,0.21241029471830558,3.27521311,4.053567315,-0.552796357,5.5,0.09457197487001,1.615,0.3683408747342603,-6.25,Nb75-Mo25,0.25,0.0,0.0,0.75,B2_PENALTY_116_Ru50Cr50_Hf,0.25,0.5,0.0,0.0,0.0,0.0,0.0,0.0,0.0,0.0,0.25,0.0,0.0
Nb75-Mo25,B2_PENALTY_117_Ru87Cu12_Hf,-0.24151142155863764,3.27521311,2.569438099,-1.045192975,6.1875,0.0853931303142513,1.7320000000000002,0.4374654272053965,-14.4672,Nb75-Mo25,0.25,0.0,0.0,0.75,B2_PENALTY_117_Ru87Cu12_Hf,0.4375,0.5,0.0,0.0,0.0,0.0,0.0,0.0,0.0,0.0,0.0,0.0625,0.0
Nb75-Mo25,B2_PENALTY_118_Ru75Cu25_Hf,-0.011963890948447945,3.27521311,3.236261822,-0.923389889,6.375,0.0884389348964152,1.7140000000000002,0.4237971212738473,-13.5888,Nb75-Mo25,0.25,0.0,0.0,0.75,B2_PENALTY_118_Ru75Cu25_Hf,0.375,0.5,0.0,0.0,0.0,0.0,0.0,0.0,0.0,0.0,0.0,0.125,0.0
Nb75-Mo25,B2_PENALTY_119_Ru62Cu37_Hf,-0.24195760119844664,3.27521311,2.568274935,-0.799684359,6.5625,0.0918154837201231,1.693,0.4062646920420233,-12.1272,Nb75-Mo25,0.25,0.0,0.0,0.75,B2_PENALTY_119_Ru62Cu37_Hf,0.3125,0.5,0.0,0.0,0.0,0.0,0.0,0.0,0.0,0.0,0.0,0.1875,0.0
Nb75-Mo25,B2_PENALTY_120_Ru50Cu50_Hf,0.218030167666845,3.27521311,4.076680397,-0.677358279,6.75,0.09457197487001,1.675,0.3897114317029974,-10.5,Nb75-Mo25,0.25,0.0,0.0,0.75,B2_PENALTY_120_Ru50Cu50_Hf,0.25,0.5,0.0,0.0,0.0,0.0,0.0,0.0,0.0,0.0,0.0,0.25,0.0
Nb75-Mo25,B2_PENALTY_121_Ru87Si12_Hf,-0.23970267650209506,3.27521311,2.574158138,-1.089550642,5.75,0.0937602843775687,1.7320000000000002,0.4374654272053965,-12.3552,Nb75-Mo25,0.25,0.0,0.0,0.75,B2_PENALTY_121_Ru87Si12_Hf,0.4375,0.5,0.0,0.0,0.0,0.0,0.0,0.0,0.0,0.0,0.0,0.0,0.0625
Nb75-Mo25,B2_PENALTY_122_Ru75Si25_Hf,-0.00821649889000476,3.27521311,3.248412429,-1.009713639,5.5,0.1038426921242283,1.7140000000000002,0.4237971212738473,-9.9408,Nb75-Mo25,0.25,0.0,0.0,0.75,B2_PENALTY_122_Ru75Si25_Hf,0.375,0.5,0.0,0.0,0.0,0.0,0.0,0.0,0.0,0.0,0.0,0.0,0.125
Nb75-Mo25,B2_PENALTY_123_Ru62Si37_Hf,-0.2362737425127159,3.27521311,2.583127124,-0.920694427,5.25,0.1142356063938751,1.693,0.4062646920420233,-7.4152,Nb75-Mo25,0.25,0.0,0.0,0.75,B2_PENALTY_123_Ru62Si37_Hf,0.3125,0.5,0.0,0.0,0.0,0.0,0.0,0.0,0.0,0.0,0.0,0.0,0.1875
Nb75-Mo25,B2_PENALTY_124_Ru50Si50_Hf,0.225566852422735,3.27521311,4.107906653,-0.838327211,5.0,0.1222287117389678,1.6750000000000005,0.3897114317029974,-5.5,Nb75-Mo25,0.25,0.0,0.0,0.75,B2_PENALTY_124_Ru50Si50_Hf,0.25,0.5,0.0,0.0,0.0,0.0,0.0,0.0,0.0,0.0,0.0,0.0,0.25
Nb75-Mo25,B2_PENALTY_125_Ru100Al0_Ti,0.393896936947187,3.27521311,4.881705796,-1.057956866,6.0,0.0462633451957295,1.87,0.33,-10.0,Nb75-Mo25,0.25,0.0,0.0,0.75,B2_PENALTY_125_Ru100Al0_Ti,0.5,0.0,0.5,0.0,0.0,0.0,0.0,0.0,0.0,0.0,0.0,0.0,0.0
Nb75-Mo25,B2_PENALTY_126_Ru87Al12_Ti,-0.2881116892930132,3.27521311,2.450404438,-0.970267174,5.6875,0.0447291357659921,1.8346,0.3242974560492266,-10.912,Nb75-Mo25,0.25,0.0,0.0,0.75,B2_PENALTY_126_Ru87Al12_Ti,0.4375,0.0,0.5,0.0,0.0625,0.0,0.0,0.0,0.0,0.0,0.0,0.0,0.0
Nb75-Mo25,B2_PENALTY_127_Ru75Al25_Ti,-0.055065198881711984,3.27521311,3.09969531,-0.88819063,5.375,0.0428259601061415,1.7992,0.3145335594177512,-11.248,Nb75-Mo25,0.25,0.0,0.0,0.75,B2_PENALTY_127_Ru75Al25_Ti,0.375,0.0,0.5,0.0,0.125,0.0,0.0,0.0,0.0,0.0,0.0,0.0,0.0
Nb75-Mo25,B2_PENALTY_128_Ru62Al37_Ti,-0.2797619085136135,3.27521311,2.471374896,-0.804440265,5.0625,0.0400790404298587,1.7579,0.2974669561480737,-10.912,Nb75-Mo25,0.25,0.0,0.0,0.75,B2_PENALTY_128_Ru62Al37_Ti,0.3125,0.0,0.5,0.0,0.1875,0.0,0.0,0.0,0.0,0.0,0.0,0.0,0.0
Nb75-Mo25,B2_PENALTY_129_Ru50Al50_Ti,0.18416123683630262,3.27521311,3.939553259,-0.713701673,4.75,0.0371922251866817,1.7225,0.2771619562638422,-10.0,Nb75-Mo25,0.25,0.0,0.0,0.75,B2_PENALTY_129_Ru50Al50_Ti,0.25,0.0,0.5,0.0,0.25,0.0,0.0,0.0,0.0,0.0,0.0,0.0,0.0
Nb75-Mo25,B2_PENALTY_130_Ru87Cr12_Ti,-0.2945262522898215,3.27521311,2.434397938,-0.94270459,5.875,0.0499298619726951,1.8376,0.3224317602222213,-8.272,Nb75-Mo25,0.25,0.0,0.0,0.75,B2_PENALTY_130_Ru87Cr12_Ti,0.4375,0.0,0.5,0.0,0.0,0.0,0.0,0.0,0.0,0.0,0.0625,0.0,0.0
Nb75-Mo25,B2_PENALTY_131_Ru75Cr25_Ti,-0.06746905763119464,3.27521311,3.061448806,-0.80961964,5.75,0.0532543770850372,1.8052,0.3113277372801852,-6.688,Nb75-Mo25,0.25,0.0,0.0,0.75,B2_PENALTY_131_Ru75Cr25_Ti,0.375,0.0,0.5,0.0,0.0,0.0,0.0,0.0,0.0,0.0,0.125,0.0,0.0
Nb75-Mo25,B2_PENALTY_132_Ru62Cr37_Ti,-0.2985228119652696,3.27521311,2.424470344,-0.675679922,5.625,0.0567786551293567,1.7674,0.2933619607242902,-5.022,Nb75-Mo25,0.25,0.0,0.0,0.75,B2_PENALTY_132_Ru62Cr37_Ti,0.3125,0.0,0.5,0.0,0.0,0.0,0.0,0.0,0.0,0.0,0.1875,0.0,0.0
Nb75-Mo25,B2_PENALTY_133_Ru50Cr50_Ti,0.15867228855521312,3.27521311,3.839681408,-0.538077974,5.5,0.0595429689109598,1.735,0.2729010809799038,-3.75,Nb75-Mo25,0.25,0.0,0.0,0.75,B2_PENALTY_133_Ru50Cr50_Ti,0.25,0.0,0.5,0.0,0.0,0.0,0.0,0.0,0.0,0.0,0.25,0.0,0.0
Nb75-Mo25,B2_PENALTY_134_Ru87Cu12_Ti,-0.29175682790923774,3.27521311,2.441297595,-0.919729937,6.1875,0.0499298619726951,1.852,0.3195246469366644,-10.0672,Nb75-Mo25,0.25,0.0,0.0,0.75,B2_PENALTY_134_Ru87Cu12_Ti,0.4375,0.0,0.5,0.0,0.0,0.0,0.0,0.0,0.0,0.0,0.0,0.0625,0.0
Nb75-Mo25,B2_PENALTY_135_Ru75Cu25_Ti,-0.06316271818195635,3.27521311,3.074675013,-0.801717189,6.375,0.0532543770850372,1.834,0.3076426498390625,-9.7888,Nb75-Mo25,0.25,0.0,0.0,0.75,B2_PENALTY_135_Ru75Cu25_Ti,0.375,0.0,0.5,0.0,0.0,0.0,0.0,0.0,0.0,0.0,0.0,0.125,0.0
Nb75-Mo25,B2_PENALTY_136_Ru62Cu37_Ti,-0.29220661883433635,3.27521311,2.440175866,-0.680640909,6.5625,0.0567786551293567,1.813,0.2917721713940519,-9.0272,Nb75-Mo25,0.25,0.0,0.0,0.75,B2_PENALTY_136_Ru62Cu37_Ti,0.3125,0.0,0.5,0.0,0.0,0.0,0.0,0.0,0.0,0.0,0.0,0.1875,0.0
Nb75-Mo25,B2_PENALTY_137_Ru50Cu50_Ti,0.16718903169701782,3.27521311,3.872743044,-0.557797759,6.75,0.0595429689109598,1.7950000000000002,0.2761792895928295,-8.0,Nb75-Mo25,0.25,0.0,0.0,0.75,B2_PENALTY_137_Ru50Cu50_Ti,0.25,0.0,0.5,0.0,0.0,0.0,0.0,0.0,0.0,0.0,0.0,0.25,0.0
Nb75-Mo25,B2_PENALTY_138_Ru87Si12_Ti,-0.29073454790647724,3.27521311,2.443848687,-0.989505902,5.75,0.0607546208741894,1.852,0.3195246469366644,-7.9552,Nb75-Mo25,0.25,0.0,0.0,0.75,B2_PENALTY_138_Ru87Si12_Ti,0.4375,0.0,0.5,0.0,0.0,0.0,0.0,0.0,0.0,0.0,0.0,0.0,0.0625
Nb75-Mo25,B2_PENALTY_139_Ru75Si25_Ti,-0.060769202274870156,3.27521311,3.0820502,-0.93611645,5.5,0.0719655963958058,1.834,0.3076426498390625,-6.1408,Nb75-Mo25,0.25,0.0,0.0,0.75,B2_PENALTY_139_Ru75Si25_Ti,0.375,0.0,0.5,0.0,0.0,0.0,0.0,0.0,0.0,0.0,0.0,0.0,0.125
Nb75-Mo25,B2_PENALTY_140_Ru62Si37_Ti,-0.2888848863575466,3.27521311,2.448470295,-0.869757039,5.25,0.0826499299050591,1.813,0.2917721713940519,-4.3152,Nb75-Mo25,0.25,0.0,0.0,0.75,B2_PENALTY_140_Ru62Si37_Ti,0.3125,0.0,0.5,0.0,0.0,0.0,0.0,0.0,0.0,0.0,0.0,0.0,0.1875
Nb75-Mo25,B2_PENALTY_141_Ru50Si50_Ti,0.1717065630091665,3.27521311,3.890404933,-0.808674347,5.0,0.090393746324797,1.795,0.2761792895928295,-3.0,Nb75-Mo25,0.25,0.0,0.0,0.75,B2_PENALTY_141_Ru50Si50_Ti,0.25,0.0,0.5,0.0,0.0,0.0,0.0,0.0,0.0,0.0,0.0,0.0,0.25
Nb75-Mo25,B2_PENALTY_142_Ru100Al0_Zr,0.4531908075837793,3.27521311,5.194385147,-0.960777489,6.0,0.0884353741496598,1.765,0.435,-18.0,Nb75-Mo25,0.25,0.0,0.0,0.75,B2_PENALTY_142_Ru100Al0_Zr,0.5,0.0,0.0,0.5,0.0,0.0,0.0,0.0,0.0,0.0,0.0,0.0,0.0
Nb75-Mo25,B2_PENALTY_143_Ru87Al12_Zr,-0.22654158441831787,3.27521311,2.608733784,-0.873588029,5.6875,0.0856069896776228,1.7296,0.421971373436635,-17.951999999999998,Nb75-Mo25,0.25,0.0,0.0,0.75,B2_PENALTY_143_Ru87Al12_Zr,0.4375,0.0,0.0,0.5,0.0625,0.0,0.0,0.0,0.0,0.0,0.0,0.0,0.0
Nb75-Mo25,B2_PENALTY_144_Ru75Al25_Zr,0.008262839533531312,3.27521311,3.302387941,-0.797935587,5.375,0.0825630715605787,1.6942000000000002,0.4054483444287324,-17.328,Nb75-Mo25,0.25,0.0,0.0,0.75,B2_PENALTY_144_Ru75Al25_Zr,0.375,0.0,0.0,0.5,0.125,0.0,0.0,0.0,0.0,0.0,0.0,0.0,0.0
Nb75-Mo25,B2_PENALTY_145_Ru62Al37_Zr,-0.21708476515140981,3.27521311,2.633831346,-0.726652657,5.0625,0.0787099182537501,1.6529,0.381143791763686,-15.872,Nb75-Mo25,0.25,0.0,0.0,0.75,B2_PENALTY_145_Ru62Al37_Zr,0.3125,0.0,0.0,0.5,0.1875,0.0,0.0,0.0,0.0,0.0,0.0,0.0,0.0
Nb75-Mo25,B2_PENALTY_146_Ru50Al50_Zr,0.2472619066239165,3.27521311,4.199293486,-0.654418284,4.75,0.0751158704347694,1.6175000000000002,0.3552024070864386,-14.0,Nb75-Mo25,0.25,0.0,0.0,0.75,B2_PENALTY_146_Ru50Al50_Zr,0.25,0.0,0.0,0.5,0.25,0.0,0.0,0.0,0.0,0.0,0.0,0.0,0.0
Nb75-Mo25,B2_PENALTY_147_Ru87Cr12_Zr,-0.23282373090891934,3.27521311,2.592179044,-0.824075051,5.875,0.0915913075118357,1.7326,0.4212875977286776,-15.312,Nb75-Mo25,0.25,0.0,0.0,0.75,B2_PENALTY_147_Ru87Cr12_Zr,0.4375,0.0,0.0,0.5,0.0,0.0,0.0,0.0,0.0,0.0,0.0625,0.0,0.0
Nb75-Mo25,B2_PENALTY_148_Ru75Cr25_Zr,-0.004040692672709384,3.27521311,3.262005664,-0.675888976,5.75,0.0946071432924222,1.7002000000000002,0.4045268347093924,-12.768,Nb75-Mo25,0.25,0.0,0.0,0.75,B2_PENALTY_148_Ru75Cr25_Zr,0.375,0.0,0.0,0.5,0.0,0.0,0.0,0.0,0.0,0.0,0.125,0.0,0.0
Nb75-Mo25,B2_PENALTY_149_Ru62Cr37_Zr,-0.23536802193409107,3.27521311,2.585500791,-0.525764636,5.625,0.097964971374696,1.6624,0.3805788223219995,-9.982,Nb75-Mo25,0.25,0.0,0.0,0.75,B2_PENALTY_149_Ru62Cr37_Zr,0.3125,0.0,0.0,0.5,0.0,0.0,0.0,0.0,0.0,0.0,0.1875,0.0,0.0
Nb75-Mo25,B2_PENALTY_150_Ru50Cr50_Zr,0.22326055231934172,3.27521311,4.09832298,-0.377855166,5.5,0.100717188245724,1.63,0.355598087733891,-7.75,Nb75-Mo25,0.25,0.0,0.0,0.75,B2_PENALTY_150_Ru50Cr50_Zr,0.25,0.0,0.0,0.5,0.0,0.0,0.0,0.0,0.0,0.0,0.25,0.0,0.0
Nb75-Mo25,B2_PENALTY_151_Ru87Cu12_Zr,-0.23037525274653256,3.27521311,2.598620194,-0.842497728,6.1875,0.0915913075118357,1.747,0.4226594373724548,-17.1072,Nb75-Mo25,0.25,0.0,0.0,0.75,B2_PENALTY_151_Ru87Cu12_Zr,0.4375,0.0,0.0,0.5,0.0,0.0,0.0,0.0,0.0,0.0,0.0,0.0625,0.0
Nb75-Mo25,B2_PENALTY_152_Ru75Cu25_Zr,-0.0006546232151778796,3.27521311,3.273069781,-0.744916574,6.375,0.0946071432924222,1.729,0.4091564492953766,-15.8688,Nb75-Mo25,0.25,0.0,0.0,0.75,B2_PENALTY_152_Ru75Cu25_Zr,0.375,0.0,0.0,0.5,0.0,0.0,0.0,0.0,0.0,0.0,0.0,0.125,0.0
Nb75-Mo25,B2_PENALTY_153_Ru62Cu37_Zr,-0.23074392801192986,3.27521311,2.597649425,-0.643740809,6.5625,0.097964971374696,1.708,0.3917728933961614,-13.9872,Nb75-Mo25,0.25,0.0,0.0,0.75,B2_PENALTY_153_Ru62Cu37_Zr,0.3125,0.0,0.0,0.5,0.0,0.0,0.0,0.0,0.0,0.0,0.0,0.1875,0.0
Nb75-Mo25,B2_PENALTY_154_Ru50Cu50_Zr,0.22950281149890045,3.27521311,4.124319928,-0.545283305,6.75,0.100717188245724,1.6900000000000002,0.3752998800959041,-12.0,Nb75-Mo25,0.25,0.0,0.0,0.75,B2_PENALTY_154_Ru50Cu50_Zr,0.25,0.0,0.0,0.5,0.0,0.0,0.0,0.0,0.0,0.0,0.0,0.25,0.0
Nb75-Mo25,B2_PENALTY_155_Ru87Si12_Zr,-0.22852844681173642,3.27521311,2.603487904,-0.898605077,5.75,0.0996987498196708,1.747,0.4226594373724548,-14.9952,Nb75-Mo25,0.25,0.0,0.0,0.75,B2_PENALTY_155_Ru87Si12_Zr,0.4375,0.0,0.0,0.5,0.0,0.0,0.0,0.0,0.0,0.0,0.0,0.0,0.0625
Nb75-Mo25,B2_PENALTY_156_Ru75Si25_Zr,0.0031122601221720415,3.27521311,3.285422312,-0.857108746,5.5,0.1096308366502065,1.729,0.4091564492953766,-12.2208,Nb75-Mo25,0.25,0.0,0.0,0.75,B2_PENALTY_156_Ru75Si25_Zr,0.375,0.0,0.0,0.5,0.0,0.0,0.0,0.0,0.0,0.0,0.0,0.0,0.125
Nb75-Mo25,B2_PENALTY_157_Ru62Si37_Zr,-0.22531830486204632,3.27521311,2.611968248,-0.806319256,5.25,0.1199620550667942,1.708,0.3917728933961614,-9.2752,Nb75-Mo25,0.25,0.0,0.0,0.75,B2_PENALTY_157_Ru62Si37_Zr,0.3125,0.0,0.0,0.5,0.0,0.0,0.0,0.0,0.0,0.0,0.0,0.0,0.1875
Nb75-Mo25,B2_PENALTY_158_Ru50Si50_Zr,0.23572987280674526,3.27521311,4.150436873,-0.770078956,5.0,0.127965781170799,1.69,0.3752998800959041,-7.0,Nb75-Mo25,0.25,0.0,0.0,0.75,B2_PENALTY_158_Ru50Si50_Zr,0.25,0.0,0.0,0.5,0.0,0.0,0.0,0.0,0.0,0.0,0.0,0.0,0.25
Nb75-Mo25,B2_MULTI_159_A_Ru87_Al12_B_HfTi,-0.26126534894811954,3.27521311,2.518380484,-0.993246203,5.6875,0.0678797217863284,1.7746000000000002,0.3889997943444186,-13.112,Nb75-Mo25,0.25,0.0,0.0,0.75,B2_MULTI_159_A_Ru87_Al12_B_HfTi,0.4375,0.25,0.25,0.0,0.0625,0.0,0.0,0.0,0.0,0.0,0.0,0.0,0.0
Nb75-Mo25,B2_MULTI_160_A_Ru75_Al25_B_HfTi,-0.027474632906451735,3.27521311,3.186447237,-0.900034303,5.375,0.0654597746128897,1.7392,0.3752803751863399,-13.148,Nb75-Mo25,0.25,0.0,0.0,0.75,B2_MULTI_160_A_Ru75_Al25_B_HfTi,0.375,0.25,0.25,0.0,0.125,0.0,0.0,0.0,0.0,0.0,0.0,0.0,0.0
Nb75-Mo25,B2_MULTI_161_A_Ru87_Al12_B_HfZr,-0.23213715664888818,3.27521311,2.593983772,-0.966894404,5.6875,0.0826853853075511,1.7221000000000002,0.4292115911761937,-16.631999999999998,Nb75-Mo25,0.25,0.0,0.0,0.75,B2_MULTI_161_A_Ru87_Al12_B_HfZr,0.4375,0.25,0.0,0.25,0.0625,0.0,0.0,0.0,0.0,0.0,0.0,0.0,0.0
Nb75-Mo25,B2_MULTI_162_A_Ru75_Al25_B_HfZr,0.0026239724253048,3.27521311,3.283818469,-0.87583034,5.375,0.0796873228030491,1.6867,0.4123349487976978,-16.188,Nb75-Mo25,0.25,0.0,0.0,0.75,B2_MULTI_162_A_Ru75_Al25_B_HfZr,0.375,0.25,0.0,0.25,0.125,0.0,0.0,0.0,0.0,0.0,0.0,0.0,0.0
Nb75-Mo25,B2_MULTI_163_A_Ru87_Al12_B_HfAl,-0.270312240914496,3.27521311,2.495293785,-4.954411074,2.8125,0.0553065594713224,1.8678,0.3451393341825878,-18.8,Nb75-Mo25,0.25,0.0,0.0,0.75,B2_MULTI_163_A_Ru87_Al12_B_HfAl,0.25,0.0625,0.0,0.0,0.1875,0.0,0.0,0.0,0.0,0.0,0.0,0.0,0.0
Nb75-Mo25,B2_MULTI_163_A_Ru87_Al13_B_HfAl,-0.2704447461227826,3.27521311,2.494957013,-1.044063929,5.4375,0.0671169315930914,1.7921,0.3795109879832204,-17.512,Nb75-Mo25,0.25,0.0,0.0,0.75,B2_MULTI_163_A_Ru87_Al13_B_HfAl,0.4375,0.25,0.0,0.0,0.3125,0.0,0.0,0.0,0.0,0.0,0.0,0.0,0.0
Nb75-Mo25,B2_MULTI_164_A_Ru75_Al25_B_HfAl,-0.03553658952786298,3.27521311,3.160855152,-0.932800309,5.125,0.0647257979106258,1.7552475247524757,0.3655934929642944,-16.912067444368198,Nb75-Mo25,0.25,0.0,0.0,0.75,B2_MULTI_164_A_Ru75_Al25_B_HfAl,0.375,0.25,0.0,0.0,0.375,0.0,0.0,0.0,0.0,0.0,0.0,0.0,0.0
Nb75-Mo25,B2_MULTI_165_A_Ru87_Al12_B_TiZr,-0.25531476583014256,3.27521311,2.533666714,-0.881935538,5.6875,0.0727621617453034,1.7821000000000002,0.3799613006610016,-14.432,Nb75-Mo25,0.25,0.0,0.0,0.75,B2_MULTI_165_A_Ru87_Al12_B_TiZr,0.4375,0.0,0.25,0.25,0.0625,0.0,0.0,0.0,0.0,0.0,0.0,0.0,0.0
Nb75-Mo25,B2_MULTI_166_A_Ru75_Al25_B_TiZr,-0.021245267660895354,3.27521311,3.206361714,-0.808063227,5.375,0.0703058182976203,1.7467,0.3666280267519111,-14.288,Nb75-Mo25,0.25,0.0,0.0,0.75,B2_MULTI_166_A_Ru75_Al25_B_TiZr,0.375,0.0,0.25,0.25,0.125,0.0,0.0,0.0,0.0,0.0,0.0,0.0,0.0
Nb75-Mo25,B2_MULTI_167_A_Ru87_Al12_B_TiAl,-0.2984816934734647,3.27521311,2.424572308,-5.952786629,1.5,0.0273038199437399,1.694324324324325,0.2239032192052839,-9.817384952520088,Nb75-Mo25,0.25,0.0,0.0,0.75,B2_MULTI_167_A_Ru87_Al12_B_TiAl,0.0625,0.0,0.0625,0.0,0.25,0.0,0.0,0.0,0.0,0.0,0.0,0.0,0.0
Nb75-Mo25,B2_MULTI_167_A_Ru87_Al13_B_TiAl,-0.2985228926196748,3.27521311,2.424470144,-1.021190861,5.4375,0.0396803315535911,1.8521,0.309477931361834,-15.312,Nb75-Mo25,0.25,0.0,0.0,0.75,B2_MULTI_167_A_Ru87_Al13_B_TiAl,0.4375,0.0,0.25,0.0,0.3125,0.0,0.0,0.0,0.0,0.0,0.0,0.0,0.0
Nb75-Mo25,B2_MULTI_168_A_Ru75_Al25_B_TiAl,-0.0643893804576403,3.27521311,3.070901903,-0.941385339,5.125,0.0380980563492807,1.814653465346535,0.3004965012116891,-15.049504950495049,Nb75-Mo25,0.25,0.0,0.0,0.75,B2_MULTI_168_A_Ru75_Al25_B_TiAl,0.375,0.0,0.25,0.0,0.375,0.0,0.0,0.0,0.0,0.0,0.0,0.0,0.0
Nb75-Mo25,B2_MULTI_169_A_Ru87_Al12_B_ZrAl,-0.2635884525446994,3.27521311,2.512434563,-3.978965604,3.1875,0.0773292902137734,1.9146938775510205,0.3828683476015858,-17.35276967930029,Nb75-Mo25,0.25,0.0,0.0,0.75,B2_MULTI_169_A_Ru87_Al12_B_ZrAl,0.3125,0.0,0.0,0.125,0.0625,0.0,0.0,0.0,0.0,0.0,0.0,0.0,0.0
Nb75-Mo25,B2_MULTI_169_A_Ru87_Al13_B_ZrAl,-0.26358880454088834,3.27521311,2.512433663,-0.95203949,5.4375,0.0724611766706071,1.7996,0.3698862527859072,-18.832,Nb75-Mo25,0.25,0.0,0.0,0.75,B2_MULTI_169_A_Ru87_Al13_B_ZrAl,0.4375,0.0,0.0,0.25,0.3125,0.0,0.0,0.0,0.0,0.0,0.0,0.0,0.0
Nb75-Mo25,B2_MULTI_170_A_Ru75_Al25_B_ZrAl,-0.029463316896021243,3.27521311,3.180115415,-0.885427863,5.125,0.0699929276125827,1.762673267326733,0.356461962724668,-18.02960494069209,Nb75-Mo25,0.25,0.0,0.0,0.75,B2_MULTI_170_A_Ru75_Al25_B_ZrAl,0.375,0.0,0.0,0.25,0.375,0.0,0.0,0.0,0.0,0.0,0.0,0.0,0.0
Nb75-Ta25,B2_014_RuHf,-0.2539950679672586,3.31909493,2.571059804,-1.190557465,6.0,0.0821917808219178,1.75,0.45,-15.0,Nb75-Ta25,0.0,0.25,0.0,0.75,B2_014_RuHf,0.5,0.5,0.0,0.0,0.0,0.0,0.0,0.0,0.0,0.0,0.0,0.0,0.0
Nb75-Ta25,B2_015_RuTi,-0.3053844293968601,3.31909493,2.43976227,-1.048598035,6.0,0.0462633451957295,1.87,0.33,-10.0,Nb75-Ta25,0.0,0.25,0.0,0.75,B2_015_RuTi,0.5,0.0,0.5,0.0,0.0,0.0,0.0,0.0,0.0,0.0,0.0,0.0,0.0
Nb75-Ta25,B2_016_RuZr,-0.24497681147829153,3.31909493,2.59472104,-0.959079125,6.0,0.0884353741496598,1.765,0.435,-18.0,Nb75-Ta25,0.0,0.25,0.0,0.75,B2_016_RuZr,0.5,0.0,0.0,0.5,0.0,0.0,0.0,0.0,0.0,0.0,0.0,0.0,0.0
Nb75-Ta25,B2_017_RuAl,-0.3260993513412977,3.31909493,2.388477153,-1.00191235,5.5,0.0324909747292418,1.905,0.295,-20.0,Nb75-Ta25,0.0,0.25,0.0,0.75,B2_017_RuAl,0.5,0.0,0.0,0.0,0.5,0.0,0.0,0.0,0.0,0.0,0.0,0.0,0.0
Nb75-Ta25,MATRIX_BIN_018_Nb12_Mo87,-0.27508739800472,3.31909493,2.516452193,-0.074598622,5.875,0.0162666672861703,2.0928,0.1819784602638455,-0.8448,Nb75-Ta25,0.0,0.25,0.0,0.75,MATRIX_BIN_018_Nb12_Mo87,0.0,0.0,0.0,0.0,0.0,0.875,0.125,0.0,0.0,0.0,0.0,0.0,0.0
Nb75-Ta25,MATRIX_BIN_019_Nb25_Mo75,-0.04014638784172677,3.31909493,3.18846737,-0.093096702,5.75,0.0215352675896663,2.02,0.2424871130596428,-1.5,Nb75-Ta25,0.0,0.25,0.0,0.75,MATRIX_BIN_019_Nb25_Mo75,0.0,0.0,0.0,0.0,0.0,0.75,0.25,0.0,0.0,0.0,0.0,0.0,0.0
Nb75-Ta25,MATRIX_BIN_020_Nb50_Mo50,0.2028480440936375,3.31909493,4.068360358,-0.068167471,5.5,0.0245614035087719,1.88,0.28,-2.0,Nb75-Ta25,0.0,0.25,0.0,0.75,MATRIX_BIN_020_Nb50_Mo50,0.0,0.0,0.0,0.0,0.0,0.5,0.5,0.0,0.0,0.0,0.0,0.0,0.0
Nb75-Ta25,MATRIX_BIN_021_Nb75_Mo25,-0.01297998324953493,3.31909493,3.276290931,-0.003897255,5.25,0.0210127480987559,1.7400000000000002,0.2424871130596428,-1.5,Nb75-Ta25,0.0,0.25,0.0,0.75,MATRIX_BIN_021_Nb75_Mo25,0.0,0.0,0.0,0.0,0.0,0.25,0.75,0.0,0.0,0.0,0.0,0.0,0.0
Nb75-Ta25,MATRIX_BIN_022_Nb87_Mo12,-0.23585422685846644,3.31909493,2.618850201,0.026755452,5.125,0.0156705067050018,1.6672000000000002,0.1819784602638455,-0.8448,Nb75-Ta25,0.0,0.25,0.0,0.75,MATRIX_BIN_022_Nb87_Mo12,0.0,0.0,0.0,0.0,0.0,0.125,0.875,0.0,0.0,0.0,0.0,0.0,0.0
Nb75-Ta25,MATRIX_BIN_023_Nb12_Ta87,-0.23198654034138602,3.31909493,2.629139739,0.01664066,5.0,0.0,1.512,0.0324961536185438,-0.4224,Nb75-Ta25,0.0,0.25,0.0,0.75,MATRIX_BIN_023_Nb12_Ta87,0.0,0.0,0.0,0.0,0.0,0.0,0.125,0.875,0.0,0.0,0.0,0.0,0.0
Nb75-Ta25,MATRIX_BIN_024_Nb25_Ta75,-0.0013373124459192948,3.31909493,3.314659229,0.02257152,5.0,0.0,1.525,0.0433012701892219,-0.75,Nb75-Ta25,0.0,0.25,0.0,0.75,MATRIX_BIN_024_Nb25_Ta75,0.0,0.0,0.0,0.0,0.0,0.0,0.25,0.75,0.0,0.0,0.0,0.0,0.0
Nb75-Ta25,MATRIX_BIN_025_Nb50_Ta50,0.22996344102186264,3.31909493,4.181529649,0.032388069,5.0,0.0,1.55,0.05,-1.0,Nb75-Ta25,0.0,0.25,0.0,0.75,MATRIX_BIN_025_Nb50_Ta50,0.0,0.0,0.0,0.0,0.0,0.0,0.5,0.5,0.0,0.0,0.0,0.0,0.0
Nb75-Ta25,MATRIX_BIN_026_Nb75_Ta25,0.0009600158607090193,3.31909493,3.322282844,0.043369138,5.0,0.0,1.5750000000000002,0.0433012701892219,-0.75,Nb75-Ta25,0.0,0.25,0.0,0.75,MATRIX_BIN_026_Nb75_Ta25,0.0,0.0,0.0,0.0,0.0,0.0,0.75,0.25,0.0,0.0,0.0,0.0,0.0
Nb75-Ta25,MATRIX_BIN_027_Nb87_Ta12,-0.228634222969174,3.31909493,2.638087089,0.04776952,5.0,0.0,1.588,0.0324961536185438,-0.4224,Nb75-Ta25,0.0,0.25,0.0,0.75,MATRIX_BIN_027_Nb87_Ta12,0.0,0.0,0.0,0.0,0.0,0.0,0.875,0.125,0.0,0.0,0.0,0.0,0.0
Nb75-Ta25,MATRIX_BIN_028_Nb12_W87,-0.26980381465011277,3.31909493,2.53003601,-0.064576028,5.875,0.0162666672861703,2.2688,0.2469707675009331,-0.8448,Nb75-Ta25,0.0,0.25,0.0,0.75,MATRIX_BIN_028_Nb12_W87,0.0,0.0,0.0,0.0,0.0,0.0,0.125,0.0,0.875,0.0,0.0,0.0,0.0
Nb75-Ta25,MATRIX_BIN_029_Nb25_W75,-0.03588320163290584,3.31909493,3.202094355,-0.067975525,5.75,0.0215352675896663,2.17,0.3290896534380866,-1.5,Nb75-Ta25,0.0,0.25,0.0,0.75,MATRIX_BIN_029_Nb25_W75,0.0,0.0,0.0,0.0,0.0,0.0,0.25,0.0,0.75,0.0,0.0,0.0,0.0
Nb75-Ta25,MATRIX_BIN_030_Nb50_W50,0.20496377710230992,3.31909493,4.077067638,-0.024208031,5.5,0.0245614035087719,1.98,0.3799999999999999,-2.0,Nb75-Ta25,0.0,0.25,0.0,0.75,MATRIX_BIN_030_Nb50_W50,0.0,0.0,0.0,0.0,0.0,0.0,0.5,0.0,0.5,0.0,0.0,0.0,0.0
Nb75-Ta25,MATRIX_BIN_031_Nb75_W25,-0.01241325919496209,3.31909493,3.278148285,0.026336168,5.25,0.0210127480987559,1.79,0.3290896534380866,-1.5,Nb75-Ta25,0.0,0.25,0.0,0.75,MATRIX_BIN_031_Nb75_W25,0.0,0.0,0.0,0.0,0.0,0.0,0.75,0.0,0.25,0.0,0.0,0.0,0.0
Nb75-Ta25,MATRIX_BIN_032_Nb87_W12,-0.23540775593770197,3.31909493,2.620036168,0.042204846,5.125,0.0156705067050018,1.6912,0.2469707675009331,-0.8448,Nb75-Ta25,0.0,0.25,0.0,0.75,MATRIX_BIN_032_Nb87_W12,0.0,0.0,0.0,0.0,0.0,0.0,0.875,0.0,0.125,0.0,0.0,0.0,0.0
Nb75-Ta25,MATRIX_BIN_033_Nb12_V87,-0.31871673783236343,3.31909493,2.406649618,0.08248568,5.0,0.0287916304948704,1.6263999999999998,0.009748846085563,-0.4224,Nb75-Ta25,0.0,0.25,0.0,0.75,MATRIX_BIN_033_Nb12_V87,0.0,0.0,0.0,0.0,0.0,0.0,0.125,0.0,0.0,0.875,0.0,0.0,0.0
Nb75-Ta25,MATRIX_BIN_034_Nb25_V75,-0.07447044259422941,3.31909493,3.080793662,0.119704924,5.0,0.0379281198737709,1.6225,0.0129903810567664,-0.75,Nb75-Ta25,0.0,0.25,0.0,0.75,MATRIX_BIN_034_Nb25_V75,0.0,0.0,0.0,0.0,0.0,0.0,0.25,0.0,0.0,0.75,0.0,0.0,0.0
Nb75-Ta25,MATRIX_BIN_035_Nb50_V50,0.18548927970554907,3.31909493,3.997687259,0.146260085,5.0,0.0428571428571428,1.615,0.0149999999999999,-1.0,Nb75-Ta25,0.0,0.25,0.0,0.75,MATRIX_BIN_035_Nb50_V50,0.0,0.0,0.0,0.0,0.0,0.0,0.5,0.0,0.0,0.5,0.0,0.0,0.0
Nb75-Ta25,MATRIX_BIN_036_Nb75_V25,-0.020259263086653097,3.31909493,3.252526823,0.114812331,5.0,0.0363367302287176,1.6075000000000002,0.0129903810567664,-0.75,Nb75-Ta25,0.0,0.25,0.0,0.75,MATRIX_BIN_036_Nb75_V25,0.0,0.0,0.0,0.0,0.0,0.0,0.75,0.0,0.0,0.25,0.0,0.0,0.0
Nb75-Ta25,MATRIX_BIN_037_Nb87_V12,-0.23911977490831401,3.31909493,2.61019026,0.086073827,5.0,0.0269752243651442,1.6036,0.009748846085563,-0.4224,Nb75-Ta25,0.0,0.25,0.0,0.75,MATRIX_BIN_037_Nb87_V12,0.0,0.0,0.0,0.0,0.0,0.0,0.875,0.0,0.0,0.125,0.0,0.0,0.0
Nb75-Ta25,MATRIX_BIN_038_Mo12_Ta87,-0.23940292017183462,3.31909493,2.609440574,-0.021898875,5.125,0.0156705067050018,1.5792000000000002,0.2144746138823893,-0.8448,Nb75-Ta25,0.0,0.25,0.0,0.75,MATRIX_BIN_038_Mo12_Ta87,0.0,0.0,0.0,0.0,0.0,0.125,0.0,0.875,0.0,0.0,0.0,0.0,0.0
Nb75-Ta25,MATRIX_BIN_039_Mo25_Ta75,-0.016429712869332213,3.31909493,3.265007474,-0.045341345,5.25,0.0210127480987559,1.665,0.2857883832488648,-1.5,Nb75-Ta25,0.0,0.25,0.0,0.75,MATRIX_BIN_039_Mo25_Ta75,0.0,0.0,0.0,0.0,0.0,0.25,0.0,0.75,0.0,0.0,0.0,0.0,0.0
Nb75-Ta25,MATRIX_BIN_040_Mo50_Ta50,0.19998538805767313,3.31909493,4.056611707,-0.115010835,5.5,0.0245614035087719,1.83,0.33,-2.0,Nb75-Ta25,0.0,0.25,0.0,0.75,MATRIX_BIN_040_Mo50_Ta50,0.0,0.0,0.0,0.0,0.0,0.5,0.0,0.5,0.0,0.0,0.0,0.0,0.0
Nb75-Ta25,MATRIX_BIN_041_Mo75_Ta25,-0.04166285335085512,3.31909493,3.183633813,-0.13445637,5.75,0.0215352675896663,1.995,0.2857883832488648,-1.5,Nb75-Ta25,0.0,0.25,0.0,0.75,MATRIX_BIN_041_Mo75_Ta25,0.0,0.0,0.0,0.0,0.0,0.75,0.0,0.25,0.0,0.0,0.0,0.0,0.0
Nb75-Ta25,MATRIX_BIN_042_Mo87_Ta12,-0.27585772643179696,3.31909493,2.514476987,-0.10635318,5.875,0.0162666672861703,2.0808,0.2144746138823893,-0.8448,Nb75-Ta25,0.0,0.25,0.0,0.75,MATRIX_BIN_042_Mo87_Ta12,0.0,0.0,0.0,0.0,0.0,0.875,0.0,0.125,0.0,0.0,0.0,0.0,0.0
Nb75-Ta25,MATRIX_BIN_043_Mo12_W87,-0.2754774476806983,3.31909493,2.515451896,-0.03228228,6.0,0.0,2.336,0.0649923072370876,-0.4224,Nb75-Ta25,0.0,0.25,0.0,0.75,MATRIX_BIN_043_Mo12_W87,0.0,0.0,0.0,0.0,0.0,0.125,0.0,0.0,0.875,0.0,0.0,0.0,0.0
Nb75-Ta25,MATRIX_BIN_044_Mo25_W75,-0.04691698117340605,3.31909493,3.166942287,-0.031021756,6.0,0.0,2.31,0.0866025403784437,-0.75,Nb75-Ta25,0.0,0.25,0.0,0.75,MATRIX_BIN_044_Mo25_W75,0.0,0.0,0.0,0.0,0.0,0.25,0.0,0.0,0.75,0.0,0.0,0.0,0.0
Nb75-Ta25,MATRIX_BIN_045_Mo50_W50,0.1821387819934446,3.31909493,3.984201707,-0.031400886,6.0,0.0,2.26,0.0999999999999998,-1.0,Nb75-Ta25,0.0,0.25,0.0,0.75,MATRIX_BIN_045_Mo50_W50,0.0,0.0,0.0,0.0,0.0,0.5,0.0,0.0,0.5,0.0,0.0,0.0,0.0
Nb75-Ta25,MATRIX_BIN_046_Mo75_W25,-0.049878330107580575,3.31909493,3.157572258,-0.029765179,6.0,0.0,2.21,0.0866025403784437,-0.75,Nb75-Ta25,0.0,0.25,0.0,0.75,MATRIX_BIN_046_Mo75_W25,0.0,0.0,0.0,0.0,0.0,0.75,0.0,0.0,0.25,0.0,0.0,0.0,0.0
Nb75-Ta25,MATRIX_BIN_047_Mo87_W12,-0.2799557923857976,3.31909493,2.503991537,-0.029998622,6.0,0.0,2.184,0.0649923072370876,-0.4224,Nb75-Ta25,0.0,0.25,0.0,0.75,MATRIX_BIN_047_Mo87_W12,0.0,0.0,0.0,0.0,0.0,0.875,0.0,0.0,0.125,0.0,0.0,0.0,0.0
Nb75-Ta25,MATRIX_BIN_048_Mo12_V87,-0.328322011463853,3.31909493,2.383028597,-0.006338223,5.125,0.0120713795016878,1.6936,0.1722296141782824,-0.4224,Nb75-Ta25,0.0,0.25,0.0,0.75,MATRIX_BIN_048_Mo12_V87,0.0,0.0,0.0,0.0,0.0,0.125,0.0,0.0,0.0,0.875,0.0,0.0,0.0
Nb75-Ta25,MATRIX_BIN_049_Mo25_V75,-0.09332424358559965,3.31909493,3.023152221,-0.037424369,5.25,0.0160078632862187,1.7625,0.2294967320028763,-0.75,Nb75-Ta25,0.0,0.25,0.0,0.75,MATRIX_BIN_049_Mo25_V75,0.0,0.0,0.0,0.0,0.0,0.25,0.0,0.0,0.0,0.75,0.0,0.0,0.0
Nb75-Ta25,MATRIX_BIN_050_Mo50_V50,0.15108640809389734,3.31909493,3.861543353,-0.097449414,5.5,0.0183150183150182,1.895,0.2650000000000001,-1.0,Nb75-Ta25,0.0,0.25,0.0,0.75,MATRIX_BIN_050_Mo50_V50,0.0,0.0,0.0,0.0,0.0,0.5,0.0,0.0,0.0,0.5,0.0,0.0,0.0
Nb75-Ta25,MATRIX_BIN_051_Mo75_V25,-0.0658473118501319,3.31909493,3.107507677,-0.114008179,5.75,0.0157173394516231,2.0275,0.2294967320028763,-0.75,Nb75-Ta25,0.0,0.25,0.0,0.75,MATRIX_BIN_051_Mo75_V25,0.0,0.0,0.0,0.0,0.0,0.75,0.0,0.0,0.0,0.25,0.0,0.0,0.0
Nb75-Ta25,MATRIX_BIN_052_Mo87_V12,-0.2876314759825464,3.31909493,2.484453351,-0.088360288,5.875,0.0117399398910924,2.0964,0.1722296141782824,-0.4224,Nb75-Ta25,0.0,0.25,0.0,0.75,MATRIX_BIN_052_Mo87_V12,0.0,0.0,0.0,0.0,0.0,0.875,0.0,0.0,0.0,0.125,0.0,0.0,0.0
Nb75-Ta25,MATRIX_BIN_053_Ta12_W87,-0.27045656386878525,3.31909493,2.528354403,-0.093051999,5.875,0.0162666672861703,2.2568,0.279466921119477,-0.4224,Nb75-Ta25,0.0,0.25,0.0,0.75,MATRIX_BIN_053_Ta12_W87,0.0,0.0,0.0,0.0,0.0,0.0,0.0,0.125,0.875,0.0,0.0,0.0,0.0
Nb75-Ta25,MATRIX_BIN_054_Ta25_W75,-0.0372269238808538,3.31909493,3.197793083,-0.107372831,5.75,0.0215352675896663,2.145,0.3723909236273086,-0.75,Nb75-Ta25,0.0,0.25,0.0,0.75,MATRIX_BIN_054_Ta25_W75,0.0,0.0,0.0,0.0,0.0,0.0,0.0,0.25,0.75,0.0,0.0,0.0,0.0
Nb75-Ta25,MATRIX_BIN_055_Ta50_W50,0.2028425138021446,3.31909493,4.068337625,-0.070797609,5.5,0.0245614035087719,1.93,0.4299999999999999,-1.0,Nb75-Ta25,0.0,0.25,0.0,0.75,MATRIX_BIN_055_Ta50_W50,0.0,0.0,0.0,0.0,0.0,0.0,0.0,0.5,0.5,0.0,0.0,0.0,0.0
Nb75-Ta25,MATRIX_BIN_056_Ta75_W25,-0.015332572351594248,3.31909493,3.268591838,-0.021707099,5.25,0.0210127480987559,1.715,0.3723909236273086,-0.75,Nb75-Ta25,0.0,0.25,0.0,0.75,MATRIX_BIN_056_Ta75_W25,0.0,0.0,0.0,0.0,0.0,0.0,0.0,0.75,0.25,0.0,0.0,0.0,0.0
Nb75-Ta25,MATRIX_BIN_057_Ta87_W12,-0.23890991353743832,3.31909493,2.610746034,-0.005622646,5.125,0.0156705067050018,1.6032,0.279466921119477,-0.4224,Nb75-Ta25,0.0,0.25,0.0,0.75,MATRIX_BIN_057_Ta87_W12,0.0,0.0,0.0,0.0,0.0,0.0,0.0,0.875,0.125,0.0,0.0,0.0,0.0
Nb75-Ta25,MATRIX_BIN_058_Ta12_V87,-0.3190219458335325,3.31909493,2.405896049,0.06873568,5.0,0.0287916304948704,1.6143999999999998,0.0422449997041069,0.0,Nb75-Ta25,0.0,0.25,0.0,0.75,MATRIX_BIN_058_Ta12_V87,0.0,0.0,0.0,0.0,0.0,0.0,0.0,0.125,0.0,0.875,0.0,0.0,0.0
Nb75-Ta25,MATRIX_BIN_059_Ta25_V75,-0.07471512514008193,3.31909493,3.080038888,0.103170482,5.0,0.0379281198737709,1.5975,0.0562916512459884,0.0,Nb75-Ta25,0.0,0.25,0.0,0.75,MATRIX_BIN_059_Ta25_V75,0.0,0.0,0.0,0.0,0.0,0.0,0.0,0.25,0.0,0.75,0.0,0.0,0.0
Nb75-Ta25,MATRIX_BIN_060_Ta50_V50,0.18412170221612426,3.31909493,3.992176831,0.118279576,5.0,0.0428571428571428,1.565,0.0649999999999999,0.0,Nb75-Ta25,0.0,0.25,0.0,0.75,MATRIX_BIN_060_Ta50_V50,0.0,0.0,0.0,0.0,0.0,0.0,0.0,0.5,0.0,0.5,0.0,0.0,0.0
Nb75-Ta25,MATRIX_BIN_061_Ta75_V25,-0.022808368105892773,3.31909493,3.244245389,0.083356798,5.0,0.0363367302287176,1.5325,0.0562916512459884,0.0,Nb75-Ta25,0.0,0.25,0.0,0.75,MATRIX_BIN_061_Ta75_V25,0.0,0.0,0.0,0.0,0.0,0.0,0.0,0.75,0.0,0.25,0.0,0.0,0.0
Nb75-Ta25,MATRIX_BIN_062_Ta87_V12,-0.2423816956425967,3.31909493,2.601565119,0.048231505,5.0,0.0269752243651442,1.5156,0.0422449997041069,0.0,Nb75-Ta25,0.0,0.25,0.0,0.75,MATRIX_BIN_062_Ta87_V12,0.0,0.0,0.0,0.0,0.0,0.0,0.0,0.875,0.0,0.125,0.0,0.0,0.0
Nb75-Ta25,MATRIX_BIN_063_W12_V87,-0.32686953971253735,3.31909493,2.38658796,0.007573578,5.125,0.0120713795016878,1.7175999999999998,0.23722192141537,0.0,Nb75-Ta25,0.0,0.25,0.0,0.75,MATRIX_BIN_063_W12_V87,0.0,0.0,0.0,0.0,0.0,0.0,0.0,0.0,0.125,0.875,0.0,0.0,0.0
Nb75-Ta25,MATRIX_BIN_064_W25_V75,-0.09024809833896447,3.31909493,3.032485885,-0.010397496,5.25,0.0160078632862187,1.8125,0.3160992723813201,0.0,Nb75-Ta25,0.0,0.25,0.0,0.75,MATRIX_BIN_064_W25_V75,0.0,0.0,0.0,0.0,0.0,0.0,0.0,0.0,0.25,0.75,0.0,0.0,0.0
Nb75-Ta25,MATRIX_BIN_065_W50_V50,0.1562765594784643,3.31909493,3.881757122,-0.05491275,5.5,0.0183150183150182,1.995,0.365,0.0,Nb75-Ta25,0.0,0.25,0.0,0.75,MATRIX_BIN_065_W50_V50,0.0,0.0,0.0,0.0,0.0,0.0,0.0,0.0,0.5,0.5,0.0,0.0,0.0
Nb75-Ta25,MATRIX_BIN_066_W75_V25,-0.05956734756964254,3.31909493,3.12710346,-0.09208095,5.75,0.0157173394516231,2.1775,0.3160992723813201,0.0,Nb75-Ta25,0.0,0.25,0.0,0.75,MATRIX_BIN_066_W75_V25,0.0,0.0,0.0,0.0,0.0,0.0,0.0,0.0,0.75,0.25,0.0,0.0,0.0
Nb75-Ta25,MATRIX_BIN_067_W87_V12,-0.28144513393425197,3.31909493,2.50019019,-0.084931073,5.875,0.0117399398910924,2.2724,0.23722192141537,0.0,Nb75-Ta25,0.0,0.25,0.0,0.75,MATRIX_BIN_067_W87_V12,0.0,0.0,0.0,0.0,0.0,0.0,0.0,0.0,0.875,0.125,0.0,0.0,0.0
Nb75-Ta25,MATRIX_TERN_068_Nb33_Mo33_Ta33,0.1154032750370741,3.31909493,3.725584467,-0.065262171,5.333333333,0.0229686657461987,1.7533333333333334,0.2904402788105596,-2.2222222222222228,Nb75-Ta25,0.0,0.25,0.0,0.75,MATRIX_TERN_068_Nb33_Mo33_Ta33,0.0,0.0,0.0,0.0,0.0,0.333333333,0.333333333,0.333333333,0.0,0.0,0.0,0.0,0.0
Nb75-Ta25,MATRIX_TERN_069_Nb33_Mo33_W33,0.1017278107894423,3.31909493,3.674833441,-0.049686914,5.666666667,0.0233478654165369,2.0400000000000005,0.3216623488483951,-2.2222222222222223,Nb75-Ta25,0.0,0.25,0.0,0.75,MATRIX_TERN_069_Nb33_Mo33_W33,0.0,0.0,0.0,0.0,0.0,0.333333333,0.333333333,0.0,0.333333333,0.0,0.0,0.0,0.0
Nb75-Ta25,MATRIX_TERN_070_Nb33_Mo33_V33,0.0850092382131804,3.31909493,3.613773878,-0.013214523,5.333333333,0.0352382411938744,1.7966666666666669,0.2572072229848058,-1.777777777777778,Nb75-Ta25,0.0,0.25,0.0,0.75,MATRIX_TERN_070_Nb33_Mo33_V33,0.0,0.0,0.0,0.0,0.0,0.333333333,0.333333333,0.0,0.0,0.333333333,0.0,0.0,0.0
Nb75-Ta25,MATRIX_TERN_071_Nb33_Ta33_W33,0.11666670057969299,3.31909493,3.730310358,-0.031019427,5.333333333,0.0229686657461987,1.82,0.3840138886377244,-1.777777777777778,Nb75-Ta25,0.0,0.25,0.0,0.75,MATRIX_TERN_071_Nb33_Ta33_W33,0.0,0.0,0.0,0.0,0.0,0.0,0.333333333,0.333333333,0.333333333,0.0,0.0,0.0,0.0
Nb75-Ta25,MATRIX_TERN_072_Nb33_Ta33_V33,0.10450883160624444,3.31909493,3.685094771,0.08652521,5.0,0.0398370017569885,1.5766666666666669,0.0555777733351102,-0.8888888888888891,Nb75-Ta25,0.0,0.25,0.0,0.75,MATRIX_TERN_072_Nb33_Ta33_V33,0.0,0.0,0.0,0.0,0.0,0.0,0.333333333,0.333333333,0.0,0.333333333,0.0,0.0,0.0
Nb75-Ta25,MATRIX_TERN_073_Nb33_W33_V33,0.08737397620111967,3.31909493,3.622345558,0.018775382,5.333333333,0.0352382411938744,1.8633333333333333,0.351409858838492,-1.3333333333333337,Nb75-Ta25,0.0,0.25,0.0,0.75,MATRIX_TERN_073_Nb33_W33_V33,0.0,0.0,0.0,0.0,0.0,0.0,0.333333333,0.0,0.333333333,0.333333333,0.0,0.0,0.0
Nb75-Ta25,MATRIX_TERN_074_Mo33_Ta33_W33,0.0999412517951235,3.31909493,3.668257294,-0.093088097,5.666666667,0.0233478654165369,2.006666666666667,0.3674537007872178,-1.777777777777778,Nb75-Ta25,0.0,0.25,0.0,0.75,MATRIX_TERN_074_Mo33_Ta33_W33,0.0,0.0,0.0,0.0,0.0,0.333333333,0.0,0.333333333,0.333333333,0.0,0.0,0.0,0.0
Nb75-Ta25,MATRIX_TERN_075_Mo33_Ta33_V33,0.08330358305239521,3.31909493,3.607604365,-0.042224622,5.333333333,0.0352382411938744,1.7633333333333336,0.2854625875467553,-1.3333333333333337,Nb75-Ta25,0.0,0.25,0.0,0.75,MATRIX_TERN_075_Mo33_Ta33_V33,0.0,0.0,0.0,0.0,0.0,0.333333333,0.0,0.333333333,0.0,0.333333333,0.0,0.0,0.0
Nb75-Ta25,MATRIX_TERN_076_Mo33_W33_V33,0.06831020086306444,3.31909493,3.553840738,-0.074437179,5.666666667,0.0171627859511297,2.0500000000000003,0.3080043289739069,-0.8888888888888891,Nb75-Ta25,0.0,0.25,0.0,0.75,MATRIX_TERN_076_Mo33_W33_V33,0.0,0.0,0.0,0.0,0.0,0.333333333,0.0,0.0,0.333333333,0.333333333,0.0,0.0,0.0
Nb75-Ta25,MATRIX_TERN_077_Ta33_W33_V33,0.08575723285783,3.31909493,3.616482912,-0.005449438,5.333333333,0.0352382411938744,1.83,0.3785058343892028,-0.4444444444444445,Nb75-Ta25,0.0,0.25,0.0,0.75,MATRIX_TERN_077_Ta33_W33_V33,0.0,0.0,0.0,0.0,0.0,0.0,0.0,0.333333333,0.333333333,0.333333333,0.0,0.0,0.0
Nb75-Ta25,B2_TERN_SOL_078_Ru_Hf87_Nb12,-0.257464016040203,3.31909493,2.562008656,-1.091011246,6.0625,0.079929319846275,1.7680000000000002,0.4374654272053965,-14.1168,Nb75-Ta25,0.0,0.25,0.0,0.75,B2_TERN_SOL_078_Ru_Hf87_Nb12,0.5,0.4375,0.0,0.0,0.0,0.0,0.0625,0.0,0.0,0.0,0.0,0.0,0.0
Nb75-Ta25,B2_TERN_SOL_079_Ru_Hf75_Nb25,-0.029947854641751797,3.31909493,3.221161604,-0.990479496,6.125,0.0772310128363896,1.786,0.4237971212738473,-13.1472,Nb75-Ta25,0.0,0.25,0.0,0.75,B2_TERN_SOL_079_Ru_Hf75_Nb25,0.5,0.375,0.0,0.0,0.0,0.0,0.125,0.0,0.0,0.0,0.0,0.0,0.0
Nb75-Ta25,B2_TERN_SOL_080_Ru_Hf87_Mo12,-0.26038941422586587,3.31909493,2.554397326,-1.011580317,6.125,0.0808002001785193,1.8016,0.4447172584912801,-14.16,Nb75-Ta25,0.0,0.25,0.0,0.75,B2_TERN_SOL_080_Ru_Hf87_Mo12,0.5,0.4375,0.0,0.0,0.0,0.0625,0.0,0.0,0.0,0.0,0.0,0.0,0.0
Nb75-Ta25,B2_TERN_SOL_081_Ru_Hf75_Mo25,-0.03649734905887859,3.31909493,3.200127757,-0.833822359,6.25,0.0785362630419332,1.8532,0.4332686926146408,-13.32,Nb75-Ta25,0.0,0.25,0.0,0.75,B2_TERN_SOL_081_Ru_Hf75_Mo25,0.5,0.375,0.0,0.0,0.0,0.125,0.0,0.0,0.0,0.0,0.0,0.0,0.0
Nb75-Ta25,B2_TERN_SOL_082_Ru_Hf87_Ta12,-0.25812159473137314,3.31909493,2.560296043,-1.113680888,6.0625,0.079929319846275,1.7620000000000002,0.4404043596514458,-13.68,Nb75-Ta25,0.0,0.25,0.0,0.75,B2_TERN_SOL_082_Ru_Hf87_Ta12,0.5,0.4375,0.0,0.0,0.0,0.0,0.0,0.0625,0.0,0.0,0.0,0.0,0.0
Nb75-Ta25,B2_TERN_SOL_083_Ru_Hf75_Ta25,-0.03137611662770472,3.31909493,3.216563145,-1.032519678,6.125,0.0772310128363896,1.774,0.4302603862778911,-12.36,Nb75-Ta25,0.0,0.25,0.0,0.75,B2_TERN_SOL_083_Ru_Hf75_Ta25,0.5,0.375,0.0,0.0,0.0,0.0,0.0,0.125,0.0,0.0,0.0,0.0,0.0
Nb75-Ta25,B2_TERN_SOL_084_Ru_Hf87_W12,-0.2604083557301028,3.31909493,2.554348108,-1.017173511,6.125,0.0808002001785193,1.8136,0.4567614694783263,-13.92,Nb75-Ta25,0.0,0.25,0.0,0.75,B2_TERN_SOL_084_Ru_Hf87_W12,0.5,0.4375,0.0,0.0,0.0,0.0,0.0,0.0,0.0625,0.0,0.0,0.0,0.0
Nb75-Ta25,B2_TERN_SOL_085_Ru_Hf75_W25,-0.03625813703711531,3.31909493,3.200893611,-0.836868509,6.25,0.0785362630419332,1.8772,0.4546120983871855,-12.84,Nb75-Ta25,0.0,0.25,0.0,0.75,B2_TERN_SOL_085_Ru_Hf75_W25,0.5,0.375,0.0,0.0,0.0,0.0,0.0,0.0,0.125,0.0,0.0,0.0,0.0
Nb75-Ta25,B2_TERN_SOL_086_Ru_Hf87_V12,-0.26363721203118684,3.31909493,2.545970218,-1.063735031,6.0625,0.0824106716944606,1.7698,0.4368317296167943,-13.44,Nb75-Ta25,0.0,0.25,0.0,0.75,B2_TERN_SOL_086_Ru_Hf87_V12,0.5,0.4375,0.0,0.0,0.0,0.0,0.0,0.0,0.0,0.0625,0.0,0.0,0.0
Nb75-Ta25,B2_TERN_SOL_087_Ru_Hf75_V25,-0.04254883447849868,3.31909493,3.180813173,-0.946727169,6.125,0.0813951555025931,1.7896,0.4223266981851847,-11.88,Nb75-Ta25,0.0,0.25,0.0,0.75,B2_TERN_SOL_087_Ru_Hf75_V25,0.5,0.375,0.0,0.0,0.0,0.0,0.0,0.0,0.0,0.125,0.0,0.0,0.0
Nb75-Ta25,B2_TERN_SOL_088_Ru_Ti87_Nb12,-0.3004461677661101,3.31909493,2.452124543,-0.983188993,6.0625,0.04588506177003,1.8736,0.3266910467092724,-9.6112,Nb75-Ta25,0.0,0.25,0.0,0.75,B2_TERN_SOL_088_Ru_Ti87_Nb12,0.5,0.0,0.4375,0.0,0.0,0.0,0.0625,0.0,0.0,0.0,0.0,0.0,0.0
Nb75-Ta25,B2_TERN_SOL_089_Ru_Ti75_Nb25,-0.06732809796906111,3.31909493,3.102904429,-0.903188944,6.125,0.0454989552387946,1.8772,0.3233081502220444,-9.1648,Nb75-Ta25,0.0,0.25,0.0,0.75,B2_TERN_SOL_089_Ru_Ti75_Nb25,0.5,0.0,0.375,0.0,0.0,0.0,0.125,0.0,0.0,0.0,0.0,0.0,0.0
Nb75-Ta25,B2_TERN_SOL_090_Ru_Ti87_Mo12,-0.30408119491516006,3.31909493,2.443019595,-0.92145562,6.125,0.0449536510398423,1.9072,0.3256196554263886,-9.760000000000002,Nb75-Ta25,0.0,0.25,0.0,0.75,B2_TERN_SOL_090_Ru_Ti87_Mo12,0.5,0.0,0.4375,0.0,0.0,0.0625,0.0,0.0,0.0,0.0,0.0,0.0,0.0
Nb75-Ta25,B2_TERN_SOL_091_Ru_Ti75_Mo25,-0.0734685704980013,3.31909493,3.083886002,-0.762838311,6.25,0.0433128345312989,1.9444,0.3168416639269527,-9.52,Nb75-Ta25,0.0,0.25,0.0,0.75,B2_TERN_SOL_091_Ru_Ti75_Mo25,0.5,0.0,0.375,0.0,0.0,0.125,0.0,0.0,0.0,0.0,0.0,0.0,0.0
Nb75-Ta25,B2_TERN_SOL_092_Ru_Ti87_Ta12,-0.3010858472981021,3.31909493,2.4505202,-1.012091649,6.0625,0.04588506177003,1.8676,0.3325270515311499,-9.28,Nb75-Ta25,0.0,0.25,0.0,0.75,B2_TERN_SOL_092_Ru_Ti87_Ta12,0.5,0.0,0.4375,0.0,0.0,0.0,0.0,0.0625,0.0,0.0,0.0,0.0,0.0
Nb75-Ta25,B2_TERN_SOL_093_Ru_Ti75_Ta25,-0.06865074352240463,3.31909493,3.098798357,-0.958150623,6.125,0.0454989552387946,1.8652,0.3350178502706983,-8.559999999999999,Nb75-Ta25,0.0,0.25,0.0,0.75,B2_TERN_SOL_093_Ru_Ti75_Ta25,0.5,0.0,0.375,0.0,0.0,0.0,0.0,0.125,0.0,0.0,0.0,0.0,0.0
Nb75-Ta25,B2_TERN_SOL_094_Ru_Ti87_W12,-0.30378223293562917,3.31909493,2.443767345,-0.933472753,6.125,0.0449536510398423,1.9192,0.338158779273879,-9.52,Nb75-Ta25,0.0,0.25,0.0,0.75,B2_TERN_SOL_094_Ru_Ti87_W12,0.5,0.0,0.4375,0.0,0.0,0.0,0.0,0.0,0.0625,0.0,0.0,0.0,0.0
Nb75-Ta25,B2_TERN_SOL_095_Ru_Ti75_W25,-0.07401922375587189,3.31909493,3.082186007,-0.789613358,6.25,0.0433128345312989,1.9684,0.3390596407713546,-9.04,Nb75-Ta25,0.0,0.25,0.0,0.75,B2_TERN_SOL_095_Ru_Ti75_W25,0.5,0.0,0.375,0.0,0.0,0.0,0.0,0.0,0.125,0.0,0.0,0.0,0.0
Nb75-Ta25,B2_TERN_SOL_096_Ru_Ti87_V12,-0.30825425659971745,3.31909493,2.432602346,-0.982724607,6.0625,0.0461854444311139,1.8754,0.3252581128888256,-9.04,Nb75-Ta25,0.0,0.25,0.0,0.75,B2_TERN_SOL_096_Ru_Ti87_V12,0.5,0.0,0.4375,0.0,0.0,0.0,0.0,0.0,0.0,0.0625,0.0,0.0,0.0
Nb75-Ta25,B2_TERN_SOL_097_Ru_Ti75_V25,-0.08286624571202598,3.31909493,3.05499642,-0.905306641,6.125,0.0454154582679287,1.8808,0.3203550530271062,-8.08,Nb75-Ta25,0.0,0.25,0.0,0.75,B2_TERN_SOL_097_Ru_Ti75_V25,0.5,0.0,0.375,0.0,0.0,0.0,0.0,0.0,0.0,0.125,0.0,0.0,0.0
Nb75-Ta25,B2_TERN_SOL_098_Ru_Zr87_Nb12,-0.24778748809794707,3.31909493,2.587326291,-0.890146496,6.0625,0.0860586382926536,1.7812,0.423370476060861,-16.756800000000002,Nb75-Ta25,0.0,0.25,0.0,0.75,B2_TERN_SOL_098_Ru_Zr87_Nb12,0.5,0.0,0.0,0.4375,0.0,0.0,0.0625,0.0,0.0,0.0,0.0,0.0,0.0
Nb75-Ta25,B2_TERN_SOL_099_Ru_Zr75_Nb25,-0.02144284816184076,3.31909493,3.24867904,-0.818094975,6.125,0.0831528643327092,1.7974,0.4107739524361301,-15.4272,Nb75-Ta25,0.0,0.25,0.0,0.75,B2_TERN_SOL_099_Ru_Zr75_Nb25,0.5,0.0,0.0,0.375,0.0,0.0,0.125,0.0,0.0,0.0,0.0,0.0,0.0
Nb75-Ta25,B2_TERN_SOL_100_Ru_Zr87_Mo12,-0.25091179839389016,3.31909493,2.579128061,-0.806967569,6.125,0.0870934949098326,1.8148,0.4298289892503762,-16.8,Nb75-Ta25,0.0,0.25,0.0,0.75,B2_TERN_SOL_100_Ru_Zr87_Mo12,0.5,0.0,0.0,0.4375,0.0,0.0625,0.0,0.0,0.0,0.0,0.0,0.0,0.0
Nb75-Ta25,B2_TERN_SOL_101_Ru_Zr75_Mo25,-0.02790336328706593,3.31909493,3.227755359,-0.655458039,6.25,0.084783177312234,1.8646000000000005,0.4187133148109814,-15.6,Nb75-Ta25,0.0,0.25,0.0,0.75,B2_TERN_SOL_101_Ru_Zr75_Mo25,0.5,0.0,0.0,0.375,0.0,0.125,0.0,0.0,0.0,0.0,0.0,0.0,0.0
Nb75-Ta25,B2_TERN_SOL_102_Ru_Zr87_Ta12,-0.24844426337297013,3.31909493,2.585601013,-0.911972703,6.0625,0.0860586382926536,1.7752,0.4265922643461787,-16.32,Nb75-Ta25,0.0,0.25,0.0,0.75,B2_TERN_SOL_102_Ru_Zr87_Ta12,0.5,0.0,0.0,0.4375,0.0,0.0,0.0,0.0625,0.0,0.0,0.0,0.0,0.0
Nb75-Ta25,B2_TERN_SOL_103_Ru_Zr75_Ta25,-0.0227308484925181,3.31909493,3.244496924,-0.863325979,6.125,0.0831528643327091,1.7854,0.4177664898002233,-14.64,Nb75-Ta25,0.0,0.25,0.0,0.75,B2_TERN_SOL_103_Ru_Zr75_Ta25,0.5,0.0,0.0,0.375,0.0,0.0,0.0,0.125,0.0,0.0,0.0,0.0,0.0
Nb75-Ta25,B2_TERN_SOL_104_Ru_Zr87_W12,-0.25077175058055334,3.31909493,2.579495061,-0.814514579,6.125,0.0870934949098326,1.8268,0.4419205358432667,-16.56,Nb75-Ta25,0.0,0.25,0.0,0.75,B2_TERN_SOL_104_Ru_Zr87_W12,0.5,0.0,0.0,0.4375,0.0,0.0,0.0,0.0,0.0625,0.0,0.0,0.0,0.0
Nb75-Ta25,B2_TERN_SOL_105_Ru_Zr75_W25,-0.027385718411783895,3.31909493,3.229426942,-0.661370427,6.25,0.084783177312234,1.8886,0.4401409319752027,-15.12,Nb75-Ta25,0.0,0.25,0.0,0.75,B2_TERN_SOL_105_Ru_Zr75_W25,0.5,0.0,0.0,0.375,0.0,0.0,0.0,0.0,0.125,0.0,0.0,0.0,0.0
Nb75-Ta25,B2_TERN_SOL_106_Ru_Zr87_V12,-0.25359136088074863,3.31909493,2.572114963,-0.856520623,6.0625,0.0887380403728719,1.783,0.4226594373724548,-16.08,Nb75-Ta25,0.0,0.25,0.0,0.75,B2_TERN_SOL_106_Ru_Zr87_V12,0.5,0.0,0.0,0.4375,0.0,0.0,0.0,0.0,0.0,0.0625,0.0,0.0,0.0
Nb75-Ta25,B2_TERN_SOL_107_Ru_Zr75_V25,-0.033923079119544515,3.31909493,3.208378924,-0.759667971,6.125,0.0877123126458997,1.8010000000000002,0.4091564492953766,-14.16,Nb75-Ta25,0.0,0.25,0.0,0.75,B2_TERN_SOL_107_Ru_Zr75_V25,0.5,0.0,0.0,0.375,0.0,0.0,0.0,0.0,0.0,0.125,0.0,0.0,0.0
Nb75-Ta25,B2_PENALTY_108_Ru100Al0_Hf,0.4296074350849429,3.31909493,5.135083991,-1.187745448,6.0,0.0821917808219178,1.75,0.45,-15.0,Nb75-Ta25,0.0,0.25,0.0,0.75,B2_PENALTY_108_Ru100Al0_Hf,0.5,0.5,0.0,0.0,0.0,0.0,0.0,0.0,0.0,0.0,0.0,0.0,0.0
Nb75-Ta25,B2_PENALTY_109_Ru87Al12_Hf,-0.25096246679593015,3.31909493,2.578995294,-1.06443911,5.6875,0.0794670531912796,1.7146,0.4362027510229618,-15.312,Nb75-Ta25,0.0,0.25,0.0,0.75,B2_PENALTY_109_Ru87Al12_Hf,0.4375,0.5,0.0,0.0,0.0625,0.0,0.0,0.0,0.0,0.0,0.0,0.0,0.0
Nb75-Ta25,B2_PENALTY_110_Ru75Al25_Hf,-0.016502157890333075,3.31909493,3.264770933,-0.95574225,5.375,0.0765104674756606,1.6792000000000002,0.4189741758151689,-15.048,Nb75-Ta25,0.0,0.25,0.0,0.75,B2_PENALTY_110_Ru75Al25_Hf,0.375,0.5,0.0,0.0,0.125,0.0,0.0,0.0,0.0,0.0,0.0,0.0,0.0
Nb75-Ta25,B2_PENALTY_111_Ru62Al37_Hf,-0.24144580289088133,3.31909493,2.60403723,-0.842813539,5.0625,0.072734714189907,1.6379,0.3939322149812072,-14.012,Nb75-Ta25,0.0,0.25,0.0,0.75,B2_PENALTY_111_Ru62Al37_Hf,0.3125,0.5,0.0,0.0,0.1875,0.0,0.0,0.0,0.0,0.0,0.0,0.0,0.0
Nb75-Ta25,B2_PENALTY_112_Ru50Al50_Hf,0.22313423098118218,3.31909493,4.152701731,-0.729649314,4.75,0.0691810843061248,1.6025,0.3674489760497368,-12.5,Nb75-Ta25,0.0,0.25,0.0,0.75,B2_PENALTY_112_Ru50Al50_Hf,0.25,0.5,0.0,0.0,0.25,0.0,0.0,0.0,0.0,0.0,0.0,0.0,0.0
Nb75-Ta25,B2_PENALTY_113_Ru87Cr12_Hf,-0.2572744363459646,3.31909493,2.562502587,-1.035615577,5.875,0.0853931303142513,1.7176,0.4356446258132884,-12.672,Nb75-Ta25,0.0,0.25,0.0,0.75,B2_PENALTY_113_Ru87Cr12_Hf,0.4375,0.5,0.0,0.0,0.0,0.0,0.0,0.0,0.0,0.0,0.0625,0.0,0.0
Nb75-Ta25,B2_PENALTY_114_Ru75Cr25_Hf,-0.02862555779606051,3.31909493,3.225424668,-0.878162691,5.75,0.0884389348964152,1.6852000000000005,0.4182976930369089,-10.488,Nb75-Ta25,0.0,0.25,0.0,0.75,B2_PENALTY_114_Ru75Cr25_Hf,0.375,0.5,0.0,0.0,0.0,0.0,0.0,0.0,0.0,0.0,0.125,0.0,0.0
Nb75-Ta25,B2_PENALTY_115_Ru62Cr37_Hf,-0.2594945762552487,3.31909493,2.556723432,-0.716377173,5.625,0.0918154837201231,1.6474000000000002,0.3937476857074846,-8.122,Nb75-Ta25,0.0,0.25,0.0,0.75,B2_PENALTY_115_Ru62Cr37_Hf,0.3125,0.5,0.0,0.0,0.0,0.0,0.0,0.0,0.0,0.0,0.1875,0.0,0.0
Nb75-Ta25,B2_PENALTY_116_Ru50Cr50_Hf,0.1992421083708548,3.31909493,4.053567315,-0.552796357,5.5,0.09457197487001,1.615,0.3683408747342603,-6.25,Nb75-Ta25,0.0,0.25,0.0,0.75,B2_PENALTY_116_Ru50Cr50_Hf,0.25,0.5,0.0,0.0,0.0,0.0,0.0,0.0,0.0,0.0,0.25,0.0,0.0
Nb75-Ta25,B2_PENALTY_117_Ru87Cu12_Hf,-0.2546158193587674,3.31909493,2.569438099,-1.045192975,6.1875,0.0853931303142513,1.7320000000000002,0.4374654272053965,-14.4672,Nb75-Ta25,0.0,0.25,0.0,0.75,B2_PENALTY_117_Ru87Cu12_Hf,0.4375,0.5,0.0,0.0,0.0,0.0,0.0,0.0,0.0,0.0,0.0,0.0625,0.0
Nb75-Ta25,B2_PENALTY_118_Ru75Cu25_Hf,-0.025271884089215466,3.31909493,3.236261822,-0.923389889,6.375,0.0884389348964152,1.7140000000000002,0.4237971212738473,-13.5888,Nb75-Ta25,0.0,0.25,0.0,0.75,B2_PENALTY_118_Ru75Cu25_Hf,0.375,0.5,0.0,0.0,0.0,0.0,0.0,0.0,0.0,0.0,0.0,0.125,0.0
Nb75-Ta25,B2_PENALTY_119_Ru62Cu37_Hf,-0.2550612624029525,3.31909493,2.568274935,-0.799684359,6.5625,0.0918154837201231,1.693,0.4062646920420233,-12.1272,Nb75-Ta25,0.0,0.25,0.0,0.75,B2_PENALTY_119_Ru62Cu37_Hf,0.3125,0.5,0.0,0.0,0.0,0.0,0.0,0.0,0.0,0.0,0.0,0.1875,0.0
Nb75-Ta25,B2_PENALTY_120_Ru50Cu50_Hf,0.2048697894416175,3.31909493,4.076680397,-0.677358279,6.75,0.09457197487001,1.675,0.3897114317029974,-10.5,Nb75-Ta25,0.0,0.25,0.0,0.75,B2_PENALTY_120_Ru50Cu50_Hf,0.25,0.5,0.0,0.0,0.0,0.0,0.0,0.0,0.0,0.0,0.0,0.25,0.0
Nb75-Ta25,B2_PENALTY_121_Ru87Si12_Hf,-0.25281004681267144,3.31909493,2.574158138,-1.089550642,5.75,0.0937602843775687,1.7320000000000002,0.4374654272053965,-12.3552,Nb75-Ta25,0.0,0.25,0.0,0.75,B2_PENALTY_121_Ru87Si12_Hf,0.4375,0.5,0.0,0.0,0.0,0.0,0.0,0.0,0.0,0.0,0.0,0.0,0.0625
Nb75-Ta25,B2_PENALTY_122_Ru75Si25_Hf,-0.021524909569575965,3.31909493,3.248412429,-1.009713639,5.5,0.1038426921242283,1.7140000000000002,0.4237971212738473,-9.9408,Nb75-Ta25,0.0,0.25,0.0,0.75,B2_PENALTY_122_Ru75Si25_Hf,0.375,0.5,0.0,0.0,0.0,0.0,0.0,0.0,0.0,0.0,0.0,0.0,0.125
Nb75-Ta25,B2_PENALTY_123_Ru62Si37_Hf,-0.2493866883578961,3.31909493,2.583127124,-0.920694427,5.25,0.1142356063938751,1.693,0.4062646920420233,-7.4152,Nb75-Ta25,0.0,0.25,0.0,0.75,B2_PENALTY_123_Ru62Si37_Hf,0.3125,0.5,0.0,0.0,0.0,0.0,0.0,0.0,0.0,0.0,0.0,0.0,0.1875
Nb75-Ta25,B2_PENALTY_124_Ru50Si50_Hf,0.2124172761200285,3.31909493,4.107906653,-0.838327211,5.0,0.1222287117389678,1.6750000000000005,0.3897114317029974,-5.5,Nb75-Ta25,0.0,0.25,0.0,0.75,B2_PENALTY_124_Ru50Si50_Hf,0.25,0.5,0.0,0.0,0.0,0.0,0.0,0.0,0.0,0.0,0.0,0.0,0.25
Nb75-Ta25,B2_PENALTY_125_Ru100Al0_Ti,0.3810873884658273,3.31909493,4.881705796,-1.057956866,6.0,0.0462633451957295,1.87,0.33,-10.0,Nb75-Ta25,0.0,0.25,0.0,0.75,B2_PENALTY_125_Ru100Al0_Ti,0.5,0.0,0.5,0.0,0.0,0.0,0.0,0.0,0.0,0.0,0.0,0.0,0.0
Nb75-Ta25,B2_PENALTY_126_Ru87Al12_Ti,-0.30113201738719725,3.31909493,2.450404438,-0.970267174,5.6875,0.0447291357659921,1.8346,0.3242974560492266,-10.912,Nb75-Ta25,0.0,0.25,0.0,0.75,B2_PENALTY_126_Ru87Al12_Ti,0.4375,0.0,0.5,0.0,0.0625,0.0,0.0,0.0,0.0,0.0,0.0,0.0,0.0
Nb75-Ta25,B2_PENALTY_127_Ru75Al25_Ti,-0.06836167308685878,3.31909493,3.09969531,-0.88819063,5.375,0.0428259601061415,1.7992,0.3145335594177512,-11.248,Nb75-Ta25,0.0,0.25,0.0,0.75,B2_PENALTY_127_Ru75Al25_Ti,0.375,0.0,0.5,0.0,0.125,0.0,0.0,0.0,0.0,0.0,0.0,0.0,0.0
Nb75-Ta25,B2_PENALTY_128_Ru62Al37_Ti,-0.29279835988217096,3.31909493,2.471374896,-0.804440265,5.0625,0.0400790404298587,1.7579,0.2974669561480737,-10.912,Nb75-Ta25,0.0,0.25,0.0,0.75,B2_PENALTY_128_Ru62Al37_Ti,0.3125,0.0,0.5,0.0,0.1875,0.0,0.0,0.0,0.0,0.0,0.0,0.0,0.0
Nb75-Ta25,B2_PENALTY_129_Ru50Al50_Ti,0.17095699167243392,3.31909493,3.939553259,-0.713701673,4.75,0.0371922251866817,1.7225,0.2771619562638422,-10.0,Nb75-Ta25,0.0,0.25,0.0,0.75,B2_PENALTY_129_Ru50Al50_Ti,0.25,0.0,0.5,0.0,0.25,0.0,0.0,0.0,0.0,0.0,0.0,0.0,0.0
Nb75-Ta25,B2_PENALTY_130_Ru87Cr12_Ti,-0.30753387978302427,3.31909493,2.434397938,-0.94270459,5.875,0.0499298619726951,1.8376,0.3224317602222213,-8.272,Nb75-Ta25,0.0,0.25,0.0,0.75,B2_PENALTY_130_Ru87Cr12_Ti,0.4375,0.0,0.5,0.0,0.0,0.0,0.0,0.0,0.0,0.0,0.0625,0.0,0.0
Nb75-Ta25,B2_PENALTY_131_Ru75Cr25_Ti,-0.08075992726021802,3.31909493,3.061448806,-0.80961964,5.75,0.0532543770850372,1.8052,0.3113277372801852,-6.688,Nb75-Ta25,0.0,0.25,0.0,0.75,B2_PENALTY_131_Ru75Cr25_Ti,0.375,0.0,0.5,0.0,0.0,0.0,0.0,0.0,0.0,0.0,0.125,0.0,0.0
Nb75-Ta25,B2_PENALTY_132_Ru62Cr37_Ti,-0.31152238838471674,3.31909493,2.424470344,-0.675679922,5.625,0.0567786551293567,1.7674,0.2933619607242902,-5.022,Nb75-Ta25,0.0,0.25,0.0,0.75,B2_PENALTY_132_Ru62Cr37_Ti,0.3125,0.0,0.5,0.0,0.0,0.0,0.0,0.0,0.0,0.0,0.1875,0.0,0.0
Nb75-Ta25,B2_PENALTY_133_Ru50Cr50_Ti,0.1454400733926101,3.31909493,3.839681408,-0.538077974,5.5,0.0595429689109598,1.735,0.2729010809799038,-3.75,Nb75-Ta25,0.0,0.25,0.0,0.75,B2_PENALTY_133_Ru50Cr50_Ti,0.25,0.0,0.5,0.0,0.0,0.0,0.0,0.0,0.0,0.0,0.25,0.0,0.0
Nb75-Ta25,B2_PENALTY_134_Ru87Cu12_Ti,-0.3047699722511531,3.31909493,2.441297595,-0.919729937,6.1875,0.0499298619726951,1.852,0.3195246469366644,-10.0672,Nb75-Ta25,0.0,0.25,0.0,0.75,B2_PENALTY_134_Ru87Cu12_Ti,0.4375,0.0,0.5,0.0,0.0,0.0,0.0,0.0,0.0,0.0,0.0,0.0625,0.0
Nb75-Ta25,B2_PENALTY_135_Ru75Cu25_Ti,-0.07645564953978204,3.31909493,3.074675013,-0.801717189,6.375,0.0532543770850372,1.834,0.3076426498390625,-9.7888,Nb75-Ta25,0.0,0.25,0.0,0.75,B2_PENALTY_135_Ru75Cu25_Ti,0.375,0.0,0.5,0.0,0.0,0.0,0.0,0.0,0.0,0.0,0.0,0.125,0.0
Nb75-Ta25,B2_PENALTY_136_Ru62Cu37_Ti,-0.3052188706287044,3.31909493,2.440175866,-0.680640909,6.5625,0.0567786551293567,1.813,0.2917721713940519,-9.0272,Nb75-Ta25,0.0,0.25,0.0,0.75,B2_PENALTY_136_Ru62Cu37_Ti,0.3125,0.0,0.5,0.0,0.0,0.0,0.0,0.0,0.0,0.0,0.0,0.1875,0.0
Nb75-Ta25,B2_PENALTY_137_Ru50Cu50_Ti,0.15396568053995482,3.31909493,3.872743044,-0.557797759,6.75,0.0595429689109598,1.7950000000000002,0.2761792895928295,-8.0,Nb75-Ta25,0.0,0.25,0.0,0.75,B2_PENALTY_137_Ru50Cu50_Ti,0.25,0.0,0.5,0.0,0.0,0.0,0.0,0.0,0.0,0.0,0.0,0.25,0.0
Nb75-Ta25,B2_PENALTY_138_Ru87Si12_Ti,-0.303749715828601,3.31909493,2.443848687,-0.989505902,5.75,0.0607546208741894,1.852,0.3195246469366644,-7.9552,Nb75-Ta25,0.0,0.25,0.0,0.75,B2_PENALTY_138_Ru87Si12_Ti,0.4375,0.0,0.5,0.0,0.0,0.0,0.0,0.0,0.0,0.0,0.0,0.0,0.0625
Nb75-Ta25,B2_PENALTY_139_Ru75Si25_Ti,-0.07406322624652006,3.31909493,3.0820502,-0.93611645,5.5,0.0719655963958058,1.834,0.3076426498390625,-6.1408,Nb75-Ta25,0.0,0.25,0.0,0.75,B2_PENALTY_139_Ru75Si25_Ti,0.375,0.0,0.5,0.0,0.0,0.0,0.0,0.0,0.0,0.0,0.0,0.0,0.125
Nb75-Ta25,B2_PENALTY_140_Ru62Si37_Ti,-0.3019036980201641,3.31909493,2.448470295,-0.869757039,5.25,0.0826499299050591,1.813,0.2917721713940519,-4.3152,Nb75-Ta25,0.0,0.25,0.0,0.75,B2_PENALTY_140_Ru62Si37_Ti,0.3125,0.0,0.5,0.0,0.0,0.0,0.0,0.0,0.0,0.0,0.0,0.0,0.1875
Nb75-Ta25,B2_PENALTY_141_Ru50Si50_Ti,0.15848810981522596,3.31909493,3.890404933,-0.808674347,5.0,0.090393746324797,1.795,0.2761792895928295,-3.0,Nb75-Ta25,0.0,0.25,0.0,0.75,B2_PENALTY_141_Ru50Si50_Ti,0.25,0.0,0.5,0.0,0.0,0.0,0.0,0.0,0.0,0.0,0.0,0.0,0.25
Nb75-Ta25,B2_PENALTY_142_Ru100Al0_Zr,0.4405460986668144,3.31909493,5.194385147,-0.960777489,6.0,0.0884353741496598,1.765,0.435,-18.0,Nb75-Ta25,0.0,0.25,0.0,0.75,B2_PENALTY_142_Ru100Al0_Zr,0.5,0.0,0.0,0.5,0.0,0.0,0.0,0.0,0.0,0.0,0.0,0.0,0.0
Nb75-Ta25,B2_PENALTY_143_Ru87Al12_Zr,-0.23966992984203822,3.31909493,2.608733784,-0.873588029,5.6875,0.0856069896776228,1.7296,0.421971373436635,-17.951999999999998,Nb75-Ta25,0.0,0.25,0.0,0.75,B2_PENALTY_143_Ru87Al12_Zr,0.4375,0.0,0.0,0.5,0.0625,0.0,0.0,0.0,0.0,0.0,0.0,0.0,0.0
Nb75-Ta25,B2_PENALTY_144_Ru75Al25_Zr,-0.005046298336939332,3.31909493,3.302387941,-0.797935587,5.375,0.0825630715605787,1.6942000000000002,0.4054483444287324,-17.328,Nb75-Ta25,0.0,0.25,0.0,0.75,B2_PENALTY_144_Ru75Al25_Zr,0.375,0.0,0.0,0.5,0.125,0.0,0.0,0.0,0.0,0.0,0.0,0.0,0.0
Nb75-Ta25,B2_PENALTY_145_Ru62Al37_Zr,-0.23022747207964916,3.31909493,2.633831346,-0.726652657,5.0625,0.0787099182537501,1.6529,0.381143791763686,-15.872,Nb75-Ta25,0.0,0.25,0.0,0.75,B2_PENALTY_145_Ru62Al37_Zr,0.3125,0.0,0.0,0.5,0.1875,0.0,0.0,0.0,0.0,0.0,0.0,0.0,0.0
Nb75-Ta25,B2_PENALTY_146_Ru50Al50_Zr,0.23414553952196349,3.31909493,4.199293486,-0.654418284,4.75,0.0751158704347694,1.6175000000000002,0.3552024070864386,-14.0,Nb75-Ta25,0.0,0.25,0.0,0.75,B2_PENALTY_146_Ru50Al50_Zr,0.25,0.0,0.0,0.5,0.25,0.0,0.0,0.0,0.0,0.0,0.0,0.0,0.0
Nb75-Ta25,B2_PENALTY_147_Ru87Cr12_Zr,-0.24594220778710263,3.31909493,2.592179044,-0.824075051,5.875,0.0915913075118357,1.7326,0.4212875977286776,-15.312,Nb75-Ta25,0.0,0.25,0.0,0.75,B2_PENALTY_147_Ru87Cr12_Zr,0.4375,0.0,0.0,0.5,0.0,0.0,0.0,0.0,0.0,0.0,0.0625,0.0,0.0
Nb75-Ta25,B2_PENALTY_148_Ru75Cr25_Zr,-0.017349458554712906,3.31909493,3.262005664,-0.675888976,5.75,0.0946071432924222,1.7002000000000002,0.4045268347093924,-12.768,Nb75-Ta25,0.0,0.25,0.0,0.75,B2_PENALTY_148_Ru75Cr25_Zr,0.375,0.0,0.0,0.5,0.0,0.0,0.0,0.0,0.0,0.0,0.125,0.0,0.0
Nb75-Ta25,B2_PENALTY_149_Ru62Cr37_Zr,-0.24848242747286983,3.31909493,2.585500791,-0.525764636,5.625,0.097964971374696,1.6624,0.3805788223219995,-9.982,Nb75-Ta25,0.0,0.25,0.0,0.75,B2_PENALTY_149_Ru62Cr37_Zr,0.3125,0.0,0.0,0.5,0.0,0.0,0.0,0.0,0.0,0.0,0.1875,0.0,0.0
Nb75-Ta25,B2_PENALTY_150_Ru50Cr50_Zr,0.2101076302979941,3.31909493,4.09832298,-0.377855166,5.5,0.100717188245724,1.63,0.355598087733891,-7.75,Nb75-Ta25,0.0,0.25,0.0,0.75,B2_PENALTY_150_Ru50Cr50_Zr,0.25,0.0,0.0,0.5,0.0,0.0,0.0,0.0,0.0,0.0,0.25,0.0,0.0
Nb75-Ta25,B2_PENALTY_151_Ru87Cu12_Zr,-0.24349760706730494,3.31909493,2.598620194,-0.842497728,6.1875,0.0915913075118357,1.747,0.4226594373724548,-17.1072,Nb75-Ta25,0.0,0.25,0.0,0.75,B2_PENALTY_151_Ru87Cu12_Zr,0.4375,0.0,0.0,0.5,0.0,0.0,0.0,0.0,0.0,0.0,0.0,0.0625,0.0
Nb75-Ta25,B2_PENALTY_152_Ru75Cu25_Zr,-0.013963591936105706,3.31909493,3.273069781,-0.744916574,6.375,0.0946071432924222,1.729,0.4091564492953766,-15.8688,Nb75-Ta25,0.0,0.25,0.0,0.75,B2_PENALTY_152_Ru75Cu25_Zr,0.375,0.0,0.0,0.5,0.0,0.0,0.0,0.0,0.0,0.0,0.0,0.125,0.0
Nb75-Ta25,B2_PENALTY_153_Ru62Cu37_Zr,-0.24386570103889493,3.31909493,2.597649425,-0.643740809,6.5625,0.097964971374696,1.708,0.3917728933961614,-13.9872,Nb75-Ta25,0.0,0.25,0.0,0.75,B2_PENALTY_153_Ru62Cu37_Zr,0.3125,0.0,0.0,0.5,0.0,0.0,0.0,0.0,0.0,0.0,0.0,0.1875,0.0
Nb75-Ta25,B2_PENALTY_154_Ru50Cu50_Zr,0.2163590269685329,3.31909493,4.124319928,-0.545283305,6.75,0.100717188245724,1.6900000000000002,0.3752998800959041,-12.0,Nb75-Ta25,0.0,0.25,0.0,0.75,B2_PENALTY_154_Ru50Cu50_Zr,0.25,0.0,0.0,0.5,0.0,0.0,0.0,0.0,0.0,0.0,0.0,0.25,0.0
Nb75-Ta25,B2_PENALTY_155_Ru87Si12_Zr,-0.24165369942717793,3.31909493,2.603487904,-0.898605077,5.75,0.0996987498196708,1.747,0.4226594373724548,-14.9952,Nb75-Ta25,0.0,0.25,0.0,0.75,B2_PENALTY_155_Ru87Si12_Zr,0.4375,0.0,0.0,0.5,0.0,0.0,0.0,0.0,0.0,0.0,0.0,0.0,0.0625
Nb75-Ta25,B2_PENALTY_156_Ru75Si25_Zr,-0.010196844603831459,3.31909493,3.285422312,-0.857108746,5.5,0.1096308366502065,1.729,0.4091564492953766,-12.2208,Nb75-Ta25,0.0,0.25,0.0,0.75,B2_PENALTY_156_Ru75Si25_Zr,0.375,0.0,0.0,0.5,0.0,0.0,0.0,0.0,0.0,0.0,0.0,0.0,0.125
Nb75-Ta25,B2_PENALTY_157_Ru62Si37_Zr,-0.2384485414429351,3.31909493,2.611968248,-0.806319256,5.25,0.1199620550667942,1.708,0.3917728933961614,-9.2752,Nb75-Ta25,0.0,0.25,0.0,0.75,B2_PENALTY_157_Ru62Si37_Zr,0.3125,0.0,0.0,0.5,0.0,0.0,0.0,0.0,0.0,0.0,0.0,0.0,0.1875
Nb75-Ta25,B2_PENALTY_158_Ru50Si50_Zr,0.22259546245351206,3.31909493,4.150436873,-0.770078956,5.0,0.127965781170799,1.69,0.3752998800959041,-7.0,Nb75-Ta25,0.0,0.25,0.0,0.75,B2_PENALTY_158_Ru50Si50_Zr,0.25,0.0,0.0,0.5,0.0,0.0,0.0,0.0,0.0,0.0,0.0,0.0,0.25
Nb75-Ta25,B2_MULTI_159_A_Ru87_Al12_B_HfTi,-0.2743358692628148,3.31909493,2.518380484,-0.993246203,5.6875,0.0678797217863284,1.7746000000000002,0.3889997943444186,-13.112,Nb75-Ta25,0.0,0.25,0.0,0.75,B2_MULTI_159_A_Ru87_Al12_B_HfTi,0.4375,0.25,0.25,0.0,0.0625,0.0,0.0,0.0,0.0,0.0,0.0,0.0,0.0
Nb75-Ta25,B2_MULTI_160_A_Ru75_Al25_B_HfTi,-0.04077990414784134,3.31909493,3.186447237,-0.900034303,5.375,0.0654597746128897,1.7392,0.3752803751863399,-13.148,Nb75-Ta25,0.0,0.25,0.0,0.75,B2_MULTI_160_A_Ru75_Al25_B_HfTi,0.375,0.25,0.25,0.0,0.125,0.0,0.0,0.0,0.0,0.0,0.0,0.0,0.0
Nb75-Ta25,B2_MULTI_161_A_Ru87_Al12_B_HfZr,-0.24525672481062805,3.31909493,2.593983772,-0.966894404,5.6875,0.0826853853075511,1.7221000000000002,0.4292115911761937,-16.631999999999998,Nb75-Ta25,0.0,0.25,0.0,0.75,B2_MULTI_161_A_Ru87_Al12_B_HfZr,0.4375,0.25,0.0,0.25,0.0625,0.0,0.0,0.0,0.0,0.0,0.0,0.0,0.0
Nb75-Ta25,B2_MULTI_162_A_Ru75_Al25_B_HfZr,-0.010685119997285622,3.31909493,3.283818469,-0.87583034,5.375,0.0796873228030491,1.6867,0.4123349487976978,-16.188,Nb75-Ta25,0.0,0.25,0.0,0.75,B2_MULTI_162_A_Ru75_Al25_B_HfZr,0.375,0.25,0.0,0.25,0.125,0.0,0.0,0.0,0.0,0.0,0.0,0.0,0.0
Nb75-Ta25,B2_MULTI_163_A_Ru87_Al12_B_HfAl,-0.283366381361725,3.31909493,2.495293785,-4.954411074,2.8125,0.0553065594713224,1.8678,0.3451393341825878,-18.8,Nb75-Ta25,0.0,0.25,0.0,0.75,B2_MULTI_163_A_Ru87_Al12_B_HfAl,0.25,0.0625,0.0,0.0,0.1875,0.0,0.0,0.0,0.0,0.0,0.0,0.0,0.0
Nb75-Ta25,B2_MULTI_163_A_Ru87_Al13_B_HfAl,-0.28349864262642,3.31909493,2.494957013,-1.044063929,5.4375,0.0671169315930914,1.7921,0.3795109879832204,-17.512,Nb75-Ta25,0.0,0.25,0.0,0.75,B2_MULTI_163_A_Ru87_Al13_B_HfAl,0.4375,0.25,0.0,0.0,0.3125,0.0,0.0,0.0,0.0,0.0,0.0,0.0,0.0
Nb75-Ta25,B2_MULTI_164_A_Ru75_Al25_B_HfAl,-0.048839813886702096,3.31909493,3.160855152,-0.932800309,5.125,0.0647257979106258,1.7552475247524757,0.3655934929642944,-16.912067444368198,Nb75-Ta25,0.0,0.25,0.0,0.75,B2_MULTI_164_A_Ru75_Al25_B_HfAl,0.375,0.25,0.0,0.0,0.375,0.0,0.0,0.0,0.0,0.0,0.0,0.0,0.0
Nb75-Ta25,B2_MULTI_165_A_Ru87_Al12_B_TiZr,-0.26839576383746533,3.31909493,2.533666714,-0.881935538,5.6875,0.0727621617453034,1.7821000000000002,0.3799613006610016,-14.432,Nb75-Ta25,0.0,0.25,0.0,0.75,B2_MULTI_165_A_Ru87_Al12_B_TiZr,0.4375,0.0,0.25,0.25,0.0625,0.0,0.0,0.0,0.0,0.0,0.0,0.0,0.0
Nb75-Ta25,B2_MULTI_166_A_Ru75_Al25_B_TiZr,-0.03455182438570197,3.31909493,3.206361714,-0.808063227,5.375,0.0703058182976203,1.7467,0.3666280267519111,-14.288,Nb75-Ta25,0.0,0.25,0.0,0.75,B2_MULTI_166_A_Ru75_Al25_B_TiZr,0.375,0.0,0.25,0.25,0.125,0.0,0.0,0.0,0.0,0.0,0.0,0.0,0.0
Nb75-Ta25,B2_MULTI_167_A_Ru87_Al12_B_TiAl,-0.31148135326568155,3.31909493,2.424572308,-5.952786629,1.5,0.0273038199437399,1.694324324324325,0.2239032192052839,-9.817384952520088,Nb75-Ta25,0.0,0.25,0.0,0.75,B2_MULTI_167_A_Ru87_Al12_B_TiAl,0.0625,0.0,0.0625,0.0,0.25,0.0,0.0,0.0,0.0,0.0,0.0,0.0,0.0
Nb75-Ta25,B2_MULTI_167_A_Ru87_Al13_B_TiAl,-0.3115224688755743,3.31909493,2.424470144,-1.021190861,5.4375,0.0396803315535911,1.8521,0.309477931361834,-15.312,Nb75-Ta25,0.0,0.25,0.0,0.75,B2_MULTI_167_A_Ru87_Al13_B_TiAl,0.4375,0.0,0.25,0.0,0.3125,0.0,0.0,0.0,0.0,0.0,0.0,0.0,0.0
Nb75-Ta25,B2_MULTI_168_A_Ru75_Al25_B_TiAl,-0.07768173709202829,3.31909493,3.070901903,-0.941385339,5.125,0.0380980563492807,1.814653465346535,0.3004965012116891,-15.049504950495049,Nb75-Ta25,0.0,0.25,0.0,0.75,B2_MULTI_168_A_Ru75_Al25_B_TiAl,0.375,0.0,0.25,0.0,0.375,0.0,0.0,0.0,0.0,0.0,0.0,0.0,0.0
Nb75-Ta25,B2_MULTI_169_A_Ru87_Al12_B_ZrAl,-0.27665481859203217,3.31909493,2.512434563,-3.978965604,3.1875,0.0773292902137734,1.9146938775510205,0.3828683476015858,-17.35276967930029,Nb75-Ta25,0.0,0.25,0.0,0.75,B2_MULTI_169_A_Ru87_Al12_B_ZrAl,0.3125,0.0,0.0,0.125,0.0625,0.0,0.0,0.0,0.0,0.0,0.0,0.0,0.0
Nb75-Ta25,B2_MULTI_169_A_Ru87_Al13_B_ZrAl,-0.2766551699560534,3.31909493,2.512433663,-0.95203949,5.4375,0.0724611766706071,1.7996,0.3698862527859072,-18.832,Nb75-Ta25,0.0,0.25,0.0,0.75,B2_MULTI_169_A_Ru87_Al13_B_ZrAl,0.4375,0.0,0.0,0.25,0.3125,0.0,0.0,0.0,0.0,0.0,0.0,0.0,0.0
Nb75-Ta25,B2_MULTI_170_A_Ru75_Al25_B_ZrAl,-0.0427681233942275,3.31909493,3.180115415,-0.885427863,5.125,0.0699929276125827,1.762673267326733,0.356461962724668,-18.02960494069209,Nb75-Ta25,0.0,0.25,0.0,0.75,B2_MULTI_170_A_Ru75_Al25_B_ZrAl,0.375,0.0,0.0,0.25,0.375,0.0,0.0,0.0,0.0,0.0,0.0,0.0,0.0
Nb75-V25,B2_014_RuHf,-0.23271503462386103,3.24817106,2.571059804,-1.190557465,6.0,0.0821917808219178,1.75,0.45,-15.0,Nb75-V25,0.0,0.0,0.25,0.75,B2_014_RuHf,0.5,0.5,0.0,0.0,0.0,0.0,0.0,0.0,0.0,0.0,0.0,0.0,0.0
Nb75-V25,B2_015_RuTi,-0.2842539611834726,3.24817106,2.43976227,-1.048598035,6.0,0.0462633451957295,1.87,0.33,-10.0,Nb75-V25,0.0,0.0,0.25,0.75,B2_015_RuTi,0.5,0.0,0.5,0.0,0.0,0.0,0.0,0.0,0.0,0.0,0.0,0.0,0.0
Nb75-V25,B2_016_RuZr,-0.2236734852591237,3.24817106,2.59472104,-0.959079125,6.0,0.0884353741496598,1.765,0.435,-18.0,Nb75-V25,0.0,0.0,0.25,0.75,B2_016_RuZr,0.5,0.0,0.0,0.5,0.0,0.0,0.0,0.0,0.0,0.0,0.0,0.0,0.0
Nb75-V25,B2_017_RuAl,-0.30503727552741633,3.24817106,2.388477153,-1.00191235,5.5,0.0324909747292418,1.905,0.295,-20.0,Nb75-V25,0.0,0.0,0.25,0.75,B2_017_RuAl,0.5,0.0,0.0,0.0,0.5,0.0,0.0,0.0,0.0,0.0,0.0,0.0,0.0
Nb75-V25,MATRIX_BIN_018_Nb12_Mo87,-0.25386528655422613,3.24817106,2.516452193,-0.074598622,5.875,0.0162666672861703,2.0928,0.1819784602638455,-0.8448,Nb75-V25,0.0,0.0,0.25,0.75,MATRIX_BIN_018_Nb12_Mo87,0.0,0.0,0.0,0.0,0.0,0.875,0.125,0.0,0.0,0.0,0.0,0.0,0.0
Nb75-V25,MATRIX_BIN_019_Nb25_Mo75,-0.01855120204413908,3.24817106,3.18846737,-0.093096702,5.75,0.0215352675896663,2.02,0.2424871130596428,-1.5,Nb75-V25,0.0,0.0,0.25,0.75,MATRIX_BIN_019_Nb25_Mo75,0.0,0.0,0.0,0.0,0.0,0.75,0.25,0.0,0.0,0.0,0.0,0.0,0.0
Nb75-V25,MATRIX_BIN_020_Nb50_Mo50,0.2242016745755193,3.24817106,4.068360358,-0.068167471,5.5,0.0245614035087719,1.88,0.28,-2.0,Nb75-V25,0.0,0.0,0.25,0.75,MATRIX_BIN_020_Nb50_Mo50,0.0,0.0,0.0,0.0,0.0,0.5,0.5,0.0,0.0,0.0,0.0,0.0,0.0
Nb75-V25,MATRIX_BIN_021_Nb75_Mo25,0.008619828282788414,3.24817106,3.276290931,-0.003897255,5.25,0.0210127480987559,1.7400000000000002,0.2424871130596428,-1.5,Nb75-V25,0.0,0.0,0.25,0.75,MATRIX_BIN_021_Nb75_Mo25,0.0,0.0,0.0,0.0,0.0,0.25,0.75,0.0,0.0,0.0,0.0,0.0,0.0
Nb75-V25,MATRIX_BIN_022_Nb87_Mo12,-0.21452823536989749,3.24817106,2.618850201,0.026755452,5.125,0.0156705067050018,1.6672000000000002,0.1819784602638455,-0.8448,Nb75-V25,0.0,0.0,0.25,0.75,MATRIX_BIN_022_Nb87_Mo12,0.0,0.0,0.0,0.0,0.0,0.125,0.875,0.0,0.0,0.0,0.0,0.0,0.0
Nb75-V25,MATRIX_BIN_023_Nb12_Ta87,-0.21065121181113158,3.24817106,2.629139739,0.01664066,5.0,0.0,1.512,0.0324961536185438,-0.4224,Nb75-V25,0.0,0.0,0.25,0.75,MATRIX_BIN_023_Nb12_Ta87,0.0,0.0,0.0,0.0,0.0,0.0,0.125,0.875,0.0,0.0,0.0,0.0,0.0
Nb75-V25,MATRIX_BIN_024_Nb25_Ta75,0.020262041245052792,3.24817106,3.314659229,0.02257152,5.0,0.0,1.525,0.0433012701892219,-0.75,Nb75-V25,0.0,0.0,0.25,0.75,MATRIX_BIN_024_Nb25_Ta75,0.0,0.0,0.0,0.0,0.0,0.0,0.25,0.75,0.0,0.0,0.0,0.0,0.0
Nb75-V25,MATRIX_BIN_025_Nb50_Ta50,0.25125065613191433,3.24817106,4.181529649,0.032388069,5.0,0.0,1.55,0.05,-1.0,Nb75-V25,0.0,0.0,0.25,0.75,MATRIX_BIN_025_Nb50_Ta50,0.0,0.0,0.0,0.0,0.0,0.0,0.5,0.5,0.0,0.0,0.0,0.0,0.0
Nb75-V25,MATRIX_BIN_026_Nb75_Ta25,0.02255910629093117,3.24817106,3.322282844,0.043369138,5.0,0.0,1.5750000000000002,0.0433012701892219,-0.75,Nb75-V25,0.0,0.0,0.25,0.75,MATRIX_BIN_026_Nb75_Ta25,0.0,0.0,0.0,0.0,0.0,0.0,0.75,0.25,0.0,0.0,0.0,0.0,0.0
Nb75-V25,MATRIX_BIN_027_Nb87_Ta12,-0.2072909327307182,3.24817106,2.638087089,0.04776952,5.0,0.0,1.588,0.0324961536185438,-0.4224,Nb75-V25,0.0,0.0,0.25,0.75,MATRIX_BIN_027_Nb87_Ta12,0.0,0.0,0.0,0.0,0.0,0.0,0.875,0.125,0.0,0.0,0.0,0.0,0.0
Nb75-V25,MATRIX_BIN_028_Nb12_W87,-0.24856674096312725,3.24817106,2.53003601,-0.064576028,5.875,0.0162666672861703,2.2688,0.2469707675009331,-0.8448,Nb75-V25,0.0,0.0,0.25,0.75,MATRIX_BIN_028_Nb12_W87,0.0,0.0,0.0,0.0,0.0,0.0,0.125,0.0,0.875,0.0,0.0,0.0,0.0
Nb75-V25,MATRIX_BIN_029_Nb25_W75,-0.014286762492857942,3.24817106,3.202094355,-0.067975525,5.75,0.0215352675896663,2.17,0.3290896534380866,-1.5,Nb75-V25,0.0,0.0,0.25,0.75,MATRIX_BIN_029_Nb25_W75,0.0,0.0,0.0,0.0,0.0,0.0,0.25,0.0,0.75,0.0,0.0,0.0,0.0
Nb75-V25,MATRIX_BIN_030_Nb50_W50,0.2263125099872342,3.24817106,4.077067638,-0.024208031,5.5,0.0245614035087719,1.98,0.3799999999999999,-2.0,Nb75-V25,0.0,0.0,0.25,0.75,MATRIX_BIN_030_Nb50_W50,0.0,0.0,0.0,0.0,0.0,0.0,0.5,0.0,0.5,0.0,0.0,0.0,0.0
Nb75-V25,MATRIX_BIN_031_Nb75_W25,0.009186563946787579,3.24817106,3.278148285,0.026336168,5.25,0.0210127480987559,1.79,0.3290896534380866,-1.5,Nb75-V25,0.0,0.0,0.25,0.75,MATRIX_BIN_031_Nb75_W25,0.0,0.0,0.0,0.0,0.0,0.0,0.75,0.0,0.25,0.0,0.0,0.0,0.0
Nb75-V25,MATRIX_BIN_032_Nb87_W12,-0.21408067833830774,3.24817106,2.620036168,0.042204846,5.125,0.0156705067050018,1.6912,0.2469707675009331,-0.8448,Nb75-V25,0.0,0.0,0.25,0.75,MATRIX_BIN_032_Nb87_W12,0.0,0.0,0.0,0.0,0.0,0.0,0.875,0.0,0.125,0.0,0.0,0.0,0.0
Nb75-V25,MATRIX_BIN_033_Nb12_V87,-0.2976297534151446,3.24817106,2.406649618,0.08248568,5.0,0.0287916304948704,1.6263999999999998,0.009748846085563,-0.4224,Nb75-V25,0.0,0.0,0.25,0.75,MATRIX_BIN_033_Nb12_V87,0.0,0.0,0.0,0.0,0.0,0.0,0.125,0.0,0.0,0.875,0.0,0.0,0.0
Nb75-V25,MATRIX_BIN_034_Nb25_V75,-0.052892504651884886,3.24817106,3.080793662,0.119704924,5.0,0.0379281198737709,1.6225,0.0129903810567664,-0.75,Nb75-V25,0.0,0.0,0.25,0.75,MATRIX_BIN_034_Nb25_V75,0.0,0.0,0.0,0.0,0.0,0.0,0.25,0.0,0.0,0.75,0.0,0.0,0.0
Nb75-V25,MATRIX_BIN_035_Nb50_V50,0.20688127368834353,3.24817106,3.997687259,0.146260085,5.0,0.0428571428571428,1.615,0.0149999999999999,-1.0,Nb75-V25,0.0,0.0,0.25,0.75,MATRIX_BIN_035_Nb50_V50,0.0,0.0,0.0,0.0,0.0,0.0,0.5,0.0,0.0,0.5,0.0,0.0,0.0
Nb75-V25,MATRIX_BIN_036_Nb75_V25,0.0013400908882077811,3.24817106,3.252526823,0.114812331,5.0,0.0363367302287176,1.6075000000000002,0.0129903810567664,-0.75,Nb75-V25,0.0,0.0,0.25,0.75,MATRIX_BIN_036_Nb75_V25,0.0,0.0,0.0,0.0,0.0,0.0,0.75,0.0,0.0,0.25,0.0,0.0,0.0
Nb75-V25,MATRIX_BIN_037_Nb87_V12,-0.21780179307888786,3.24817106,2.61019026,0.086073827,5.0,0.0269752243651442,1.6036,0.009748846085563,-0.4224,Nb75-V25,0.0,0.0,0.25,0.75,MATRIX_BIN_037_Nb87_V12,0.0,0.0,0.0,0.0,0.0,0.0,0.875,0.0,0.0,0.125,0.0,0.0,0.0
Nb75-V25,MATRIX_BIN_038_Mo12_Ta87,-0.21808563828047053,3.24817106,2.609440574,-0.021898875,5.125,0.0156705067050018,1.5792000000000002,0.2144746138823893,-0.8448,Nb75-V25,0.0,0.0,0.25,0.75,MATRIX_BIN_038_Mo12_Ta87,0.0,0.0,0.0,0.0,0.0,0.125,0.0,0.875,0.0,0.0,0.0,0.0,0.0
Nb75-V25,MATRIX_BIN_039_Mo25_Ta75,0.005169953168675014,3.24817106,3.265007474,-0.045341345,5.25,0.0210127480987559,1.665,0.2857883832488648,-1.5,Nb75-V25,0.0,0.0,0.25,0.75,MATRIX_BIN_039_Mo25_Ta75,0.0,0.0,0.0,0.0,0.0,0.25,0.0,0.75,0.0,0.0,0.0,0.0,0.0
Nb75-V25,MATRIX_BIN_040_Mo50_Ta50,0.22134556845473943,3.24817106,4.056611707,-0.115010835,5.5,0.0245614035087719,1.83,0.33,-2.0,Nb75-V25,0.0,0.0,0.25,0.75,MATRIX_BIN_040_Mo50_Ta50,0.0,0.0,0.0,0.0,0.0,0.5,0.0,0.5,0.0,0.0,0.0,0.0,0.0
Nb75-V25,MATRIX_BIN_041_Mo75_Ta25,-0.02006816073383079,3.24817106,3.183633813,-0.13445637,5.75,0.0215352675896663,1.995,0.2857883832488648,-1.5,Nb75-V25,0.0,0.0,0.25,0.75,MATRIX_BIN_041_Mo75_Ta25,0.0,0.0,0.0,0.0,0.0,0.75,0.0,0.25,0.0,0.0,0.0,0.0,0.0
Nb75-V25,MATRIX_BIN_042_Mo87_Ta12,-0.25463782171529864,3.24817106,2.514476987,-0.10635318,5.875,0.0162666672861703,2.0808,0.2144746138823893,-0.8448,Nb75-V25,0.0,0.0,0.25,0.75,MATRIX_BIN_042_Mo87_Ta12,0.0,0.0,0.0,0.0,0.0,0.875,0.0,0.125,0.0,0.0,0.0,0.0,0.0
Nb75-V25,MATRIX_BIN_043_Mo12_W87,-0.25425645278799186,3.24817106,2.515451896,-0.03228228,6.0,0.0,2.336,0.0649923072370876,-0.4224,Nb75-V25,0.0,0.0,0.25,0.75,MATRIX_BIN_043_Mo12_W87,0.0,0.0,0.0,0.0,0.0,0.125,0.0,0.0,0.875,0.0,0.0,0.0,0.0
Nb75-V25,MATRIX_BIN_044_Mo25_W75,-0.025324189490116052,3.24817106,3.166942287,-0.031021756,6.0,0.0,2.31,0.0866025403784437,-0.75,Nb75-V25,0.0,0.0,0.25,0.75,MATRIX_BIN_044_Mo25_W75,0.0,0.0,0.0,0.0,0.0,0.25,0.0,0.0,0.75,0.0,0.0,0.0,0.0
Nb75-V25,MATRIX_BIN_045_Mo50_W50,0.20353780722099213,3.24817106,3.984201707,-0.031400886,6.0,0.0,2.26,0.0999999999999998,-1.0,Nb75-V25,0.0,0.0,0.25,0.75,MATRIX_BIN_045_Mo50_W50,0.0,0.0,0.0,0.0,0.0,0.5,0.0,0.0,0.5,0.0,0.0,0.0,0.0
Nb75-V25,MATRIX_BIN_046_Mo75_W25,-0.028286741288999034,3.24817106,3.157572258,-0.029765179,6.0,0.0,2.21,0.0866025403784437,-0.75,Nb75-V25,0.0,0.0,0.25,0.75,MATRIX_BIN_046_Mo75_W25,0.0,0.0,0.0,0.0,0.0,0.75,0.0,0.0,0.25,0.0,0.0,0.0,0.0
Nb75-V25,MATRIX_BIN_047_Mo87_W12,-0.2587477354649612,3.24817106,2.503991537,-0.029998622,6.0,0.0,2.184,0.0649923072370876,-0.4224,Nb75-V25,0.0,0.0,0.25,0.75,MATRIX_BIN_047_Mo87_W12,0.0,0.0,0.0,0.0,0.0,0.875,0.0,0.0,0.125,0.0,0.0,0.0,0.0
Nb75-V25,MATRIX_BIN_048_Mo12_V87,-0.30726755068063116,3.24817106,2.383028597,-0.006338223,5.125,0.0120713795016878,1.6936,0.1722296141782824,-0.4224,Nb75-V25,0.0,0.0,0.25,0.75,MATRIX_BIN_048_Mo12_V87,0.0,0.0,0.0,0.0,0.0,0.125,0.0,0.0,0.0,0.875,0.0,0.0,0.0
Nb75-V25,MATRIX_BIN_049_Mo25_V75,-0.07176119900619107,3.24817106,3.023152221,-0.037424369,5.25,0.0160078632862187,1.7625,0.2294967320028763,-0.75,Nb75-V25,0.0,0.0,0.25,0.75,MATRIX_BIN_049_Mo25_V75,0.0,0.0,0.0,0.0,0.0,0.25,0.0,0.0,0.0,0.75,0.0,0.0,0.0
Nb75-V25,MATRIX_BIN_050_Mo50_V50,0.1725448470555887,3.24817106,3.861543353,-0.097449414,5.5,0.0183150183150182,1.895,0.2650000000000001,-1.0,Nb75-V25,0.0,0.0,0.25,0.75,MATRIX_BIN_050_Mo50_V50,0.0,0.0,0.0,0.0,0.0,0.5,0.0,0.0,0.0,0.5,0.0,0.0,0.0
Nb75-V25,MATRIX_BIN_051_Mo75_V25,-0.04426384303571515,3.24817106,3.107507677,-0.114008179,5.75,0.0157173394516231,2.0275,0.2294967320028763,-0.75,Nb75-V25,0.0,0.0,0.25,0.75,MATRIX_BIN_051_Mo75_V25,0.0,0.0,0.0,0.0,0.0,0.75,0.0,0.0,0.0,0.25,0.0,0.0,0.0
Nb75-V25,MATRIX_BIN_052_Mo87_V12,-0.26644610016122694,3.24817106,2.484453351,-0.088360288,5.875,0.0117399398910924,2.0964,0.1722296141782824,-0.4224,Nb75-V25,0.0,0.0,0.25,0.75,MATRIX_BIN_052_Mo87_V12,0.0,0.0,0.0,0.0,0.0,0.875,0.0,0.0,0.0,0.125,0.0,0.0,0.0
Nb75-V25,MATRIX_BIN_053_Ta12_W87,-0.24922132226737156,3.24817106,2.528354403,-0.093051999,5.875,0.0162666672861703,2.2568,0.279466921119477,-0.4224,Nb75-V25,0.0,0.0,0.25,0.75,MATRIX_BIN_053_Ta12_W87,0.0,0.0,0.0,0.0,0.0,0.0,0.0,0.125,0.875,0.0,0.0,0.0,0.0
Nb75-V25,MATRIX_BIN_054_Ta25_W75,-0.01563085859070691,3.24817106,3.197793083,-0.107372831,5.75,0.0215352675896663,2.145,0.3723909236273086,-0.75,Nb75-V25,0.0,0.0,0.25,0.75,MATRIX_BIN_054_Ta25_W75,0.0,0.0,0.0,0.0,0.0,0.0,0.0,0.25,0.75,0.0,0.0,0.0,0.0
Nb75-V25,MATRIX_BIN_055_Ta50_W50,0.2241961570226714,3.24817106,4.068337625,-0.070797609,5.5,0.0245614035087719,1.93,0.4299999999999999,-1.0,Nb75-V25,0.0,0.0,0.25,0.75,MATRIX_BIN_055_Ta50_W50,0.0,0.0,0.0,0.0,0.0,0.0,0.0,0.5,0.5,0.0,0.0,0.0,0.0
Nb75-V25,MATRIX_BIN_056_Ta75_W25,0.006267153898223548,3.24817106,3.268591838,-0.021707099,5.25,0.0210127480987559,1.715,0.3723909236273086,-0.75,Nb75-V25,0.0,0.0,0.25,0.75,MATRIX_BIN_056_Ta75_W25,0.0,0.0,0.0,0.0,0.0,0.0,0.0,0.75,0.25,0.0,0.0,0.0,0.0
Nb75-V25,MATRIX_BIN_057_Ta87_W12,-0.2175914134892861,3.24817106,2.610746034,-0.005622646,5.125,0.0156705067050018,1.6032,0.279466921119477,-0.4224,Nb75-V25,0.0,0.0,0.25,0.75,MATRIX_BIN_057_Ta87_W12,0.0,0.0,0.0,0.0,0.0,0.0,0.0,0.875,0.125,0.0,0.0,0.0,0.0
Nb75-V25,MATRIX_BIN_058_Ta12_V87,-0.2979359794507173,3.24817106,2.405896049,0.06873568,5.0,0.0287916304948704,1.6143999999999998,0.0422449997041069,0.0,Nb75-V25,0.0,0.0,0.25,0.75,MATRIX_BIN_058_Ta12_V87,0.0,0.0,0.0,0.0,0.0,0.0,0.0,0.125,0.0,0.875,0.0,0.0,0.0
Nb75-V25,MATRIX_BIN_059_Ta25_V75,-0.05313735586574139,3.24817106,3.080038888,0.103170482,5.0,0.0379281198737709,1.5975,0.0562916512459884,0.0,Nb75-V25,0.0,0.0,0.25,0.75,MATRIX_BIN_059_Ta25_V75,0.0,0.0,0.0,0.0,0.0,0.0,0.0,0.25,0.0,0.75,0.0,0.0,0.0
Nb75-V25,MATRIX_BIN_060_Ta50_V50,0.20551658075016654,3.24817106,3.992176831,0.118279576,5.0,0.0428571428571428,1.565,0.0649999999999999,0.0,Nb75-V25,0.0,0.0,0.25,0.75,MATRIX_BIN_060_Ta50_V50,0.0,0.0,0.0,0.0,0.0,0.0,0.0,0.5,0.0,0.5,0.0,0.0,0.0
Nb75-V25,MATRIX_BIN_061_Ta75_V25,-0.0012093096710100414,3.24817106,3.244245389,0.083356798,5.0,0.0363367302287176,1.5325,0.0562916512459884,0.0,Nb75-V25,0.0,0.0,0.25,0.75,MATRIX_BIN_061_Ta75_V25,0.0,0.0,0.0,0.0,0.0,0.0,0.0,0.75,0.0,0.25,0.0,0.0,0.0
Nb75-V25,MATRIX_BIN_062_Ta87_V12,-0.2210718299814116,3.24817106,2.601565119,0.048231505,5.0,0.0269752243651442,1.5156,0.0422449997041069,0.0,Nb75-V25,0.0,0.0,0.25,0.75,MATRIX_BIN_062_Ta87_V12,0.0,0.0,0.0,0.0,0.0,0.0,0.0,0.875,0.0,0.125,0.0,0.0,0.0
Nb75-V25,MATRIX_BIN_063_W12_V87,-0.30581009656026076,3.24817106,2.38658796,0.007573578,5.125,0.0120713795016878,1.7175999999999998,0.23722192141537,0.0,Nb75-V25,0.0,0.0,0.25,0.75,MATRIX_BIN_063_W12_V87,0.0,0.0,0.0,0.0,0.0,0.0,0.0,0.0,0.125,0.875,0.0,0.0,0.0
Nb75-V25,MATRIX_BIN_064_W25_V75,-0.06868236137995287,3.24817106,3.032485885,-0.010397496,5.25,0.0160078632862187,1.8125,0.3160992723813201,0.0,Nb75-V25,0.0,0.0,0.25,0.75,MATRIX_BIN_064_W25_V75,0.0,0.0,0.0,0.0,0.0,0.0,0.0,0.0,0.25,0.75,0.0,0.0,0.0
Nb75-V25,MATRIX_BIN_065_W50_V50,0.17772579073083278,3.24817106,3.881757122,-0.05491275,5.5,0.0183150183150182,1.995,0.365,0.0,Nb75-V25,0.0,0.0,0.25,0.75,MATRIX_BIN_065_W50_V50,0.0,0.0,0.0,0.0,0.0,0.0,0.0,0.0,0.5,0.5,0.0,0.0,0.0
Nb75-V25,MATRIX_BIN_066_W75_V25,-0.037980356648234306,3.24817106,3.12710346,-0.09208095,5.75,0.0157173394516231,2.1775,0.3160992723813201,0.0,Nb75-V25,0.0,0.0,0.25,0.75,MATRIX_BIN_066_W75_V25,0.0,0.0,0.0,0.0,0.0,0.0,0.0,0.0,0.75,0.25,0.0,0.0,0.0
Nb75-V25,MATRIX_BIN_067_W87_V12,-0.26024142793739696,3.24817106,2.50019019,-0.084931073,5.875,0.0117399398910924,2.2724,0.23722192141537,0.0,Nb75-V25,0.0,0.0,0.25,0.75,MATRIX_BIN_067_W87_V12,0.0,0.0,0.0,0.0,0.0,0.0,0.0,0.0,0.875,0.125,0.0,0.0,0.0
Nb75-V25,MATRIX_TERN_068_Nb33_Mo33_Ta33,0.1369171618223834,3.24817106,3.725584467,-0.065262171,5.333333333,0.0229686657461987,1.7533333333333334,0.2904402788105596,-2.2222222222222228,Nb75-V25,0.0,0.0,0.25,0.75,MATRIX_TERN_068_Nb33_Mo33_Ta33,0.0,0.0,0.0,0.0,0.0,0.333333333,0.333333333,0.333333333,0.0,0.0,0.0,0.0,0.0
Nb75-V25,MATRIX_TERN_069_Nb33_Mo33_W33,0.12325931058931716,3.24817106,3.674833441,-0.049686914,5.666666667,0.0233478654165369,2.0400000000000005,0.3216623488483951,-2.2222222222222223,Nb75-V25,0.0,0.0,0.25,0.75,MATRIX_TERN_069_Nb33_Mo33_W33,0.0,0.0,0.0,0.0,0.0,0.333333333,0.333333333,0.0,0.333333333,0.0,0.0,0.0,0.0
Nb75-V25,MATRIX_TERN_070_Nb33_Mo33_V33,0.10655953124175294,3.24817106,3.613773878,-0.013214523,5.333333333,0.0352382411938744,1.7966666666666669,0.2572072229848058,-1.777777777777778,Nb75-V25,0.0,0.0,0.25,0.75,MATRIX_TERN_070_Nb33_Mo33_V33,0.0,0.0,0.0,0.0,0.0,0.333333333,0.333333333,0.0,0.0,0.333333333,0.0,0.0,0.0
Nb75-V25,MATRIX_TERN_071_Nb33_Ta33_W33,0.1381788584422938,3.24817106,3.730310358,-0.031019427,5.333333333,0.0229686657461987,1.82,0.3840138886377244,-1.777777777777778,Nb75-V25,0.0,0.0,0.25,0.75,MATRIX_TERN_071_Nb33_Ta33_W33,0.0,0.0,0.0,0.0,0.0,0.0,0.333333333,0.333333333,0.333333333,0.0,0.0,0.0,0.0
Nb75-V25,MATRIX_TERN_072_Nb33_Ta33_V33,0.12603691294986205,3.24817106,3.685094771,0.08652521,5.0,0.0398370017569885,1.5766666666666669,0.0555777733351102,-0.8888888888888891,Nb75-V25,0.0,0.0,0.25,0.75,MATRIX_TERN_072_Nb33_Ta33_V33,0.0,0.0,0.0,0.0,0.0,0.0,0.333333333,0.333333333,0.0,0.333333333,0.0,0.0,0.0
Nb75-V25,MATRIX_TERN_073_Nb33_W33_V33,0.10892179403793414,3.24817106,3.622345558,0.018775382,5.333333333,0.0352382411938744,1.8633333333333333,0.351409858838492,-1.3333333333333337,Nb75-V25,0.0,0.0,0.25,0.75,MATRIX_TERN_073_Nb33_W33_V33,0.0,0.0,0.0,0.0,0.0,0.0,0.333333333,0.0,0.333333333,0.333333333,0.0,0.0,0.0
Nb75-V25,MATRIX_TERN_074_Mo33_Ta33_W33,0.12147490366383971,3.24817106,3.668257294,-0.093088097,5.666666667,0.0233478654165369,2.006666666666667,0.3674537007872178,-1.777777777777778,Nb75-V25,0.0,0.0,0.25,0.75,MATRIX_TERN_074_Mo33_Ta33_W33,0.0,0.0,0.0,0.0,0.0,0.333333333,0.0,0.333333333,0.333333333,0.0,0.0,0.0,0.0
Nb75-V25,MATRIX_TERN_075_Mo33_Ta33_V33,0.10485562397195926,3.24817106,3.607604365,-0.042224622,5.333333333,0.0352382411938744,1.7633333333333336,0.2854625875467553,-1.3333333333333337,Nb75-V25,0.0,0.0,0.25,0.75,MATRIX_TERN_075_Mo33_Ta33_V33,0.0,0.0,0.0,0.0,0.0,0.333333333,0.0,0.333333333,0.0,0.333333333,0.0,0.0,0.0
Nb75-V25,MATRIX_TERN_076_Mo33_W33_V33,0.08987625634224154,3.24817106,3.553840738,-0.074437179,5.666666667,0.0171627859511297,2.0500000000000003,0.3080043289739069,-0.8888888888888891,Nb75-V25,0.0,0.0,0.25,0.75,MATRIX_TERN_076_Mo33_W33_V33,0.0,0.0,0.0,0.0,0.0,0.333333333,0.0,0.0,0.333333333,0.333333333,0.0,0.0,0.0
Nb75-V25,MATRIX_TERN_077_Ta33_W33_V33,0.10730674947413059,3.24817106,3.616482912,-0.005449438,5.333333333,0.0352382411938744,1.83,0.3785058343892028,-0.4444444444444445,Nb75-V25,0.0,0.0,0.25,0.75,MATRIX_TERN_077_Ta33_W33_V33,0.0,0.0,0.0,0.0,0.0,0.0,0.0,0.333333333,0.333333333,0.333333333,0.0,0.0,0.0
Nb75-V25,B2_TERN_SOL_078_Ru_Hf87_Nb12,-0.2361931773333808,3.24817106,2.562008656,-1.091011246,6.0625,0.079929319846275,1.7680000000000002,0.4374654272053965,-14.1168,Nb75-V25,0.0,0.0,0.25,0.75,B2_TERN_SOL_078_Ru_Hf87_Nb12,0.5,0.4375,0.0,0.0,0.0,0.0,0.0625,0.0,0.0,0.0,0.0,0.0,0.0
Nb75-V25,B2_TERN_SOL_079_Ru_Hf75_Nb25,-0.008349997566302317,3.24817106,3.221161604,-0.990479496,6.125,0.0772310128363896,1.786,0.4237971212738473,-13.1472,Nb75-V25,0.0,0.0,0.25,0.75,B2_TERN_SOL_079_Ru_Hf75_Nb25,0.5,0.375,0.0,0.0,0.0,0.0,0.125,0.0,0.0,0.0,0.0,0.0,0.0
Nb75-V25,B2_TERN_SOL_080_Ru_Hf87_Mo12,-0.2391264308659886,3.24817106,2.554397326,-1.011580317,6.125,0.0808002001785193,1.8016,0.4447172584912801,-14.16,Nb75-V25,0.0,0.0,0.25,0.75,B2_TERN_SOL_080_Ru_Hf87_Mo12,0.5,0.4375,0.0,0.0,0.0,0.0625,0.0,0.0,0.0,0.0,0.0,0.0,0.0
Nb75-V25,B2_TERN_SOL_081_Ru_Hf75_Mo25,-0.014901078366077226,3.24817106,3.200127757,-0.833822359,6.25,0.0785362630419332,1.8532,0.4332686926146408,-13.32,Nb75-V25,0.0,0.0,0.25,0.75,B2_TERN_SOL_081_Ru_Hf75_Mo25,0.5,0.375,0.0,0.0,0.0,0.125,0.0,0.0,0.0,0.0,0.0,0.0,0.0
Nb75-V25,B2_TERN_SOL_082_Ru_Hf87_Ta12,-0.23685251368462476,3.24817106,2.560296043,-1.113680888,6.0625,0.079929319846275,1.7620000000000002,0.4404043596514458,-13.68,Nb75-V25,0.0,0.0,0.25,0.75,B2_TERN_SOL_082_Ru_Hf87_Ta12,0.5,0.4375,0.0,0.0,0.0,0.0,0.0,0.0625,0.0,0.0,0.0,0.0,0.0
Nb75-V25,B2_TERN_SOL_083_Ru_Hf75_Ta25,-0.009778565985142578,3.24817106,3.216563145,-1.032519678,6.125,0.0772310128363896,1.774,0.4302603862778911,-12.36,Nb75-V25,0.0,0.0,0.25,0.75,B2_TERN_SOL_083_Ru_Hf75_Ta25,0.5,0.375,0.0,0.0,0.0,0.0,0.0,0.125,0.0,0.0,0.0,0.0,0.0
Nb75-V25,B2_TERN_SOL_084_Ru_Hf87_W12,-0.23914542353477328,3.24817106,2.554348108,-1.017173511,6.125,0.0808002001785193,1.8136,0.4567614694783263,-13.92,Nb75-V25,0.0,0.0,0.25,0.75,B2_TERN_SOL_084_Ru_Hf87_W12,0.5,0.4375,0.0,0.0,0.0,0.0,0.0,0.0,0.0625,0.0,0.0,0.0,0.0
Nb75-V25,B2_TERN_SOL_085_Ru_Hf75_W25,-0.014661800249141922,3.24817106,3.200893611,-0.836868509,6.25,0.0785362630419332,1.8772,0.4546120983871855,-12.84,Nb75-V25,0.0,0.0,0.25,0.75,B2_TERN_SOL_085_Ru_Hf75_W25,0.5,0.375,0.0,0.0,0.0,0.0,0.0,0.0,0.125,0.0,0.0,0.0,0.0
Nb75-V25,B2_TERN_SOL_086_Ru_Hf87_V12,-0.24238305844084748,3.24817106,2.545970218,-1.063735031,6.0625,0.0824106716944606,1.7698,0.4368317296167943,-13.44,Nb75-V25,0.0,0.0,0.25,0.75,B2_TERN_SOL_086_Ru_Hf87_V12,0.5,0.4375,0.0,0.0,0.0,0.0,0.0,0.0,0.0,0.0625,0.0,0.0,0.0
Nb75-V25,B2_TERN_SOL_087_Ru_Hf75_V25,-0.02095444149769468,3.24817106,3.180813173,-0.946727169,6.125,0.0813951555025931,1.7896,0.4223266981851847,-11.88,Nb75-V25,0.0,0.0,0.25,0.75,B2_TERN_SOL_087_Ru_Hf75_V25,0.5,0.375,0.0,0.0,0.0,0.0,0.0,0.0,0.0,0.125,0.0,0.0,0.0
Nb75-V25,B2_TERN_SOL_088_Ru_Ti87_Nb12,-0.27930008281712615,3.24817106,2.452124543,-0.983188993,6.0625,0.04588506177003,1.8736,0.3266910467092724,-9.6112,Nb75-V25,0.0,0.0,0.25,0.75,B2_TERN_SOL_088_Ru_Ti87_Nb12,0.5,0.0,0.4375,0.0,0.0,0.0,0.0625,0.0,0.0,0.0,0.0,0.0,0.0
Nb75-V25,B2_TERN_SOL_089_Ru_Ti75_Nb25,-0.045745521762920474,3.24817106,3.102904429,-0.903188944,6.125,0.0454989552387946,1.8772,0.3233081502220444,-9.1648,Nb75-V25,0.0,0.0,0.25,0.75,B2_TERN_SOL_089_Ru_Ti75_Nb25,0.5,0.0,0.375,0.0,0.0,0.0,0.125,0.0,0.0,0.0,0.0,0.0,0.0
Nb75-V25,B2_TERN_SOL_090_Ru_Ti87_Mo12,-0.2829465796555713,3.24817106,2.443019595,-0.92145562,6.125,0.0449536510398423,1.9072,0.3256196554263886,-9.760000000000002,Nb75-V25,0.0,0.0,0.25,0.75,B2_TERN_SOL_090_Ru_Ti87_Mo12,0.5,0.0,0.4375,0.0,0.0,0.0625,0.0,0.0,0.0,0.0,0.0,0.0,0.0
Nb75-V25,B2_TERN_SOL_091_Ru_Ti75_Mo25,-0.05188994868220926,3.24817106,3.083886002,-0.762838311,6.25,0.0433128345312989,1.9444,0.3168416639269527,-9.52,Nb75-V25,0.0,0.0,0.25,0.75,B2_TERN_SOL_091_Ru_Ti75_Mo25,0.5,0.0,0.375,0.0,0.0,0.125,0.0,0.0,0.0,0.0,0.0,0.0,0.0
Nb75-V25,B2_TERN_SOL_092_Ru_Ti87_Ta12,-0.2799417703495662,3.24817106,2.4505202,-1.012091649,6.0625,0.04588506177003,1.8676,0.3325270515311499,-9.28,Nb75-V25,0.0,0.0,0.25,0.75,B2_TERN_SOL_092_Ru_Ti87_Ta12,0.5,0.0,0.4375,0.0,0.0,0.0,0.0,0.0625,0.0,0.0,0.0,0.0,0.0
Nb75-V25,B2_TERN_SOL_093_Ru_Ti75_Ta25,-0.04706898464010672,3.24817106,3.098798357,-0.958150623,6.125,0.0454989552387946,1.8652,0.3350178502706983,-8.559999999999999,Nb75-V25,0.0,0.0,0.25,0.75,B2_TERN_SOL_093_Ru_Ti75_Ta25,0.5,0.0,0.375,0.0,0.0,0.0,0.0,0.125,0.0,0.0,0.0,0.0,0.0
Nb75-V25,B2_TERN_SOL_094_Ru_Ti87_W12,-0.2826466689426518,3.24817106,2.443767345,-0.933472753,6.125,0.0449536510398423,1.9192,0.338158779273879,-9.52,Nb75-V25,0.0,0.0,0.25,0.75,B2_TERN_SOL_094_Ru_Ti87_W12,0.5,0.0,0.4375,0.0,0.0,0.0,0.0,0.0,0.0625,0.0,0.0,0.0,0.0
Nb75-V25,B2_TERN_SOL_095_Ru_Ti75_W25,-0.052440976470435316,3.24817106,3.082186007,-0.789613358,6.25,0.0433128345312989,1.9684,0.3390596407713546,-9.04,Nb75-V25,0.0,0.0,0.25,0.75,B2_TERN_SOL_095_Ru_Ti75_W25,0.5,0.0,0.375,0.0,0.0,0.0,0.0,0.0,0.125,0.0,0.0,0.0,0.0
Nb75-V25,B2_TERN_SOL_096_Ru_Ti87_V12,-0.2871329854975737,3.24817106,2.432602346,-0.982724607,6.0625,0.0461854444311139,1.8754,0.3252581128888256,-9.04,Nb75-V25,0.0,0.0,0.25,0.75,B2_TERN_SOL_096_Ru_Ti87_V12,0.5,0.0,0.4375,0.0,0.0,0.0,0.0,0.0,0.0,0.0625,0.0,0.0,0.0
Nb75-V25,B2_TERN_SOL_097_Ru_Ti75_V25,-0.06129446523924509,3.24817106,3.05499642,-0.905306641,6.125,0.0454154582679287,1.8808,0.3203550530271062,-8.08,Nb75-V25,0.0,0.0,0.25,0.75,B2_TERN_SOL_097_Ru_Ti75_V25,0.5,0.0,0.375,0.0,0.0,0.0,0.0,0.0,0.0,0.125,0.0,0.0,0.0
Nb75-V25,B2_TERN_SOL_098_Ru_Zr87_Nb12,-0.22649132687439377,3.24817106,2.587326291,-0.890146496,6.0625,0.0860586382926536,1.7812,0.423370476060861,-16.756800000000002,Nb75-V25,0.0,0.0,0.25,0.75,B2_TERN_SOL_098_Ru_Zr87_Nb12,0.5,0.0,0.0,0.4375,0.0,0.0,0.0625,0.0,0.0,0.0,0.0,0.0,0.0
Nb75-V25,B2_TERN_SOL_099_Ru_Zr75_Nb25,0.00015637731891016862,3.24817106,3.24867904,-0.818094975,6.125,0.0831528643327092,1.7974,0.4107739524361301,-15.4272,Nb75-V25,0.0,0.0,0.25,0.75,B2_TERN_SOL_099_Ru_Zr75_Nb25,0.5,0.0,0.0,0.375,0.0,0.0,0.125,0.0,0.0,0.0,0.0,0.0,0.0
Nb75-V25,B2_TERN_SOL_100_Ru_Zr87_Mo12,-0.2296237022015744,3.24817106,2.579128061,-0.806967569,6.125,0.0870934949098326,1.8148,0.4298289892503762,-16.8,Nb75-V25,0.0,0.0,0.25,0.75,B2_TERN_SOL_100_Ru_Zr87_Mo12,0.5,0.0,0.0,0.4375,0.0,0.0625,0.0,0.0,0.0,0.0,0.0,0.0,0.0
Nb75-V25,B2_TERN_SOL_101_Ru_Zr75_Mo25,-0.006305105919703353,3.24817106,3.227755359,-0.655458039,6.25,0.084783177312234,1.8646000000000005,0.4187133148109814,-15.6,Nb75-V25,0.0,0.0,0.25,0.75,B2_TERN_SOL_101_Ru_Zr75_Mo25,0.5,0.0,0.0,0.375,0.0,0.125,0.0,0.0,0.0,0.0,0.0,0.0,0.0
Nb75-V25,B2_TERN_SOL_102_Ru_Zr87_Ta12,-0.2271497887504116,3.24817106,2.585601013,-0.911972703,6.0625,0.0860586382926536,1.7752,0.4265922643461787,-16.32,Nb75-V25,0.0,0.0,0.25,0.75,B2_TERN_SOL_102_Ru_Zr87_Ta12,0.5,0.0,0.0,0.4375,0.0,0.0,0.0,0.0625,0.0,0.0,0.0,0.0,0.0
Nb75-V25,B2_TERN_SOL_103_Ru_Zr75_Ta25,-0.0011317800352812026,3.24817106,3.244496924,-0.863325979,6.125,0.0831528643327091,1.7854,0.4177664898002233,-14.64,Nb75-V25,0.0,0.0,0.25,0.75,B2_TERN_SOL_103_Ru_Zr75_Ta25,0.5,0.0,0.0,0.375,0.0,0.0,0.0,0.125,0.0,0.0,0.0,0.0,0.0
Nb75-V25,B2_TERN_SOL_104_Ru_Zr87_W12,-0.22948329060596862,3.24817106,2.579495061,-0.814514579,6.125,0.0870934949098326,1.8268,0.4419205358432667,-16.56,Nb75-V25,0.0,0.0,0.25,0.75,B2_TERN_SOL_104_Ru_Zr87_W12,0.5,0.0,0.0,0.4375,0.0,0.0,0.0,0.0,0.0625,0.0,0.0,0.0,0.0
Nb75-V25,B2_TERN_SOL_105_Ru_Zr75_W25,-0.005787366858583364,3.24817106,3.229426942,-0.661370427,6.25,0.084783177312234,1.8886,0.4401409319752027,-15.12,Nb75-V25,0.0,0.0,0.25,0.75,B2_TERN_SOL_105_Ru_Zr75_W25,0.5,0.0,0.0,0.375,0.0,0.0,0.0,0.0,0.125,0.0,0.0,0.0,0.0
Nb75-V25,B2_TERN_SOL_106_Ru_Zr87_V12,-0.23231026596577278,3.24817106,2.572114963,-0.856520623,6.0625,0.0887380403728719,1.783,0.4226594373724548,-16.08,Nb75-V25,0.0,0.0,0.25,0.75,B2_TERN_SOL_106_Ru_Zr87_V12,0.5,0.0,0.0,0.4375,0.0,0.0,0.0,0.0,0.0,0.0625,0.0,0.0,0.0
Nb75-V25,B2_TERN_SOL_107_Ru_Zr75_V25,-0.01232612961987732,3.24817106,3.208378924,-0.759667971,6.125,0.0877123126458997,1.8010000000000002,0.4091564492953766,-14.16,Nb75-V25,0.0,0.0,0.25,0.75,B2_TERN_SOL_107_Ru_Zr75_V25,0.5,0.0,0.0,0.375,0.0,0.0,0.0,0.0,0.0,0.125,0.0,0.0,0.0
Nb75-V25,B2_PENALTY_108_Ru100Al0_Hf,0.4501623580627953,3.24817106,5.135083991,-1.187745448,6.0,0.0821917808219178,1.75,0.45,-15.0,Nb75-V25,0.0,0.0,0.25,0.75,B2_PENALTY_108_Ru100Al0_Hf,0.5,0.5,0.0,0.0,0.0,0.0,0.0,0.0,0.0,0.0,0.0,0.0,0.0
Nb75-V25,B2_PENALTY_109_Ru87Al12_Hf,-0.22967450227009611,3.24817106,2.578995294,-1.06443911,5.6875,0.0794670531912796,1.7146,0.4362027510229618,-15.312,Nb75-V25,0.0,0.0,0.25,0.75,B2_PENALTY_109_Ru87Al12_Hf,0.4375,0.5,0.0,0.0,0.0625,0.0,0.0,0.0,0.0,0.0,0.0,0.0,0.0
Nb75-V25,B2_PENALTY_110_Ru75Al25_Hf,0.005097503714248006,3.24817106,3.264770933,-0.95574225,5.375,0.0765104674756606,1.6792000000000002,0.4189741758151689,-15.048,Nb75-V25,0.0,0.0,0.25,0.75,B2_PENALTY_110_Ru75Al25_Hf,0.375,0.5,0.0,0.0,0.125,0.0,0.0,0.0,0.0,0.0,0.0,0.0,0.0
Nb75-V25,B2_PENALTY_111_Ru62Al37_Hf,-0.22013359678283095,3.24817106,2.60403723,-0.842813539,5.0625,0.072734714189907,1.6379,0.3939322149812072,-14.012,Nb75-V25,0.0,0.0,0.25,0.75,B2_PENALTY_111_Ru62Al37_Hf,0.3125,0.5,0.0,0.0,0.1875,0.0,0.0,0.0,0.0,0.0,0.0,0.0,0.0
Nb75-V25,B2_PENALTY_112_Ru50Al50_Hf,0.24443891863672473,3.24817106,4.152701731,-0.729649314,4.75,0.0691810843061248,1.6025,0.3674489760497368,-12.5,Nb75-V25,0.0,0.0,0.25,0.75,B2_PENALTY_112_Ru50Al50_Hf,0.25,0.5,0.0,0.0,0.25,0.0,0.0,0.0,0.0,0.0,0.0,0.0,0.0
Nb75-V25,B2_PENALTY_113_Ru87Cr12_Hf,-0.23600309177714873,3.24817106,2.562502587,-1.035615577,5.875,0.0853931303142513,1.7176,0.4356446258132884,-12.672,Nb75-V25,0.0,0.0,0.25,0.75,B2_PENALTY_113_Ru87Cr12_Hf,0.4375,0.5,0.0,0.0,0.0,0.0,0.0,0.0,0.0,0.0,0.0625,0.0,0.0
Nb75-V25,B2_PENALTY_114_Ru75Cr25_Hf,-0.007027436669119159,3.24817106,3.225424668,-0.878162691,5.75,0.0884389348964152,1.6852000000000005,0.4182976930369089,-10.488,Nb75-V25,0.0,0.0,0.25,0.75,B2_PENALTY_114_Ru75Cr25_Hf,0.375,0.5,0.0,0.0,0.0,0.0,0.0,0.0,0.0,0.0,0.125,0.0,0.0
Nb75-V25,B2_PENALTY_115_Ru62Cr37_Hf,-0.23822918020402153,3.24817106,2.556723432,-0.716377173,5.625,0.0918154837201231,1.6474000000000002,0.3937476857074846,-8.122,Nb75-V25,0.0,0.0,0.25,0.75,B2_PENALTY_115_Ru62Cr37_Hf,0.3125,0.5,0.0,0.0,0.0,0.0,0.0,0.0,0.0,0.0,0.1875,0.0,0.0
Nb75-V25,B2_PENALTY_116_Ru50Cr50_Hf,0.22060397500889625,3.24817106,4.053567315,-0.552796357,5.5,0.09457197487001,1.615,0.3683408747342603,-6.25,Nb75-V25,0.0,0.0,0.25,0.75,B2_PENALTY_116_Ru50Cr50_Hf,0.25,0.5,0.0,0.0,0.0,0.0,0.0,0.0,0.0,0.0,0.25,0.0,0.0
Nb75-V25,B2_PENALTY_117_Ru87Cu12_Hf,-0.23333742176542807,3.24817106,2.569438099,-1.045192975,6.1875,0.0853931303142513,1.7320000000000002,0.4374654272053965,-14.4672,Nb75-V25,0.0,0.0,0.25,0.75,B2_PENALTY_117_Ru87Cu12_Hf,0.4375,0.5,0.0,0.0,0.0,0.0,0.0,0.0,0.0,0.0,0.0,0.0625,0.0
Nb75-V25,B2_PENALTY_118_Ru75Cu25_Hf,-0.003673177968441596,3.24817106,3.236261822,-0.923389889,6.375,0.0884389348964152,1.7140000000000002,0.4237971212738473,-13.5888,Nb75-V25,0.0,0.0,0.25,0.75,B2_PENALTY_118_Ru75Cu25_Hf,0.375,0.5,0.0,0.0,0.0,0.0,0.0,0.0,0.0,0.0,0.0,0.125,0.0
Nb75-V25,B2_PENALTY_119_Ru62Cu37_Hf,-0.23378404117719323,3.24817106,2.568274935,-0.799684359,6.5625,0.0918154837201231,1.693,0.4062646920420233,-12.1272,Nb75-V25,0.0,0.0,0.25,0.75,B2_PENALTY_119_Ru62Cu37_Hf,0.3125,0.5,0.0,0.0,0.0,0.0,0.0,0.0,0.0,0.0,0.0,0.1875,0.0
Nb75-V25,B2_PENALTY_120_Ru50Cu50_Hf,0.22621874091609978,3.24817106,4.076680397,-0.677358279,6.75,0.09457197487001,1.675,0.3897114317029974,-10.5,Nb75-V25,0.0,0.0,0.25,0.75,B2_PENALTY_120_Ru50Cu50_Hf,0.25,0.5,0.0,0.0,0.0,0.0,0.0,0.0,0.0,0.0,0.0,0.25,0.0
Nb75-V25,B2_PENALTY_121_Ru87Si12_Hf,-0.23152690240583684,3.24817106,2.574158138,-1.089550642,5.75,0.0937602843775687,1.7320000000000002,0.4374654272053965,-12.3552,Nb75-V25,0.0,0.0,0.25,0.75,B2_PENALTY_121_Ru87Si12_Hf,0.4375,0.5,0.0,0.0,0.0,0.0,0.0,0.0,0.0,0.0,0.0,0.0,0.0625
Nb75-V25,B2_PENALTY_122_Ru75Si25_Hf,7.430644134982954e-05,3.24817106,3.248412429,-1.009713639,5.5,0.1038426921242283,1.7140000000000002,0.4237971212738473,-9.9408,Nb75-V25,0.0,0.0,0.25,0.75,B2_PENALTY_122_Ru75Si25_Hf,0.375,0.5,0.0,0.0,0.0,0.0,0.0,0.0,0.0,0.0,0.0,0.0,0.125
Nb75-V25,B2_PENALTY_123_Ru62Si37_Hf,-0.22809464205578,3.24817106,2.583127124,-0.920694427,5.25,0.1142356063938751,1.693,0.4062646920420233,-7.4152,Nb75-V25,0.0,0.0,0.25,0.75,B2_PENALTY_123_Ru62Si37_Hf,0.3125,0.5,0.0,0.0,0.0,0.0,0.0,0.0,0.0,0.0,0.0,0.0,0.1875
Nb75-V25,B2_PENALTY_124_Ru50Si50_Hf,0.23374837149439984,3.24817106,4.107906653,-0.838327211,5.0,0.1222287117389678,1.6750000000000005,0.3897114317029974,-5.5,Nb75-V25,0.0,0.0,0.25,0.75,B2_PENALTY_124_Ru50Si50_Hf,0.25,0.5,0.0,0.0,0.0,0.0,0.0,0.0,0.0,0.0,0.0,0.0,0.25
Nb75-V25,B2_PENALTY_125_Ru100Al0_Ti,0.40185965050489564,3.24817106,4.881705796,-1.057956866,6.0,0.0462633451957295,1.87,0.33,-10.0,Nb75-V25,0.0,0.0,0.25,0.75,B2_PENALTY_125_Ru100Al0_Ti,0.5,0.0,0.5,0.0,0.0,0.0,0.0,0.0,0.0,0.0,0.0,0.0,0.0
Nb75-V25,B2_PENALTY_126_Ru87Al12_Ti,-0.27998808554172466,3.24817106,2.450404438,-0.970267174,5.6875,0.0447291357659921,1.8346,0.3242974560492266,-10.912,Nb75-V25,0.0,0.0,0.25,0.75,B2_PENALTY_126_Ru87Al12_Ti,0.4375,0.0,0.5,0.0,0.0625,0.0,0.0,0.0,0.0,0.0,0.0,0.0,0.0
Nb75-V25,B2_PENALTY_127_Ru75Al25_Ti,-0.04677973395964863,3.24817106,3.09969531,-0.88819063,5.375,0.0428259601061415,1.7992,0.3145335594177512,-11.248,Nb75-V25,0.0,0.0,0.25,0.75,B2_PENALTY_127_Ru75Al25_Ti,0.375,0.0,0.5,0.0,0.125,0.0,0.0,0.0,0.0,0.0,0.0,0.0,0.0
Nb75-V25,B2_PENALTY_128_Ru62Al37_Ti,-0.2716286117729728,3.24817106,2.471374896,-0.804440265,5.0625,0.0400790404298587,1.7579,0.2974669561480737,-10.912,Nb75-V25,0.0,0.0,0.25,0.75,B2_PENALTY_128_Ru62Al37_Ti,0.3125,0.0,0.5,0.0,0.1875,0.0,0.0,0.0,0.0,0.0,0.0,0.0,0.0
Nb75-V25,B2_PENALTY_129_Ru50Al50_Ti,0.19237860783625302,3.24817106,3.939553259,-0.713701673,4.75,0.0371922251866817,1.7225,0.2771619562638422,-10.0,Nb75-V25,0.0,0.0,0.25,0.75,B2_PENALTY_129_Ru50Al50_Ti,0.25,0.0,0.5,0.0,0.25,0.0,0.0,0.0,0.0,0.0,0.0,0.0,0.0
Nb75-V25,B2_PENALTY_130_Ru87Cr12_Ti,-0.28641029164323756,3.24817106,2.434397938,-0.94270459,5.875,0.0499298619726951,1.8376,0.3224317602222213,-8.272,Nb75-V25,0.0,0.0,0.25,0.75,B2_PENALTY_130_Ru87Cr12_Ti,0.4375,0.0,0.5,0.0,0.0,0.0,0.0,0.0,0.0,0.0,0.0625,0.0,0.0
Nb75-V25,B2_PENALTY_131_Ru75Cr25_Ti,-0.05918653039818491,3.24817106,3.061448806,-0.80961964,5.75,0.0532543770850372,1.8052,0.3113277372801852,-6.688,Nb75-V25,0.0,0.0,0.25,0.75,B2_PENALTY_131_Ru75Cr25_Ti,0.375,0.0,0.5,0.0,0.0,0.0,0.0,0.0,0.0,0.0,0.125,0.0,0.0
Nb75-V25,B2_PENALTY_132_Ru62Cr37_Ti,-0.2904116997133564,3.24817106,2.424470344,-0.675679922,5.625,0.0567786551293567,1.7674,0.2933619607242902,-5.022,Nb75-V25,0.0,0.0,0.25,0.75,B2_PENALTY_132_Ru62Cr37_Ti,0.3125,0.0,0.5,0.0,0.0,0.0,0.0,0.0,0.0,0.0,0.1875,0.0,0.0
Nb75-V25,B2_PENALTY_133_Ru50Cr50_Ti,0.1669081998166669,3.24817106,3.839681408,-0.538077974,5.5,0.0595429689109598,1.735,0.2729010809799038,-3.75,Nb75-V25,0.0,0.0,0.25,0.75,B2_PENALTY_133_Ru50Cr50_Ti,0.25,0.0,0.5,0.0,0.0,0.0,0.0,0.0,0.0,0.0,0.25,0.0,0.0
Nb75-V25,B2_PENALTY_134_Ru87Cu12_Ti,-0.28363754646610323,3.24817106,2.441297595,-0.919729937,6.1875,0.0499298619726951,1.852,0.3195246469366644,-10.0672,Nb75-V25,0.0,0.0,0.25,0.75,B2_PENALTY_134_Ru87Cu12_Ti,0.4375,0.0,0.5,0.0,0.0,0.0,0.0,0.0,0.0,0.0,0.0,0.0625,0.0
Nb75-V25,B2_PENALTY_135_Ru75Cu25_Ti,-0.054879098746644574,3.24817106,3.074675013,-0.801717189,6.375,0.0532543770850372,1.834,0.3076426498390625,-9.7888,Nb75-V25,0.0,0.0,0.25,0.75,B2_PENALTY_135_Ru75Cu25_Ti,0.375,0.0,0.5,0.0,0.0,0.0,0.0,0.0,0.0,0.0,0.0,0.125,0.0
Nb75-V25,B2_PENALTY_136_Ru62Cu37_Ti,-0.28408787456575746,3.24817106,2.440175866,-0.680640909,6.5625,0.0567786551293567,1.813,0.2917721713940519,-9.0272,Nb75-V25,0.0,0.0,0.25,0.75,B2_PENALTY_136_Ru62Cu37_Ti,0.3125,0.0,0.5,0.0,0.0,0.0,0.0,0.0,0.0,0.0,0.0,0.1875,0.0
Nb75-V25,B2_PENALTY_137_Ru50Cu50_Ti,0.17541904729595365,3.24817106,3.872743044,-0.557797759,6.75,0.0595429689109598,1.7950000000000002,0.2761792895928295,-8.0,Nb75-V25,0.0,0.0,0.25,0.75,B2_PENALTY_137_Ru50Cu50_Ti,0.25,0.0,0.5,0.0,0.0,0.0,0.0,0.0,0.0,0.0,0.0,0.25,0.0
Nb75-V25,B2_PENALTY_138_Ru87Si12_Ti,-0.2826140487035103,3.24817106,2.443848687,-0.989505902,5.75,0.0607546208741894,1.852,0.3195246469366644,-7.9552,Nb75-V25,0.0,0.0,0.25,0.75,B2_PENALTY_138_Ru87Si12_Ti,0.4375,0.0,0.5,0.0,0.0,0.0,0.0,0.0,0.0,0.0,0.0,0.0,0.0625
Nb75-V25,B2_PENALTY_139_Ru75Si25_Ti,-0.05248500903110624,3.24817106,3.0820502,-0.93611645,5.5,0.0719655963958058,1.834,0.3076426498390625,-6.1408,Nb75-V25,0.0,0.0,0.25,0.75,B2_PENALTY_139_Ru75Si25_Ti,0.375,0.0,0.5,0.0,0.0,0.0,0.0,0.0,0.0,0.0,0.0,0.0,0.125
Nb75-V25,B2_PENALTY_140_Ru62Si37_Ti,-0.28076219483190556,3.24817106,2.448470295,-0.869757039,5.25,0.0826499299050591,1.813,0.2917721713940519,-4.3152,Nb75-V25,0.0,0.0,0.25,0.75,B2_PENALTY_140_Ru62Si37_Ti,0.3125,0.0,0.5,0.0,0.0,0.0,0.0,0.0,0.0,0.0,0.0,0.0,0.1875
Nb75-V25,B2_PENALTY_141_Ru50Si50_Ti,0.17993332945667778,3.24817106,3.890404933,-0.808674347,5.0,0.090393746324797,1.795,0.2761792895928295,-3.0,Nb75-V25,0.0,0.0,0.25,0.75,B2_PENALTY_141_Ru50Si50_Ti,0.25,0.0,0.5,0.0,0.0,0.0,0.0,0.0,0.0,0.0,0.0,0.0,0.25
Nb75-V25,B2_PENALTY_142_Ru100Al0_Zr,0.4610485353680749,3.24817106,5.194385147,-0.960777489,6.0,0.0884353741496598,1.765,0.435,-18.0,Nb75-V25,0.0,0.0,0.25,0.75,B2_PENALTY_142_Ru100Al0_Zr,0.5,0.0,0.0,0.5,0.0,0.0,0.0,0.0,0.0,0.0,0.0,0.0,0.0
Nb75-V25,B2_PENALTY_143_Ru87Al12_Zr,-0.21835330879758447,3.24817106,2.608733784,-0.873588029,5.6875,0.0856069896776228,1.7296,0.421971373436635,-17.951999999999998,Nb75-V25,0.0,0.0,0.25,0.75,B2_PENALTY_143_Ru87Al12_Zr,0.4375,0.0,0.0,0.5,0.0625,0.0,0.0,0.0,0.0,0.0,0.0,0.0,0.0
Nb75-V25,B2_PENALTY_144_Ru75Al25_Zr,0.016553360100022976,3.24817106,3.302387941,-0.797935587,5.375,0.0825630715605787,1.6942000000000002,0.4054483444287324,-17.328,Nb75-V25,0.0,0.0,0.25,0.75,B2_PENALTY_144_Ru75Al25_Zr,0.375,0.0,0.0,0.5,0.125,0.0,0.0,0.0,0.0,0.0,0.0,0.0,0.0
Nb75-V25,B2_PENALTY_145_Ru62Al37_Zr,-0.2088879505976864,3.24817106,2.633831346,-0.726652657,5.0625,0.0787099182537501,1.6529,0.381143791763686,-15.872,Nb75-V25,0.0,0.0,0.25,0.75,B2_PENALTY_145_Ru62Al37_Zr,0.3125,0.0,0.0,0.5,0.1875,0.0,0.0,0.0,0.0,0.0,0.0,0.0,0.0
Nb75-V25,B2_PENALTY_146_Ru50Al50_Zr,0.2554218070123861,3.24817106,4.199293486,-0.654418284,4.75,0.0751158704347694,1.6175000000000002,0.3552024070864386,-14.0,Nb75-V25,0.0,0.0,0.25,0.75,B2_PENALTY_146_Ru50Al50_Zr,0.25,0.0,0.0,0.5,0.25,0.0,0.0,0.0,0.0,0.0,0.0,0.0,0.0
Nb75-V25,B2_PENALTY_147_Ru87Cr12_Zr,-0.2246413329059563,3.24817106,2.592179044,-0.824075051,5.875,0.0915913075118357,1.7326,0.4212875977286776,-15.312,Nb75-V25,0.0,0.0,0.25,0.75,B2_PENALTY_147_Ru87Cr12_Zr,0.4375,0.0,0.0,0.5,0.0,0.0,0.0,0.0,0.0,0.0,0.0625,0.0,0.0
Nb75-V25,B2_PENALTY_148_Ru75Cr25_Zr,0.004250146988790074,3.24817106,3.262005664,-0.675888976,5.75,0.0946071432924222,1.7002000000000002,0.4045268347093924,-12.768,Nb75-V25,0.0,0.0,0.25,0.75,B2_PENALTY_148_Ru75Cr25_Zr,0.375,0.0,0.0,0.5,0.0,0.0,0.0,0.0,0.0,0.0,0.125,0.0,0.0
Nb75-V25,B2_PENALTY_149_Ru62Cr37_Zr,-0.22718805099961403,3.24817106,2.585500791,-0.525764636,5.625,0.097964971374696,1.6624,0.3805788223219995,-9.982,Nb75-V25,0.0,0.0,0.25,0.75,B2_PENALTY_149_Ru62Cr37_Zr,0.3125,0.0,0.0,0.5,0.0,0.0,0.0,0.0,0.0,0.0,0.1875,0.0,0.0
Nb75-V25,B2_PENALTY_150_Ru50Cr50_Zr,0.23144425500684124,3.24817106,4.09832298,-0.377855166,5.5,0.100717188245724,1.63,0.355598087733891,-7.75,Nb75-V25,0.0,0.0,0.25,0.75,B2_PENALTY_150_Ru50Cr50_Zr,0.25,0.0,0.0,0.5,0.0,0.0,0.0,0.0,0.0,0.0,0.25,0.0,0.0
Nb75-V25,B2_PENALTY_151_Ru87Cu12_Zr,-0.222190544447989,3.24817106,2.598620194,-0.842497728,6.1875,0.0915913075118357,1.747,0.4226594373724548,-17.1072,Nb75-V25,0.0,0.0,0.25,0.75,B2_PENALTY_151_Ru87Cu12_Zr,0.4375,0.0,0.0,0.5,0.0,0.0,0.0,0.0,0.0,0.0,0.0,0.0625,0.0
Nb75-V25,B2_PENALTY_152_Ru75Cu25_Zr,0.007636191211788299,3.24817106,3.273069781,-0.744916574,6.375,0.0946071432924222,1.729,0.4091564492953766,-15.8688,Nb75-V25,0.0,0.0,0.25,0.75,B2_PENALTY_152_Ru75Cu25_Zr,0.375,0.0,0.0,0.5,0.0,0.0,0.0,0.0,0.0,0.0,0.0,0.125,0.0
Nb75-V25,B2_PENALTY_153_Ru62Cu37_Zr,-0.2225595659905044,3.24817106,2.597649425,-0.643740809,6.5625,0.097964971374696,1.708,0.3917728933961614,-13.9872,Nb75-V25,0.0,0.0,0.25,0.75,B2_PENALTY_153_Ru62Cu37_Zr,0.3125,0.0,0.0,0.5,0.0,0.0,0.0,0.0,0.0,0.0,0.0,0.1875,0.0
Nb75-V25,B2_PENALTY_154_Ru50Cu50_Zr,0.2376805531335564,3.24817106,4.124319928,-0.545283305,6.75,0.100717188245724,1.6900000000000002,0.3752998800959041,-12.0,Nb75-V25,0.0,0.0,0.25,0.75,B2_PENALTY_154_Ru50Cu50_Zr,0.25,0.0,0.0,0.5,0.0,0.0,0.0,0.0,0.0,0.0,0.0,0.25,0.0
Nb75-V25,B2_PENALTY_155_Ru87Si12_Zr,-0.2203420123989304,3.24817106,2.603487904,-0.898605077,5.75,0.0996987498196708,1.747,0.4226594373724548,-14.9952,Nb75-V25,0.0,0.0,0.25,0.75,B2_PENALTY_155_Ru87Si12_Zr,0.4375,0.0,0.0,0.5,0.0,0.0,0.0,0.0,0.0,0.0,0.0,0.0,0.0625
Nb75-V25,B2_PENALTY_156_Ru75Si25_Zr,0.011402990629824552,3.24817106,3.285422312,-0.857108746,5.5,0.1096308366502065,1.729,0.4091564492953766,-12.2208,Nb75-V25,0.0,0.0,0.25,0.75,B2_PENALTY_156_Ru75Si25_Zr,0.375,0.0,0.0,0.5,0.0,0.0,0.0,0.0,0.0,0.0,0.0,0.0,0.125
Nb75-V25,B2_PENALTY_157_Ru62Si37_Zr,-0.21712890378953428,3.24817106,2.611968248,-0.806319256,5.25,0.1199620550667942,1.708,0.3917728933961614,-9.2752,Nb75-V25,0.0,0.0,0.25,0.75,B2_PENALTY_157_Ru62Si37_Zr,0.3125,0.0,0.0,0.5,0.0,0.0,0.0,0.0,0.0,0.0,0.0,0.0,0.1875
Nb75-V25,B2_PENALTY_158_Ru50Si50_Zr,0.24390150719451564,3.24817106,4.150436873,-0.770078956,5.0,0.127965781170799,1.69,0.3752998800959041,-7.0,Nb75-V25,0.0,0.0,0.25,0.75,B2_PENALTY_158_Ru50Si50_Zr,0.25,0.0,0.0,0.5,0.0,0.0,0.0,0.0,0.0,0.0,0.0,0.0,0.25
Nb75-V25,B2_MULTI_159_A_Ru87_Al12_B_HfTi,-0.25311161113589103,3.24817106,2.518380484,-0.993246203,5.6875,0.0678797217863284,1.7746000000000002,0.3889997943444186,-13.112,Nb75-V25,0.0,0.0,0.25,0.75,B2_MULTI_159_A_Ru87_Al12_B_HfTi,0.4375,0.25,0.25,0.0,0.0625,0.0,0.0,0.0,0.0,0.0,0.0,0.0,0.0
Nb75-V25,B2_MULTI_160_A_Ru75_Al25_B_HfTi,-0.019184921358514063,3.24817106,3.186447237,-0.900034303,5.375,0.0654597746128897,1.7392,0.3752803751863399,-13.148,Nb75-V25,0.0,0.0,0.25,0.75,B2_MULTI_160_A_Ru75_Al25_B_HfTi,0.375,0.25,0.25,0.0,0.125,0.0,0.0,0.0,0.0,0.0,0.0,0.0,0.0
Nb75-V25,B2_MULTI_161_A_Ru87_Al12_B_HfZr,-0.22395410830837087,3.24817106,2.593983772,-0.966894404,5.6875,0.0826853853075511,1.7221000000000002,0.4292115911761937,-16.631999999999998,Nb75-V25,0.0,0.0,0.25,0.75,B2_MULTI_161_A_Ru87_Al12_B_HfZr,0.4375,0.25,0.0,0.25,0.0625,0.0,0.0,0.0,0.0,0.0,0.0,0.0,0.0
Nb75-V25,B2_MULTI_162_A_Ru75_Al25_B_HfZr,0.010914717129210397,3.24817106,3.283818469,-0.87583034,5.375,0.0796873228030491,1.6867,0.4123349487976978,-16.188,Nb75-V25,0.0,0.0,0.25,0.75,B2_MULTI_162_A_Ru75_Al25_B_HfZr,0.375,0.25,0.0,0.25,0.125,0.0,0.0,0.0,0.0,0.0,0.0,0.0,0.0
Nb75-V25,B2_MULTI_163_A_Ru87_Al12_B_HfAl,-0.26216832358795444,3.24817106,2.495293785,-4.954411074,2.8125,0.0553065594713224,1.8678,0.3451393341825878,-18.8,Nb75-V25,0.0,0.0,0.25,0.75,B2_MULTI_163_A_Ru87_Al12_B_HfAl,0.25,0.0625,0.0,0.0,0.1875,0.0,0.0,0.0,0.0,0.0,0.0,0.0,0.0
Nb75-V25,B2_MULTI_163_A_Ru87_Al13_B_HfAl,-0.26230097515709716,3.24817106,2.494957013,-1.044063929,5.4375,0.0671169315930914,1.7921,0.3795109879832204,-17.512,Nb75-V25,0.0,0.0,0.25,0.75,B2_MULTI_163_A_Ru87_Al13_B_HfAl,0.4375,0.25,0.0,0.0,0.3125,0.0,0.0,0.0,0.0,0.0,0.0,0.0,0.0
Nb75-V25,B2_MULTI_164_A_Ru75_Al25_B_HfAl,-0.027247792445134197,3.24817106,3.160855152,-0.932800309,5.125,0.0647257979106258,1.7552475247524757,0.3655934929642944,-16.912067444368198,Nb75-V25,0.0,0.0,0.25,0.75,B2_MULTI_164_A_Ru75_Al25_B_HfAl,0.375,0.25,0.0,0.0,0.375,0.0,0.0,0.0,0.0,0.0,0.0,0.0,0.0
Nb75-V25,B2_MULTI_165_A_Ru87_Al12_B_TiZr,-0.24715475387877942,3.24817106,2.533666714,-0.881935538,5.6875,0.0727621617453034,1.7821000000000002,0.3799613006610016,-14.432,Nb75-V25,0.0,0.0,0.25,0.75,B2_MULTI_165_A_Ru87_Al12_B_TiZr,0.4375,0.0,0.25,0.25,0.0625,0.0,0.0,0.0,0.0,0.0,0.0,0.0,0.0
Nb75-V25,B2_MULTI_166_A_Ru75_Al25_B_TiZr,-0.012955034071068895,3.24817106,3.206361714,-0.808063227,5.375,0.0703058182976203,1.7467,0.3666280267519111,-14.288,Nb75-V25,0.0,0.0,0.25,0.75,B2_MULTI_166_A_Ru75_Al25_B_TiZr,0.375,0.0,0.25,0.25,0.125,0.0,0.0,0.0,0.0,0.0,0.0,0.0,0.0
Nb75-V25,B2_MULTI_167_A_Ru87_Al12_B_TiAl,-0.29037053100125365,3.24817106,2.424572308,-5.952786629,1.5,0.0273038199437399,1.694324324324325,0.2239032192052839,-9.817384952520088,Nb75-V25,0.0,0.0,0.25,0.75,B2_MULTI_167_A_Ru87_Al12_B_TiAl,0.0625,0.0,0.0625,0.0,0.25,0.0,0.0,0.0,0.0,0.0,0.0,0.0,0.0
Nb75-V25,B2_MULTI_167_A_Ru87_Al13_B_TiAl,-0.29041178046627625,3.24817106,2.424470144,-1.021190861,5.4375,0.0396803315535911,1.8521,0.309477931361834,-15.312,Nb75-V25,0.0,0.0,0.25,0.75,B2_MULTI_167_A_Ru87_Al13_B_TiAl,0.4375,0.0,0.25,0.0,0.3125,0.0,0.0,0.0,0.0,0.0,0.0,0.0,0.0
Nb75-V25,B2_MULTI_168_A_Ru75_Al25_B_TiAl,-0.05610606430340723,3.24817106,3.070901903,-0.941385339,5.125,0.0380980563492807,1.814653465346535,0.3004965012116891,-15.049504950495049,Nb75-V25,0.0,0.0,0.25,0.75,B2_MULTI_168_A_Ru75_Al25_B_TiAl,0.375,0.0,0.25,0.0,0.375,0.0,0.0,0.0,0.0,0.0,0.0,0.0,0.0
Nb75-V25,B2_MULTI_169_A_Ru87_Al12_B_ZrAl,-0.25543720405454334,3.24817106,2.512434563,-3.978965604,3.1875,0.0773292902137734,1.9146938775510205,0.3828683476015858,-17.35276967930029,Nb75-V25,0.0,0.0,0.25,0.75,B2_MULTI_169_A_Ru87_Al12_B_ZrAl,0.3125,0.0,0.0,0.125,0.0625,0.0,0.0,0.0,0.0,0.0,0.0,0.0,0.0
Nb75-V25,B2_MULTI_169_A_Ru87_Al13_B_ZrAl,-0.25543755642961175,3.24817106,2.512433663,-0.95203949,5.4375,0.0724611766706071,1.7996,0.3698862527859072,-18.832,Nb75-V25,0.0,0.0,0.25,0.75,B2_MULTI_169_A_Ru87_Al13_B_ZrAl,0.4375,0.0,0.0,0.25,0.3125,0.0,0.0,0.0,0.0,0.0,0.0,0.0,0.0
Nb75-V25,B2_MULTI_170_A_Ru75_Al25_B_ZrAl,-0.02117380588580576,3.24817106,3.180115415,-0.885427863,5.125,0.0699929276125827,1.762673267326733,0.356461962724668,-18.02960494069209,Nb75-V25,0.0,0.0,0.25,0.75,B2_MULTI_170_A_Ru75_Al25_B_ZrAl,0.375,0.0,0.0,0.25,0.375,0.0,0.0,0.0,0.0,0.0,0.0,0.0,0.0
Ta25-V75,B2_014_RuHf,-0.17814571319117256,3.07386981,2.571059804,-1.190557465,6.0,0.0821917808219178,1.75,0.45,-15.0,Ta25-V75,0.0,0.25,0.75,0.0,B2_014_RuHf,0.5,0.5,0.0,0.0,0.0,0.0,0.0,0.0,0.0,0.0,0.0,0.0,0.0
Ta25-V75,B2_015_RuTi,-0.2300144553714944,3.07386981,2.43976227,-1.048598035,6.0,0.0462633451957295,1.87,0.33,-10.0,Ta25-V75,0.0,0.25,0.75,0.0,B2_015_RuTi,0.5,0.0,0.5,0.0,0.0,0.0,0.0,0.0,0.0,0.0,0.0,0.0,0.0
Ta25-V75,B2_016_RuZr,-0.1690539263386773,3.07386981,2.59472104,-0.959079125,6.0,0.0884353741496598,1.765,0.435,-18.0,Ta25-V75,0.0,0.25,0.75,0.0,B2_016_RuZr,0.5,0.0,0.0,0.5,0.0,0.0,0.0,0.0,0.0,0.0,0.0,0.0,0.0
Ta25-V75,B2_017_RuAl,-0.25095171055321336,3.07386981,2.388477153,-1.00191235,5.5,0.0324909747292418,1.905,0.295,-20.0,Ta25-V75,0.0,0.25,0.75,0.0,B2_017_RuAl,0.5,0.0,0.0,0.0,0.5,0.0,0.0,0.0,0.0,0.0,0.0,0.0,0.0
Ta25-V75,MATRIX_BIN_018_Nb12_Mo87,-0.19942236483009973,3.07386981,2.516452193,-0.074598622,5.875,0.0162666672861703,2.0928,0.1819784602638455,-0.8448,Ta25-V75,0.0,0.25,0.75,0.0,MATRIX_BIN_018_Nb12_Mo87,0.0,0.0,0.0,0.0,0.0,0.875,0.125,0.0,0.0,0.0,0.0,0.0,0.0
Ta25-V75,MATRIX_BIN_019_Nb25_Mo75,0.036598974697814014,3.07386981,3.18846737,-0.093096702,5.75,0.0215352675896663,2.02,0.2424871130596428,-1.5,Ta25-V75,0.0,0.25,0.75,0.0,MATRIX_BIN_019_Nb25_Mo75,0.0,0.0,0.0,0.0,0.0,0.75,0.25,0.0,0.0,0.0,0.0,0.0,0.0
Ta25-V75,MATRIX_BIN_020_Nb50_Mo50,0.2784817975919366,3.07386981,4.068360358,-0.068167471,5.5,0.0245614035087719,1.88,0.28,-2.0,Ta25-V75,0.0,0.25,0.75,0.0,MATRIX_BIN_020_Nb50_Mo50,0.0,0.0,0.0,0.0,0.0,0.5,0.5,0.0,0.0,0.0,0.0,0.0,0.0
Ta25-V75,MATRIX_BIN_021_Nb75_Mo25,0.06375306996343008,3.07386981,3.276290931,-0.003897255,5.25,0.0210127480987559,1.7400000000000002,0.2424871130596428,-1.5,Ta25-V75,0.0,0.25,0.75,0.0,MATRIX_BIN_021_Nb75_Mo25,0.0,0.0,0.0,0.0,0.0,0.25,0.75,0.0,0.0,0.0,0.0,0.0,0.0
Ta25-V75,MATRIX_BIN_022_Nb87_Mo12,-0.1598601751432599,3.07386981,2.618850201,0.026755452,5.125,0.0156705067050018,1.6672000000000002,0.1819784602638455,-0.8448,Ta25-V75,0.0,0.25,0.75,0.0,MATRIX_BIN_022_Nb87_Mo12,0.0,0.0,0.0,0.0,0.0,0.125,0.875,0.0,0.0,0.0,0.0,0.0,0.0
Ta25-V75,MATRIX_BIN_023_Nb12_Ta87,-0.15596329172479872,3.07386981,2.629139739,0.01664066,5.0,0.0,1.512,0.0324961536185438,-0.4224,Ta25-V75,0.0,0.25,0.75,0.0,MATRIX_BIN_023_Nb12_Ta87,0.0,0.0,0.0,0.0,0.0,0.0,0.125,0.875,0.0,0.0,0.0,0.0,0.0
Ta25-V75,MATRIX_BIN_024_Nb25_Ta75,0.07538180308175944,3.07386981,3.314659229,0.02257152,5.0,0.0,1.525,0.0433012701892219,-0.75,Ta25-V75,0.0,0.25,0.75,0.0,MATRIX_BIN_024_Nb25_Ta75,0.0,0.0,0.0,0.0,0.0,0.0,0.25,0.75,0.0,0.0,0.0,0.0,0.0
Ta25-V75,MATRIX_BIN_025_Nb50_Ta50,0.30533393654183905,3.07386981,4.181529649,0.032388069,5.0,0.0,1.55,0.05,-1.0,Ta25-V75,0.0,0.25,0.75,0.0,MATRIX_BIN_025_Nb50_Ta50,0.0,0.0,0.0,0.0,0.0,0.0,0.5,0.5,0.0,0.0,0.0,0.0,0.0
Ta25-V75,MATRIX_BIN_026_Nb75_Ta25,0.07767576774286286,3.07386981,3.322282844,0.043369138,5.0,0.0,1.5750000000000002,0.0433012701892219,-0.75,Ta25-V75,0.0,0.25,0.75,0.0,MATRIX_BIN_026_Nb75_Ta25,0.0,0.0,0.0,0.0,0.0,0.0,0.75,0.25,0.0,0.0,0.0,0.0,0.0
Ta25-V75,MATRIX_BIN_027_Nb87_Ta12,-0.15258613771273144,3.07386981,2.638087089,0.04776952,5.0,0.0,1.588,0.0324961536185438,-0.4224,Ta25-V75,0.0,0.25,0.75,0.0,MATRIX_BIN_027_Nb87_Ta12,0.0,0.0,0.0,0.0,0.0,0.0,0.875,0.125,0.0,0.0,0.0,0.0,0.0
Ta25-V75,MATRIX_BIN_028_Nb12_W87,-0.19409098491951468,3.07386981,2.53003601,-0.064576028,5.875,0.0162666672861703,2.2688,0.2469707675009331,-0.8448,Ta25-V75,0.0,0.25,0.75,0.0,MATRIX_BIN_028_Nb12_W87,0.0,0.0,0.0,0.0,0.0,0.0,0.125,0.0,0.875,0.0,0.0,0.0,0.0
Ta25-V75,MATRIX_BIN_029_Nb25_W75,0.04086210234121045,3.07386981,3.202094355,-0.067975525,5.75,0.0215352675896663,2.17,0.3290896534380866,-1.5,Ta25-V75,0.0,0.25,0.75,0.0,MATRIX_BIN_029_Nb25_W75,0.0,0.0,0.0,0.0,0.0,0.0,0.25,0.0,0.75,0.0,0.0,0.0,0.0
Ta25-V75,MATRIX_BIN_030_Nb50_W50,0.28057799003138467,3.07386981,4.077067638,-0.024208031,5.5,0.0245614035087719,1.98,0.3799999999999999,-2.0,Ta25-V75,0.0,0.25,0.75,0.0,MATRIX_BIN_030_Nb50_W50,0.0,0.0,0.0,0.0,0.0,0.0,0.5,0.0,0.5,0.0,0.0,0.0,0.0
Ta25-V75,MATRIX_BIN_031_Nb75_W25,0.06431923585381402,3.07386981,3.278148285,0.026336168,5.25,0.0210127480987559,1.79,0.3290896534380866,-1.5,Ta25-V75,0.0,0.25,0.75,0.0,MATRIX_BIN_031_Nb75_W25,0.0,0.0,0.0,0.0,0.0,0.0,0.75,0.0,0.25,0.0,0.0,0.0,0.0
Ta25-V75,MATRIX_BIN_032_Nb87_W12,-0.1594103041931193,3.07386981,2.620036168,0.042204846,5.125,0.0156705067050018,1.6912,0.2469707675009331,-0.8448,Ta25-V75,0.0,0.25,0.75,0.0,MATRIX_BIN_032_Nb87_W12,0.0,0.0,0.0,0.0,0.0,0.0,0.875,0.0,0.125,0.0,0.0,0.0,0.0
Ta25-V75,MATRIX_BIN_033_Nb12_V87,-0.24348793969825894,3.07386981,2.406649618,0.08248568,5.0,0.0287916304948704,1.6263999999999998,0.009748846085563,-0.4224,Ta25-V75,0.0,0.25,0.75,0.0,MATRIX_BIN_033_Nb12_V87,0.0,0.0,0.0,0.0,0.0,0.0,0.125,0.0,0.0,0.875,0.0,0.0,0.0
Ta25-V75,MATRIX_BIN_034_Nb25_V75,0.0022499530742823683,3.07386981,3.080793662,0.119704924,5.0,0.0379281198737709,1.6225,0.0129903810567664,-0.75,Ta25-V75,0.0,0.25,0.75,0.0,MATRIX_BIN_034_Nb25_V75,0.0,0.0,0.0,0.0,0.0,0.0,0.25,0.0,0.0,0.75,0.0,0.0,0.0
Ta25-V75,MATRIX_BIN_035_Nb50_V50,0.2612769549862767,3.07386981,3.997687259,0.146260085,5.0,0.0428571428571428,1.615,0.0149999999999999,-1.0,Ta25-V75,0.0,0.25,0.75,0.0,MATRIX_BIN_035_Nb50_V50,0.0,0.0,0.0,0.0,0.0,0.0,0.5,0.0,0.0,0.5,0.0,0.0,0.0
Ta25-V75,MATRIX_BIN_036_Nb75_V25,0.05647986472048947,3.07386981,3.252526823,0.114812331,5.0,0.0363367302287176,1.6075000000000002,0.0129903810567664,-0.75,Ta25-V75,0.0,0.25,0.75,0.0,MATRIX_BIN_036_Nb75_V25,0.0,0.0,0.0,0.0,0.0,0.0,0.75,0.0,0.0,0.25,0.0,0.0,0.0
Ta25-V75,MATRIX_BIN_037_Nb87_V12,-0.16315082679975976,3.07386981,2.61019026,0.086073827,5.0,0.0269752243651442,1.6036,0.009748846085563,-0.4224,Ta25-V75,0.0,0.25,0.75,0.0,MATRIX_BIN_037_Nb87_V12,0.0,0.0,0.0,0.0,0.0,0.0,0.875,0.0,0.0,0.125,0.0,0.0,0.0
Ta25-V75,MATRIX_BIN_038_Mo12_Ta87,-0.16343616822600057,3.07386981,2.609440574,-0.021898875,5.125,0.0156705067050018,1.5792000000000002,0.2144746138823893,-0.8448,Ta25-V75,0.0,0.25,0.75,0.0,MATRIX_BIN_038_Mo12_Ta87,0.0,0.0,0.0,0.0,0.0,0.125,0.0,0.875,0.0,0.0,0.0,0.0,0.0
Ta25-V75,MATRIX_BIN_039_Mo25_Ta75,0.060306472404017514,3.07386981,3.265007474,-0.045341345,5.25,0.0210127480987559,1.665,0.2857883832488648,-1.5,Ta25-V75,0.0,0.25,0.75,0.0,MATRIX_BIN_039_Mo25_Ta75,0.0,0.0,0.0,0.0,0.0,0.25,0.0,0.75,0.0,0.0,0.0,0.0,0.0
Ta25-V75,MATRIX_BIN_040_Mo50_Ta50,0.2756453108130257,3.07386981,4.056611707,-0.115010835,5.5,0.0245614035087719,1.83,0.33,-2.0,Ta25-V75,0.0,0.25,0.75,0.0,MATRIX_BIN_040_Mo50_Ta50,0.0,0.0,0.0,0.0,0.0,0.5,0.0,0.5,0.0,0.0,0.0,0.0,0.0
Ta25-V75,MATRIX_BIN_041_Mo75_Ta25,0.035082361789309346,3.07386981,3.183633813,-0.13445637,5.75,0.0215352675896663,1.995,0.2857883832488648,-1.5,Ta25-V75,0.0,0.25,0.75,0.0,MATRIX_BIN_041_Mo75_Ta25,0.0,0.0,0.0,0.0,0.0,0.75,0.0,0.25,0.0,0.0,0.0,0.0,0.0
Ta25-V75,MATRIX_BIN_042_Mo87_Ta12,-0.20019975256378136,3.07386981,2.514476987,-0.10635318,5.875,0.0162666672861703,2.0808,0.2144746138823893,-0.8448,Ta25-V75,0.0,0.25,0.75,0.0,MATRIX_BIN_042_Mo87_Ta12,0.0,0.0,0.0,0.0,0.0,0.875,0.0,0.125,0.0,0.0,0.0,0.0,0.0
Ta25-V75,MATRIX_BIN_043_Mo12_W87,-0.1998159860437277,3.07386981,2.515451896,-0.03228228,6.0,0.0,2.336,0.0649923072370876,-0.4224,Ta25-V75,0.0,0.25,0.75,0.0,MATRIX_BIN_043_Mo12_W87,0.0,0.0,0.0,0.0,0.0,0.125,0.0,0.0,0.875,0.0,0.0,0.0,0.0
Ta25-V75,MATRIX_BIN_044_Mo25_W75,0.02982704031250687,3.07386981,3.166942287,-0.031021756,6.0,0.0,2.31,0.0866025403784437,-0.75,Ta25-V75,0.0,0.25,0.75,0.0,MATRIX_BIN_044_Mo25_W75,0.0,0.0,0.0,0.0,0.0,0.25,0.0,0.0,0.75,0.0,0.0,0.0,0.0
Ta25-V75,MATRIX_BIN_045_Mo50_W50,0.25795485206047675,3.07386981,3.984201707,-0.031400886,6.0,0.0,2.26,0.0999999999999998,-1.0,Ta25-V75,0.0,0.25,0.75,0.0,MATRIX_BIN_045_Mo50_W50,0.0,0.0,0.0,0.0,0.0,0.5,0.0,0.0,0.5,0.0,0.0,0.0,0.0
Ta25-V75,MATRIX_BIN_046_Mo75_W25,0.026864551443022397,3.07386981,3.157572258,-0.029765179,6.0,0.0,2.21,0.0866025403784437,-0.75,Ta25-V75,0.0,0.25,0.75,0.0,MATRIX_BIN_046_Mo75_W25,0.0,0.0,0.0,0.0,0.0,0.75,0.0,0.0,0.25,0.0,0.0,0.0,0.0
Ta25-V75,MATRIX_BIN_047_Mo87_W12,-0.20433576152139515,3.07386981,2.503991537,-0.029998622,6.0,0.0,2.184,0.0649923072370876,-0.4224,Ta25-V75,0.0,0.25,0.75,0.0,MATRIX_BIN_047_Mo87_W12,0.0,0.0,0.0,0.0,0.0,0.875,0.0,0.0,0.125,0.0,0.0,0.0,0.0
Ta25-V75,MATRIX_BIN_048_Mo12_V87,-0.25319922104974607,3.07386981,2.383028597,-0.006338223,5.125,0.0120713795016878,1.6936,0.1722296141782824,-0.4224,Ta25-V75,0.0,0.25,0.75,0.0,MATRIX_BIN_048_Mo12_V87,0.0,0.0,0.0,0.0,0.0,0.125,0.0,0.0,0.0,0.875,0.0,0.0,0.0
Ta25-V75,MATRIX_BIN_049_Mo25_V75,-0.016636839670950504,3.07386981,3.023152221,-0.037424369,5.25,0.0160078632862187,1.7625,0.2294967320028763,-0.75,Ta25-V75,0.0,0.25,0.75,0.0,MATRIX_BIN_049_Mo25_V75,0.0,0.0,0.0,0.0,0.0,0.25,0.0,0.0,0.0,0.75,0.0,0.0,0.0
Ta25-V75,MATRIX_BIN_050_Mo50_V50,0.22714538398438597,3.07386981,3.861543353,-0.097449414,5.5,0.0183150183150182,1.895,0.2650000000000001,-1.0,Ta25-V75,0.0,0.25,0.75,0.0,MATRIX_BIN_050_Mo50_V50,0.0,0.0,0.0,0.0,0.0,0.5,0.0,0.0,0.0,0.5,0.0,0.0,0.0
Ta25-V75,MATRIX_BIN_051_Mo75_V25,0.010883615204133197,3.07386981,3.107507677,-0.114008179,5.75,0.0157173394516231,2.0275,0.2294967320028763,-0.75,Ta25-V75,0.0,0.25,0.75,0.0,MATRIX_BIN_051_Mo75_V25,0.0,0.0,0.0,0.0,0.0,0.75,0.0,0.0,0.0,0.25,0.0,0.0,0.0
Ta25-V75,MATRIX_BIN_052_Mo87_V12,-0.2120842714348253,3.07386981,2.484453351,-0.088360288,5.875,0.0117399398910924,2.0964,0.1722296141782824,-0.4224,Ta25-V75,0.0,0.25,0.75,0.0,MATRIX_BIN_052_Mo87_V12,0.0,0.0,0.0,0.0,0.0,0.875,0.0,0.0,0.0,0.125,0.0,0.0,0.0
Ta25-V75,MATRIX_BIN_053_Ta12_W87,-0.1947495802592578,3.07386981,2.528354403,-0.093051999,5.875,0.0162666672861703,2.2568,0.279466921119477,-0.4224,Ta25-V75,0.0,0.25,0.75,0.0,MATRIX_BIN_053_Ta12_W87,0.0,0.0,0.0,0.0,0.0,0.0,0.0,0.125,0.875,0.0,0.0,0.0,0.0
Ta25-V75,MATRIX_BIN_054_Ta25_W75,0.039518473844732505,3.07386981,3.197793083,-0.107372831,5.75,0.0215352675896663,2.145,0.3723909236273086,-0.75,Ta25-V75,0.0,0.25,0.75,0.0,MATRIX_BIN_054_Ta25_W75,0.0,0.0,0.0,0.0,0.0,0.0,0.0,0.25,0.75,0.0,0.0,0.0,0.0
Ta25-V75,MATRIX_BIN_055_Ta50_W50,0.27847631815527063,3.07386981,4.068337625,-0.070797609,5.5,0.0245614035087719,1.93,0.4299999999999999,-1.0,Ta25-V75,0.0,0.25,0.75,0.0,MATRIX_BIN_055_Ta50_W50,0.0,0.0,0.0,0.0,0.0,0.0,0.0,0.5,0.5,0.0,0.0,0.0,0.0
Ta25-V75,MATRIX_BIN_056_Ta75_W25,0.061402666285385384,3.07386981,3.268591838,-0.021707099,5.25,0.0210127480987559,1.715,0.3723909236273086,-0.75,Ta25-V75,0.0,0.25,0.75,0.0,MATRIX_BIN_056_Ta75_W25,0.0,0.0,0.0,0.0,0.0,0.0,0.0,0.75,0.25,0.0,0.0,0.0,0.0
Ta25-V75,MATRIX_BIN_057_Ta87_W12,-0.1629393396877709,3.07386981,2.610746034,-0.005622646,5.125,0.0156705067050018,1.6032,0.279466921119477,-0.4224,Ta25-V75,0.0,0.25,0.75,0.0,MATRIX_BIN_057_Ta87_W12,0.0,0.0,0.0,0.0,0.0,0.0,0.0,0.875,0.125,0.0,0.0,0.0,0.0
Ta25-V75,MATRIX_BIN_058_Ta12_V87,-0.24379646072027553,3.07386981,2.405896049,0.06873568,5.0,0.0287916304948704,1.6143999999999998,0.0422449997041069,0.0,Ta25-V75,0.0,0.25,0.75,0.0,MATRIX_BIN_058_Ta12_V87,0.0,0.0,0.0,0.0,0.0,0.0,0.0,0.125,0.0,0.875,0.0,0.0,0.0
Ta25-V75,MATRIX_BIN_059_Ta25_V75,0.0020049299730444787,3.07386981,3.080038888,0.103170482,5.0,0.0379281198737709,1.5975,0.0562916512459884,0.0,Ta25-V75,0.0,0.25,0.75,0.0,MATRIX_BIN_059_Ta25_V75,0.0,0.0,0.0,0.0,0.0,0.0,0.0,0.25,0.0,0.75,0.0,0.0,0.0
Ta25-V75,MATRIX_BIN_060_Ta50_V50,0.25992101882589314,3.07386981,3.992176831,0.118279576,5.0,0.0428571428571428,1.565,0.0649999999999999,0.0,Ta25-V75,0.0,0.25,0.75,0.0,MATRIX_BIN_060_Ta50_V50,0.0,0.0,0.0,0.0,0.0,0.0,0.0,0.5,0.0,0.5,0.0,0.0,0.0
Ta25-V75,MATRIX_BIN_061_Ta75_V25,0.05393240662245794,3.07386981,3.244245389,0.083356798,5.0,0.0363367302287176,1.5325,0.0562916512459884,0.0,Ta25-V75,0.0,0.25,0.75,0.0,MATRIX_BIN_061_Ta75_V25,0.0,0.0,0.0,0.0,0.0,0.0,0.0,0.75,0.0,0.25,0.0,0.0,0.0
Ta25-V75,MATRIX_BIN_062_Ta87_V12,-0.16643823668443303,3.07386981,2.601565119,0.048231505,5.0,0.0269752243651442,1.5156,0.0422449997041069,0.0,Ta25-V75,0.0,0.25,0.75,0.0,MATRIX_BIN_062_Ta87_V12,0.0,0.0,0.0,0.0,0.0,0.0,0.0,0.875,0.0,0.125,0.0,0.0,0.0
Ta25-V75,MATRIX_BIN_063_W12_V87,-0.2517304881564903,3.07386981,2.38658796,0.007573578,5.125,0.0120713795016878,1.7175999999999998,0.23722192141537,0.0,Ta25-V75,0.0,0.25,0.75,0.0,MATRIX_BIN_063_W12_V87,0.0,0.0,0.0,0.0,0.0,0.0,0.0,0.0,0.125,0.875,0.0,0.0,0.0
Ta25-V75,MATRIX_BIN_064_W25_V75,-0.013554377460810634,3.07386981,3.032485885,-0.010397496,5.25,0.0160078632862187,1.8125,0.3160992723813201,0.0,Ta25-V75,0.0,0.25,0.75,0.0,MATRIX_BIN_064_W25_V75,0.0,0.0,0.0,0.0,0.0,0.0,0.0,0.0,0.25,0.75,0.0,0.0,0.0
Ta25-V75,MATRIX_BIN_065_W50_V50,0.23229748228250713,3.07386981,3.881757122,-0.05491275,5.5,0.0183150183150182,1.995,0.365,0.0,Ta25-V75,0.0,0.25,0.75,0.0,MATRIX_BIN_065_W50_V50,0.0,0.0,0.0,0.0,0.0,0.0,0.0,0.0,0.5,0.5,0.0,0.0,0.0
Ta25-V75,MATRIX_BIN_066_W75_V25,0.017169449917657745,3.07386981,3.12710346,-0.09208095,5.75,0.0157173394516231,2.1775,0.3160992723813201,0.0,Ta25-V75,0.0,0.25,0.75,0.0,MATRIX_BIN_066_W75_V25,0.0,0.0,0.0,0.0,0.0,0.0,0.0,0.0,0.75,0.25,0.0,0.0,0.0
Ta25-V75,MATRIX_BIN_067_W87_V12,-0.20583905447734688,3.07386981,2.50019019,-0.084931073,5.875,0.0117399398910924,2.2724,0.23722192141537,0.0,Ta25-V75,0.0,0.25,0.75,0.0,MATRIX_BIN_067_W87_V12,0.0,0.0,0.0,0.0,0.0,0.0,0.0,0.0,0.875,0.125,0.0,0.0,0.0
Ta25-V75,MATRIX_TERN_068_Nb33_Mo33_Ta33,0.1916961657362726,3.07386981,3.725584467,-0.065262171,5.333333333,0.0229686657461987,1.7533333333333334,0.2904402788105596,-2.2222222222222228,Ta25-V75,0.0,0.25,0.75,0.0,MATRIX_TERN_068_Nb33_Mo33_Ta33,0.0,0.0,0.0,0.0,0.0,0.333333333,0.333333333,0.333333333,0.0,0.0,0.0,0.0,0.0
Ta25-V75,MATRIX_TERN_069_Nb33_Mo33_W33,0.178097512558713,3.07386981,3.674833441,-0.049686914,5.666666667,0.0233478654165369,2.0400000000000005,0.3216623488483951,-2.2222222222222223,Ta25-V75,0.0,0.25,0.75,0.0,MATRIX_TERN_069_Nb33_Mo33_W33,0.0,0.0,0.0,0.0,0.0,0.333333333,0.333333333,0.0,0.333333333,0.0,0.0,0.0,0.0
Ta25-V75,MATRIX_TERN_070_Nb33_Mo33_V33,0.1614631679521978,3.07386981,3.613773878,-0.013214523,5.333333333,0.0352382411938744,1.7966666666666669,0.2572072229848058,-1.777777777777778,Ta25-V75,0.0,0.25,0.75,0.0,MATRIX_TERN_070_Nb33_Mo33_V33,0.0,0.0,0.0,0.0,0.0,0.333333333,0.333333333,0.0,0.0,0.333333333,0.0,0.0,0.0
Ta25-V75,MATRIX_TERN_071_Nb33_Ta33_W33,0.19295213583180354,3.07386981,3.730310358,-0.031019427,5.333333333,0.0229686657461987,1.82,0.3840138886377244,-1.777777777777778,Ta25-V75,0.0,0.25,0.75,0.0,MATRIX_TERN_071_Nb33_Ta33_W33,0.0,0.0,0.0,0.0,0.0,0.0,0.333333333,0.333333333,0.333333333,0.0,0.0,0.0,0.0
Ta25-V75,MATRIX_TERN_072_Nb33_Ta33_V33,0.18086348986594872,3.07386981,3.685094771,0.08652521,5.0,0.0398370017569885,1.5766666666666669,0.0555777733351102,-0.8888888888888891,Ta25-V75,0.0,0.25,0.75,0.0,MATRIX_TERN_072_Nb33_Ta33_V33,0.0,0.0,0.0,0.0,0.0,0.0,0.333333333,0.333333333,0.0,0.333333333,0.0,0.0,0.0
Ta25-V75,MATRIX_TERN_073_Nb33_W33_V33,0.1638166390588529,3.07386981,3.622345558,0.018775382,5.333333333,0.0352382411938744,1.8633333333333333,0.351409858838492,-1.3333333333333337,Ta25-V75,0.0,0.25,0.75,0.0,MATRIX_TERN_073_Nb33_W33_V33,0.0,0.0,0.0,0.0,0.0,0.0,0.333333333,0.0,0.333333333,0.333333333,0.0,0.0,0.0
Ta25-V75,MATRIX_TERN_074_Mo33_Ta33_W33,0.17632046232037332,3.07386981,3.668257294,-0.093088097,5.666666667,0.0233478654165369,2.006666666666667,0.3674537007872178,-1.777777777777778,Ta25-V75,0.0,0.25,0.75,0.0,MATRIX_TERN_074_Mo33_Ta33_W33,0.0,0.0,0.0,0.0,0.0,0.333333333,0.0,0.333333333,0.333333333,0.0,0.0,0.0,0.0
Ta25-V75,MATRIX_TERN_075_Mo33_Ta33_V33,0.15976550713825058,3.07386981,3.607604365,-0.042224622,5.333333333,0.0352382411938744,1.7633333333333336,0.2854625875467553,-1.3333333333333337,Ta25-V75,0.0,0.25,0.75,0.0,MATRIX_TERN_075_Mo33_Ta33_V33,0.0,0.0,0.0,0.0,0.0,0.333333333,0.0,0.333333333,0.0,0.333333333,0.0,0.0,0.0
Ta25-V75,MATRIX_TERN_076_Mo33_W33_V33,0.14483762515695178,3.07386981,3.553840738,-0.074437179,5.666666667,0.0171627859511297,2.0500000000000003,0.3080043289739069,-0.8888888888888891,Ta25-V75,0.0,0.25,0.75,0.0,MATRIX_TERN_076_Mo33_W33_V33,0.0,0.0,0.0,0.0,0.0,0.333333333,0.0,0.0,0.333333333,0.333333333,0.0,0.0,0.0
Ta25-V75,MATRIX_TERN_077_Ta33_W33_V33,0.16220762179420406,3.07386981,3.616482912,-0.005449438,5.333333333,0.0352382411938744,1.83,0.3785058343892028,-0.4444444444444445,Ta25-V75,0.0,0.25,0.75,0.0,MATRIX_TERN_077_Ta33_W33_V33,0.0,0.0,0.0,0.0,0.0,0.0,0.0,0.333333333,0.333333333,0.333333333,0.0,0.0,0.0
Ta25-V75,B2_TERN_SOL_078_Ru_Hf87_Nb12,-0.18164378706458784,3.07386981,2.562008656,-1.091011246,6.0625,0.079929319846275,1.7680000000000002,0.4374654272053965,-14.1168,Ta25-V75,0.0,0.25,0.75,0.0,B2_TERN_SOL_078_Ru_Hf87_Nb12,0.5,0.4375,0.0,0.0,0.0,0.0,0.0625,0.0,0.0,0.0,0.0,0.0,0.0
Ta25-V75,B2_TERN_SOL_079_Ru_Hf75_Nb25,0.04679620618649387,3.07386981,3.221161604,-0.990479496,6.125,0.0772310128363896,1.786,0.4237971212738473,-13.1472,Ta25-V75,0.0,0.25,0.75,0.0,B2_TERN_SOL_079_Ru_Hf75_Nb25,0.5,0.375,0.0,0.0,0.0,0.0,0.125,0.0,0.0,0.0,0.0,0.0,0.0
Ta25-V75,B2_TERN_SOL_080_Ru_Hf87_Mo12,-0.1845941109217457,3.07386981,2.554397326,-1.011580317,6.125,0.0808002001785193,1.8016,0.4447172584912801,-14.16,Ta25-V75,0.0,0.25,0.75,0.0,B2_TERN_SOL_080_Ru_Hf87_Mo12,0.5,0.4375,0.0,0.0,0.0,0.0625,0.0,0.0,0.0,0.0,0.0,0.0,0.0
Ta25-V75,B2_TERN_SOL_081_Ru_Hf75_Mo25,0.04024800636330882,3.07386981,3.200127757,-0.833822359,6.25,0.0785362630419332,1.8532,0.4332686926146408,-13.32,Ta25-V75,0.0,0.25,0.75,0.0,B2_TERN_SOL_081_Ru_Hf75_Mo25,0.5,0.375,0.0,0.0,0.0,0.125,0.0,0.0,0.0,0.0,0.0,0.0,0.0
Ta25-V75,B2_TERN_SOL_082_Ru_Hf87_Ta12,-0.18230693962498087,3.07386981,2.560296043,-1.113680888,6.0625,0.079929319846275,1.7620000000000002,0.4404043596514458,-13.68,Ta25-V75,0.0,0.25,0.75,0.0,B2_TERN_SOL_082_Ru_Hf87_Ta12,0.5,0.4375,0.0,0.0,0.0,0.0,0.0,0.0625,0.0,0.0,0.0,0.0,0.0
Ta25-V75,B2_TERN_SOL_083_Ru_Hf75_Ta25,0.04536836685830306,3.07386981,3.216563145,-1.032519678,6.125,0.0772310128363896,1.774,0.4302603862778911,-12.36,Ta25-V75,0.0,0.25,0.75,0.0,B2_TERN_SOL_083_Ru_Hf75_Ta25,0.5,0.375,0.0,0.0,0.0,0.0,0.0,0.125,0.0,0.0,0.0,0.0,0.0
Ta25-V75,B2_TERN_SOL_084_Ru_Hf87_W12,-0.18461321490004182,3.07386981,2.554348108,-1.017173511,6.125,0.0808002001785193,1.8136,0.4567614694783263,-13.92,Ta25-V75,0.0,0.25,0.75,0.0,B2_TERN_SOL_084_Ru_Hf87_W12,0.5,0.4375,0.0,0.0,0.0,0.0,0.0,0.0,0.0625,0.0,0.0,0.0,0.0
Ta25-V75,B2_TERN_SOL_085_Ru_Hf75_W25,0.04048720006714018,3.07386981,3.200893611,-0.836868509,6.25,0.0785362630419332,1.8772,0.4546120983871855,-12.84,Ta25-V75,0.0,0.25,0.75,0.0,B2_TERN_SOL_085_Ru_Hf75_W25,0.5,0.375,0.0,0.0,0.0,0.0,0.0,0.0,0.125,0.0,0.0,0.0,0.0
Ta25-V75,B2_TERN_SOL_086_Ru_Hf87_V12,-0.18786997116281623,3.07386981,2.545970218,-1.063735031,6.0625,0.0824106716944606,1.7698,0.4368317296167943,-13.44,Ta25-V75,0.0,0.25,0.75,0.0,B2_TERN_SOL_086_Ru_Hf87_V12,0.5,0.4375,0.0,0.0,0.0,0.0,0.0,0.0,0.0,0.0625,0.0,0.0,0.0
Ta25-V75,B2_TERN_SOL_087_Ru_Hf75_V25,0.03419625368405344,3.07386981,3.180813173,-0.946727169,6.125,0.0813951555025931,1.7896,0.4223266981851847,-11.88,Ta25-V75,0.0,0.25,0.75,0.0,B2_TERN_SOL_087_Ru_Hf75_V25,0.5,0.375,0.0,0.0,0.0,0.0,0.0,0.0,0.0,0.125,0.0,0.0,0.0
Ta25-V75,B2_TERN_SOL_088_Ru_Ti87_Nb12,-0.2250256613680619,3.07386981,2.452124543,-0.983188993,6.0625,0.04588506177003,1.8736,0.3266910467092724,-9.6112,Ta25-V75,0.0,0.25,0.75,0.0,B2_TERN_SOL_088_Ru_Ti87_Nb12,0.5,0.0,0.4375,0.0,0.0,0.0,0.0625,0.0,0.0,0.0,0.0,0.0,0.0
Ta25-V75,B2_TERN_SOL_089_Ru_Ti75_Nb25,0.009401223964662999,3.07386981,3.102904429,-0.903188944,6.125,0.0454989552387946,1.8772,0.3233081502220444,-9.1648,Ta25-V75,0.0,0.25,0.75,0.0,B2_TERN_SOL_089_Ru_Ti75_Nb25,0.5,0.0,0.375,0.0,0.0,0.0,0.125,0.0,0.0,0.0,0.0,0.0,0.0
Ta25-V75,B2_TERN_SOL_090_Ru_Ti87_Mo12,-0.22869779279180605,3.07386981,2.443019595,-0.92145562,6.125,0.0449536510398423,1.9072,0.3256196554263886,-9.760000000000002,Ta25-V75,0.0,0.25,0.75,0.0,B2_TERN_SOL_090_Ru_Ti87_Mo12,0.5,0.0,0.4375,0.0,0.0,0.0625,0.0,0.0,0.0,0.0,0.0,0.0,0.0
Ta25-V75,B2_TERN_SOL_091_Ru_Ti75_Mo25,0.0032531955815722764,3.07386981,3.083886002,-0.762838311,6.25,0.0433128345312989,1.9444,0.3168416639269527,-9.52,Ta25-V75,0.0,0.25,0.75,0.0,B2_TERN_SOL_091_Ru_Ti75_Mo25,0.5,0.0,0.375,0.0,0.0,0.125,0.0,0.0,0.0,0.0,0.0,0.0,0.0
Ta25-V75,B2_TERN_SOL_092_Ru_Ti87_Ta12,-0.22567183304279415,3.07386981,2.4505202,-1.012091649,6.0625,0.04588506177003,1.8676,0.3325270515311499,-9.28,Ta25-V75,0.0,0.25,0.75,0.0,B2_TERN_SOL_092_Ru_Ti87_Ta12,0.5,0.0,0.4375,0.0,0.0,0.0,0.0,0.0625,0.0,0.0,0.0,0.0,0.0
Ta25-V75,B2_TERN_SOL_093_Ru_Ti75_Ta25,0.008077073422890844,3.07386981,3.098798357,-0.958150623,6.125,0.0454989552387946,1.8652,0.3350178502706983,-8.559999999999999,Ta25-V75,0.0,0.25,0.75,0.0,B2_TERN_SOL_093_Ru_Ti75_Ta25,0.5,0.0,0.375,0.0,0.0,0.0,0.0,0.125,0.0,0.0,0.0,0.0,0.0
Ta25-V75,B2_TERN_SOL_094_Ru_Ti87_W12,-0.22839575974255966,3.07386981,2.443767345,-0.933472753,6.125,0.0449536510398423,1.9192,0.338158779273879,-9.52,Ta25-V75,0.0,0.25,0.75,0.0,B2_TERN_SOL_094_Ru_Ti87_W12,0.5,0.0,0.4375,0.0,0.0,0.0,0.0,0.0,0.0625,0.0,0.0,0.0,0.0
Ta25-V75,B2_TERN_SOL_095_Ru_Ti75_W25,0.0027017938911581625,3.07386981,3.082186007,-0.789613358,6.25,0.0433128345312989,1.9684,0.3390596407713546,-9.04,Ta25-V75,0.0,0.25,0.75,0.0,B2_TERN_SOL_095_Ru_Ti75_W25,0.5,0.0,0.375,0.0,0.0,0.0,0.0,0.0,0.125,0.0,0.0,0.0,0.0
Ta25-V75,B2_TERN_SOL_096_Ru_Ti87_V12,-0.23291408576406147,3.07386981,2.432602346,-0.982724607,6.0625,0.0461854444311139,1.8754,0.3252581128888256,-9.04,Ta25-V75,0.0,0.25,0.75,0.0,B2_TERN_SOL_096_Ru_Ti87_V12,0.5,0.0,0.4375,0.0,0.0,0.0,0.0,0.0,0.0,0.0625,0.0,0.0,0.0
Ta25-V75,B2_TERN_SOL_097_Ru_Ti75_V25,-0.006158851993739792,3.07386981,3.05499642,-0.905306641,6.125,0.0454154582679287,1.8808,0.3203550530271062,-8.08,Ta25-V75,0.0,0.25,0.75,0.0,B2_TERN_SOL_097_Ru_Ti75_V25,0.5,0.0,0.375,0.0,0.0,0.0,0.0,0.0,0.0,0.125,0.0,0.0,0.0
Ta25-V75,B2_TERN_SOL_098_Ru_Zr87_Nb12,-0.1718871808429517,3.07386981,2.587326291,-0.890146496,6.0625,0.0860586382926536,1.7812,0.423370476060861,-16.756800000000002,Ta25-V75,0.0,0.25,0.75,0.0,B2_TERN_SOL_098_Ru_Zr87_Nb12,0.5,0.0,0.0,0.4375,0.0,0.0,0.0625,0.0,0.0,0.0,0.0,0.0,0.0
Ta25-V75,B2_TERN_SOL_099_Ru_Zr75_Nb25,0.05529707532429732,3.07386981,3.24867904,-0.818094975,6.125,0.0831528643327092,1.7974,0.4107739524361301,-15.4272,Ta25-V75,0.0,0.25,0.75,0.0,B2_TERN_SOL_099_Ru_Zr75_Nb25,0.5,0.0,0.0,0.375,0.0,0.0,0.125,0.0,0.0,0.0,0.0,0.0,0.0
Ta25-V75,B2_TERN_SOL_100_Ru_Zr87_Mo12,-0.17503694863853952,3.07386981,2.579128061,-0.806967569,6.125,0.0870934949098326,1.8148,0.4298289892503762,-16.8,Ta25-V75,0.0,0.25,0.75,0.0,B2_TERN_SOL_100_Ru_Zr87_Mo12,0.5,0.0,0.0,0.4375,0.0,0.0625,0.0,0.0,0.0,0.0,0.0,0.0,0.0
Ta25-V75,B2_TERN_SOL_101_Ru_Zr75_Mo25,0.04883995632016302,3.07386981,3.227755359,-0.655458039,6.25,0.084783177312234,1.8646000000000005,0.4187133148109814,-15.6,Ta25-V75,0.0,0.25,0.75,0.0,B2_TERN_SOL_101_Ru_Zr75_Mo25,0.5,0.0,0.0,0.375,0.0,0.125,0.0,0.0,0.0,0.0,0.0,0.0,0.0
Ta25-V75,B2_TERN_SOL_102_Ru_Zr87_Ta12,-0.17254927616754687,3.07386981,2.585601013,-0.911972703,6.0625,0.0860586382926536,1.7752,0.4265922643461787,-16.32,Ta25-V75,0.0,0.25,0.75,0.0,B2_TERN_SOL_102_Ru_Zr87_Ta12,0.5,0.0,0.0,0.4375,0.0,0.0,0.0,0.0625,0.0,0.0,0.0,0.0,0.0
Ta25-V75,B2_TERN_SOL_103_Ru_Zr75_Ta25,0.054009879826010035,3.07386981,3.244496924,-0.863325979,6.125,0.0831528643327091,1.7854,0.4177664898002233,-14.64,Ta25-V75,0.0,0.25,0.75,0.0,B2_TERN_SOL_103_Ru_Zr75_Ta25,0.5,0.0,0.0,0.375,0.0,0.0,0.0,0.125,0.0,0.0,0.0,0.0,0.0
Ta25-V75,B2_TERN_SOL_104_Ru_Zr87_W12,-0.17489575156770396,3.07386981,2.579495061,-0.814514579,6.125,0.0870934949098326,1.8268,0.4419205358432667,-16.56,Ta25-V75,0.0,0.25,0.75,0.0,B2_TERN_SOL_104_Ru_Zr87_W12,0.5,0.0,0.0,0.4375,0.0,0.0,0.0,0.0,0.0625,0.0,0.0,0.0,0.0
Ta25-V75,B2_TERN_SOL_105_Ru_Zr75_W25,0.049357388084463064,3.07386981,3.229426942,-0.661370427,6.25,0.084783177312234,1.8886,0.4401409319752027,-15.12,Ta25-V75,0.0,0.25,0.75,0.0,B2_TERN_SOL_105_Ru_Zr75_W25,0.5,0.0,0.0,0.375,0.0,0.0,0.0,0.0,0.125,0.0,0.0,0.0,0.0
Ta25-V75,B2_TERN_SOL_106_Ru_Zr87_V12,-0.17773864690513216,3.07386981,2.572114963,-0.856520623,6.0625,0.0887380403728719,1.783,0.4226594373724548,-16.08,Ta25-V75,0.0,0.25,0.75,0.0,B2_TERN_SOL_106_Ru_Zr87_V12,0.5,0.0,0.0,0.4375,0.0,0.0,0.0,0.0,0.0,0.0625,0.0,0.0,0.0
Ta25-V75,B2_TERN_SOL_107_Ru_Zr75_V25,0.04282196382070206,3.07386981,3.208378924,-0.759667971,6.125,0.0877123126458997,1.8010000000000002,0.4091564492953766,-14.16,Ta25-V75,0.0,0.25,0.75,0.0,B2_TERN_SOL_107_Ru_Zr75_V25,0.5,0.0,0.0,0.375,0.0,0.0,0.0,0.0,0.0,0.125,0.0,0.0,0.0
Ta25-V75,B2_PENALTY_108_Ru100Al0_Hf,0.5021868147799556,3.07386981,5.135083991,-1.187745448,6.0,0.0821917808219178,1.75,0.45,-15.0,Ta25-V75,0.0,0.25,0.75,0.0,B2_PENALTY_108_Ru100Al0_Hf,0.5,0.5,0.0,0.0,0.0,0.0,0.0,0.0,0.0,0.0,0.0,0.0,0.0
Ta25-V75,B2_PENALTY_109_Ru87Al12_Hf,-0.1750880330223427,3.07386981,2.578995294,-1.06443911,5.6875,0.0794670531912796,1.7146,0.4362027510229618,-15.312,Ta25-V75,0.0,0.25,0.75,0.0,B2_PENALTY_109_Ru87Al12_Hf,0.4375,0.5,0.0,0.0,0.0625,0.0,0.0,0.0,0.0,0.0,0.0,0.0,0.0
Ta25-V75,B2_PENALTY_110_Ru75Al25_Hf,0.06023408826594851,3.07386981,3.264770933,-0.95574225,5.375,0.0765104674756606,1.6792000000000002,0.4189741758151689,-15.048,Ta25-V75,0.0,0.25,0.75,0.0,B2_PENALTY_110_Ru75Al25_Hf,0.375,0.5,0.0,0.0,0.125,0.0,0.0,0.0,0.0,0.0,0.0,0.0,0.0
Ta25-V75,B2_PENALTY_111_Ru62Al37_Hf,-0.16549498844912414,3.07386981,2.60403723,-0.842813539,5.0625,0.072734714189907,1.6379,0.3939322149812072,-14.012,Ta25-V75,0.0,0.25,0.75,0.0,B2_PENALTY_111_Ru62Al37_Hf,0.3125,0.5,0.0,0.0,0.1875,0.0,0.0,0.0,0.0,0.0,0.0,0.0,0.0
Ta25-V75,B2_PENALTY_112_Ru50Al50_Hf,0.2985736500024222,3.07386981,4.152701731,-0.729649314,4.75,0.0691810843061248,1.6025,0.3674489760497368,-12.5,Ta25-V75,0.0,0.25,0.75,0.0,B2_PENALTY_112_Ru50Al50_Hf,0.25,0.5,0.0,0.0,0.25,0.0,0.0,0.0,0.0,0.0,0.0,0.0,0.0
Ta25-V75,B2_PENALTY_113_Ru87Cr12_Hf,-0.18145260354769283,3.07386981,2.562502587,-1.035615577,5.875,0.0853931303142513,1.7176,0.4356446258132884,-12.672,Ta25-V75,0.0,0.25,0.75,0.0,B2_PENALTY_113_Ru87Cr12_Hf,0.4375,0.5,0.0,0.0,0.0,0.0,0.0,0.0,0.0,0.0,0.0625,0.0,0.0
Ta25-V75,B2_PENALTY_114_Ru75Cr25_Hf,0.048118041958285444,3.07386981,3.225424668,-0.878162691,5.75,0.0884389348964152,1.6852000000000005,0.4182976930369089,-10.488,Ta25-V75,0.0,0.25,0.75,0.0,B2_PENALTY_114_Ru75Cr25_Hf,0.375,0.5,0.0,0.0,0.0,0.0,0.0,0.0,0.0,0.0,0.125,0.0,0.0
Ta25-V75,B2_PENALTY_115_Ru62Cr37_Hf,-0.1836916132184709,3.07386981,2.556723432,-0.716377173,5.625,0.0918154837201231,1.6474000000000002,0.3937476857074846,-8.122,Ta25-V75,0.0,0.25,0.75,0.0,B2_PENALTY_115_Ru62Cr37_Hf,0.3125,0.5,0.0,0.0,0.0,0.0,0.0,0.0,0.0,0.0,0.1875,0.0,0.0
Ta25-V75,B2_PENALTY_116_Ru50Cr50_Hf,0.2749087751510679,3.07386981,4.053567315,-0.552796357,5.5,0.09457197487001,1.615,0.3683408747342603,-6.25,Ta25-V75,0.0,0.25,0.75,0.0,B2_PENALTY_116_Ru50Cr50_Hf,0.25,0.5,0.0,0.0,0.0,0.0,0.0,0.0,0.0,0.0,0.25,0.0,0.0
Ta25-V75,B2_PENALTY_117_Ru87Cu12_Hf,-0.1787716421411377,3.07386981,2.569438099,-1.045192975,6.1875,0.0853931303142513,1.7320000000000002,0.4374654272053965,-14.4672,Ta25-V75,0.0,0.25,0.75,0.0,B2_PENALTY_117_Ru87Cu12_Hf,0.4375,0.5,0.0,0.0,0.0,0.0,0.0,0.0,0.0,0.0,0.0,0.0625,0.0
Ta25-V75,B2_PENALTY_118_Ru75Cu25_Hf,0.05147024546254339,3.07386981,3.236261822,-0.923389889,6.375,0.0884389348964152,1.7140000000000002,0.4237971212738473,-13.5888,Ta25-V75,0.0,0.25,0.75,0.0,B2_PENALTY_118_Ru75Cu25_Hf,0.375,0.5,0.0,0.0,0.0,0.0,0.0,0.0,0.0,0.0,0.0,0.125,0.0
Ta25-V75,B2_PENALTY_119_Ru62Cu37_Hf,-0.17922080976318533,3.07386981,2.568274935,-0.799684359,6.5625,0.0918154837201231,1.693,0.4062646920420233,-12.1272,Ta25-V75,0.0,0.25,0.75,0.0,B2_PENALTY_119_Ru62Cu37_Hf,0.3125,0.5,0.0,0.0,0.0,0.0,0.0,0.0,0.0,0.0,0.0,0.1875,0.0
Ta25-V75,B2_PENALTY_120_Ru50Cu50_Hf,0.28048487402222627,3.07386981,4.076680397,-0.677358279,6.75,0.09457197487001,1.675,0.3897114317029974,-10.5,Ta25-V75,0.0,0.25,0.75,0.0,B2_PENALTY_120_Ru50Cu50_Hf,0.25,0.5,0.0,0.0,0.0,0.0,0.0,0.0,0.0,0.0,0.0,0.25,0.0
Ta25-V75,B2_PENALTY_121_Ru87Si12_Hf,-0.17695084960652538,3.07386981,2.574158138,-1.089550642,5.75,0.0937602843775687,1.7320000000000002,0.4374654272053965,-12.3552,Ta25-V75,0.0,0.25,0.75,0.0,B2_PENALTY_121_Ru87Si12_Hf,0.4375,0.5,0.0,0.0,0.0,0.0,0.0,0.0,0.0,0.0,0.0,0.0,0.0625
Ta25-V75,B2_PENALTY_122_Ru75Si25_Hf,0.0552150670918505,3.07386981,3.248412429,-1.009713639,5.5,0.1038426921242283,1.7140000000000002,0.4237971212738473,-9.9408,Ta25-V75,0.0,0.25,0.75,0.0,B2_PENALTY_122_Ru75Si25_Hf,0.375,0.5,0.0,0.0,0.0,0.0,0.0,0.0,0.0,0.0,0.0,0.0,0.125
Ta25-V75,B2_PENALTY_123_Ru62Si37_Hf,-0.1734993643183756,3.07386981,2.583127124,-0.920694427,5.25,0.1142356063938751,1.693,0.4062646920420233,-7.4152,Ta25-V75,0.0,0.25,0.75,0.0,B2_PENALTY_123_Ru62Si37_Hf,0.3125,0.5,0.0,0.0,0.0,0.0,0.0,0.0,0.0,0.0,0.0,0.0,0.1875
Ta25-V75,B2_PENALTY_124_Ru50Si50_Hf,0.28796129991716773,3.07386981,4.107906653,-0.838327211,5.0,0.1222287117389678,1.6750000000000005,0.3897114317029974,-5.5,Ta25-V75,0.0,0.25,0.75,0.0,B2_PENALTY_124_Ru50Si50_Hf,0.25,0.5,0.0,0.0,0.0,0.0,0.0,0.0,0.0,0.0,0.0,0.0,0.25
Ta25-V75,B2_PENALTY_125_Ru100Al0_Ti,0.45448276165876716,3.07386981,4.881705796,-1.057956866,6.0,0.0462633451957295,1.87,0.33,-10.0,Ta25-V75,0.0,0.25,0.75,0.0,B2_PENALTY_125_Ru100Al0_Ti,0.5,0.0,0.5,0.0,0.0,0.0,0.0,0.0,0.0,0.0,0.0,0.0,0.0
Ta25-V75,B2_PENALTY_126_Ru87Al12_Ti,-0.22571847233171616,3.07386981,2.450404438,-0.970267174,5.6875,0.0447291357659921,1.8346,0.3242974560492266,-10.912,Ta25-V75,0.0,0.25,0.75,0.0,B2_PENALTY_126_Ru87Al12_Ti,0.4375,0.0,0.5,0.0,0.0625,0.0,0.0,0.0,0.0,0.0,0.0,0.0,0.0
Ta25-V75,B2_PENALTY_127_Ru75Al25_Ti,0.008366478525134545,3.07386981,3.09969531,-0.88819063,5.375,0.0428259601061415,1.7992,0.3145335594177512,-11.248,Ta25-V75,0.0,0.25,0.75,0.0,B2_PENALTY_127_Ru75Al25_Ti,0.375,0.0,0.5,0.0,0.125,0.0,0.0,0.0,0.0,0.0,0.0,0.0,0.0
Ta25-V75,B2_PENALTY_128_Ru62Al37_Ti,-0.21730147033839492,3.07386981,2.471374896,-0.804440265,5.0625,0.0400790404298587,1.7579,0.2974669561480737,-10.912,Ta25-V75,0.0,0.25,0.75,0.0,B2_PENALTY_128_Ru62Al37_Ti,0.3125,0.0,0.5,0.0,0.1875,0.0,0.0,0.0,0.0,0.0,0.0,0.0,0.0
Ta25-V75,B2_PENALTY_129_Ru50Al50_Ti,0.24686474507046455,3.07386981,3.939553259,-0.713701673,4.75,0.0371922251866817,1.7225,0.2771619562638422,-10.0,Ta25-V75,0.0,0.25,0.75,0.0,B2_PENALTY_129_Ru50Al50_Ti,0.25,0.0,0.5,0.0,0.25,0.0,0.0,0.0,0.0,0.0,0.0,0.0,0.0
Ta25-V75,B2_PENALTY_130_Ru87Cr12_Ti,-0.23218619764160386,3.07386981,2.434397938,-0.94270459,5.875,0.0499298619726951,1.8376,0.3224317602222213,-8.272,Ta25-V75,0.0,0.25,0.75,0.0,B2_PENALTY_130_Ru87Cr12_Ti,0.4375,0.0,0.5,0.0,0.0,0.0,0.0,0.0,0.0,0.0,0.0625,0.0,0.0
Ta25-V75,B2_PENALTY_131_Ru75Cr25_Ti,-0.0040490167756269384,3.07386981,3.061448806,-0.80961964,5.75,0.0532543770850372,1.8052,0.3113277372801852,-6.688,Ta25-V75,0.0,0.25,0.75,0.0,B2_PENALTY_131_Ru75Cr25_Ti,0.375,0.0,0.5,0.0,0.0,0.0,0.0,0.0,0.0,0.0,0.125,0.0,0.0
Ta25-V75,B2_PENALTY_132_Ru62Cr37_Ti,-0.23621654819866578,3.07386981,2.424470344,-0.675679922,5.625,0.0567786551293567,1.7674,0.2933619607242902,-5.022,Ta25-V75,0.0,0.25,0.75,0.0,B2_PENALTY_132_Ru62Cr37_Ti,0.3125,0.0,0.5,0.0,0.0,0.0,0.0,0.0,0.0,0.0,0.1875,0.0,0.0
Ta25-V75,B2_PENALTY_133_Ru50Cr50_Ti,0.22153928534040404,3.07386981,3.839681408,-0.538077974,5.5,0.0595429689109598,1.735,0.2729010809799038,-3.75,Ta25-V75,0.0,0.25,0.75,0.0,B2_PENALTY_133_Ru50Cr50_Ti,0.25,0.0,0.5,0.0,0.0,0.0,0.0,0.0,0.0,0.0,0.25,0.0,0.0
Ta25-V75,B2_PENALTY_134_Ru87Cu12_Ti,-0.22939365881315446,3.07386981,2.441297595,-0.919729937,6.1875,0.0499298619726951,1.852,0.3195246469366644,-10.0672,Ta25-V75,0.0,0.25,0.75,0.0,B2_PENALTY_134_Ru87Cu12_Ti,0.4375,0.0,0.5,0.0,0.0,0.0,0.0,0.0,0.0,0.0,0.0,0.0625,0.0
Ta25-V75,B2_PENALTY_135_Ru75Cu25_Ti,0.0002619166073206794,3.07386981,3.074675013,-0.801717189,6.375,0.0532543770850372,1.834,0.3076426498390625,-9.7888,Ta25-V75,0.0,0.25,0.75,0.0,B2_PENALTY_135_Ru75Cu25_Ti,0.375,0.0,0.5,0.0,0.0,0.0,0.0,0.0,0.0,0.0,0.0,0.125,0.0
Ta25-V75,B2_PENALTY_136_Ru62Cu37_Ti,-0.22984718706925705,3.07386981,2.440175866,-0.680640909,6.5625,0.0567786551293567,1.813,0.2917721713940519,-9.0272,Ta25-V75,0.0,0.25,0.75,0.0,B2_PENALTY_136_Ru62Cu37_Ti,0.3125,0.0,0.5,0.0,0.0,0.0,0.0,0.0,0.0,0.0,0.0,0.1875,0.0
Ta25-V75,B2_PENALTY_137_Ru50Cu50_Ti,0.23000367252077175,3.07386981,3.872743044,-0.557797759,6.75,0.0595429689109598,1.7950000000000002,0.2761792895928295,-8.0,Ta25-V75,0.0,0.25,0.75,0.0,B2_PENALTY_137_Ru50Cu50_Ti,0.25,0.0,0.5,0.0,0.0,0.0,0.0,0.0,0.0,0.0,0.0,0.25,0.0
Ta25-V75,B2_PENALTY_138_Ru87Si12_Ti,-0.22836290881549845,3.07386981,2.443848687,-0.989505902,5.75,0.0607546208741894,1.852,0.3195246469366644,-7.9552,Ta25-V75,0.0,0.25,0.75,0.0,B2_PENALTY_138_Ru87Si12_Ti,0.4375,0.0,0.5,0.0,0.0,0.0,0.0,0.0,0.0,0.0,0.0,0.0,0.0625
Ta25-V75,B2_PENALTY_139_Ru75Si25_Ti,0.0026577310903036586,3.07386981,3.0820502,-0.93611645,5.5,0.0719655963958058,1.834,0.3076426498390625,-6.1408,Ta25-V75,0.0,0.25,0.75,0.0,B2_PENALTY_139_Ru75Si25_Ti,0.375,0.0,0.5,0.0,0.0,0.0,0.0,0.0,0.0,0.0,0.0,0.0,0.125
Ta25-V75,B2_PENALTY_140_Ru62Si37_Ti,-0.22649800740586595,3.07386981,2.448470295,-0.869757039,5.25,0.0826499299050591,1.813,0.2917721713940519,-4.3152,Ta25-V75,0.0,0.25,0.75,0.0,B2_PENALTY_140_Ru62Si37_Ti,0.3125,0.0,0.5,0.0,0.0,0.0,0.0,0.0,0.0,0.0,0.0,0.0,0.1875
Ta25-V75,B2_PENALTY_141_Ru50Si50_Ti,0.23449250729825777,3.07386981,3.890404933,-0.808674347,5.0,0.090393746324797,1.795,0.2761792895928295,-3.0,Ta25-V75,0.0,0.25,0.75,0.0,B2_PENALTY_141_Ru50Si50_Ti,0.25,0.0,0.5,0.0,0.0,0.0,0.0,0.0,0.0,0.0,0.0,0.0,0.25
Ta25-V75,B2_PENALTY_142_Ru100Al0_Zr,0.5129293540240307,3.07386981,5.194385147,-0.960777489,6.0,0.0884353741496598,1.765,0.435,-18.0,Ta25-V75,0.0,0.25,0.75,0.0,B2_PENALTY_142_Ru100Al0_Zr,0.5,0.0,0.0,0.5,0.0,0.0,0.0,0.0,0.0,0.0,0.0,0.0,0.0
Ta25-V75,B2_PENALTY_143_Ru87Al12_Zr,-0.1637052517585833,3.07386981,2.608733784,-0.873588029,5.6875,0.0856069896776228,1.7296,0.421971373436635,-17.951999999999998,Ta25-V75,0.0,0.25,0.75,0.0,B2_PENALTY_143_Ru87Al12_Zr,0.4375,0.0,0.0,0.5,0.0625,0.0,0.0,0.0,0.0,0.0,0.0,0.0,0.0
Ta25-V75,B2_PENALTY_144_Ru75Al25_Zr,0.07167782104296554,3.07386981,3.302387941,-0.797935587,5.375,0.0825630715605787,1.6942000000000002,0.4054483444287324,-17.328,Ta25-V75,0.0,0.25,0.75,0.0,B2_PENALTY_144_Ru75Al25_Zr,0.375,0.0,0.0,0.5,0.125,0.0,0.0,0.0,0.0,0.0,0.0,0.0,0.0
Ta25-V75,B2_PENALTY_145_Ru62Al37_Zr,-0.15419113649194008,3.07386981,2.633831346,-0.726652657,5.0625,0.0787099182537501,1.6529,0.381143791763686,-15.872,Ta25-V75,0.0,0.25,0.75,0.0,B2_PENALTY_145_Ru62Al37_Zr,0.3125,0.0,0.0,0.5,0.1875,0.0,0.0,0.0,0.0,0.0,0.0,0.0,0.0
Ta25-V75,B2_PENALTY_146_Ru50Al50_Zr,0.30947295700591404,3.07386981,4.199293486,-0.654418284,4.75,0.0751158704347694,1.6175000000000002,0.3552024070864386,-14.0,Ta25-V75,0.0,0.25,0.75,0.0,B2_PENALTY_146_Ru50Al50_Zr,0.25,0.0,0.0,0.5,0.25,0.0,0.0,0.0,0.0,0.0,0.0,0.0,0.0
Ta25-V75,B2_PENALTY_147_Ru87Cr12_Zr,-0.17002704297544,3.07386981,2.592179044,-0.824075051,5.875,0.0915913075118357,1.7326,0.4212875977286776,-15.312,Ta25-V75,0.0,0.25,0.75,0.0,B2_PENALTY_147_Ru87Cr12_Zr,0.4375,0.0,0.0,0.5,0.0,0.0,0.0,0.0,0.0,0.0,0.0625,0.0,0.0
Ta25-V75,B2_PENALTY_148_Ru75Cr25_Zr,0.059387484735783494,3.07386981,3.262005664,-0.675888976,5.75,0.0946071432924222,1.7002000000000002,0.4045268347093924,-12.768,Ta25-V75,0.0,0.25,0.75,0.0,B2_PENALTY_148_Ru75Cr25_Zr,0.375,0.0,0.0,0.5,0.0,0.0,0.0,0.0,0.0,0.0,0.125,0.0,0.0
Ta25-V75,B2_PENALTY_149_Ru62Cr37_Zr,-0.17258774992176917,3.07386981,2.585500791,-0.525764636,5.625,0.097964971374696,1.6624,0.3805788223219995,-9.982,Ta25-V75,0.0,0.25,0.75,0.0,B2_PENALTY_149_Ru62Cr37_Zr,0.3125,0.0,0.0,0.5,0.0,0.0,0.0,0.0,0.0,0.0,0.1875,0.0,0.0
Ta25-V75,B2_PENALTY_150_Ru50Cr50_Zr,0.28567362869229274,3.07386981,4.09832298,-0.377855166,5.5,0.100717188245724,1.63,0.355598087733891,-7.75,Ta25-V75,0.0,0.25,0.75,0.0,B2_PENALTY_150_Ru50Cr50_Zr,0.25,0.0,0.0,0.5,0.0,0.0,0.0,0.0,0.0,0.0,0.25,0.0,0.0
Ta25-V75,B2_PENALTY_151_Ru87Cu12_Zr,-0.16756296288398012,3.07386981,2.598620194,-0.842497728,6.1875,0.0915913075118357,1.747,0.4226594373724548,-17.1072,Ta25-V75,0.0,0.25,0.75,0.0,B2_PENALTY_151_Ru87Cu12_Zr,0.4375,0.0,0.0,0.5,0.0,0.0,0.0,0.0,0.0,0.0,0.0,0.0625,0.0
Ta25-V75,B2_PENALTY_152_Ru75Cu25_Zr,0.06277040080307884,3.07386981,3.273069781,-0.744916574,6.375,0.0946071432924222,1.729,0.4091564492953766,-15.8688,Ta25-V75,0.0,0.25,0.75,0.0,B2_PENALTY_152_Ru75Cu25_Zr,0.375,0.0,0.0,0.5,0.0,0.0,0.0,0.0,0.0,0.0,0.0,0.125,0.0
Ta25-V75,B2_PENALTY_153_Ru62Cu37_Zr,-0.16793397510182295,3.07386981,2.597649425,-0.643740809,6.5625,0.097964971374696,1.708,0.3917728933961614,-13.9872,Ta25-V75,0.0,0.25,0.75,0.0,B2_PENALTY_153_Ru62Cu37_Zr,0.3125,0.0,0.0,0.5,0.0,0.0,0.0,0.0,0.0,0.0,0.0,0.1875,0.0
Ta25-V75,B2_PENALTY_154_Ru50Cu50_Zr,0.29186508170368547,3.07386981,4.124319928,-0.545283305,6.75,0.100717188245724,1.6900000000000002,0.3752998800959041,-12.0,Ta25-V75,0.0,0.25,0.75,0.0,B2_PENALTY_154_Ru50Cu50_Zr,0.25,0.0,0.0,0.5,0.0,0.0,0.0,0.0,0.0,0.0,0.0,0.25,0.0
Ta25-V75,B2_PENALTY_155_Ru87Si12_Zr,-0.16570451597230468,3.07386981,2.603487904,-0.898605077,5.75,0.0996987498196708,1.747,0.4226594373724548,-14.9952,Ta25-V75,0.0,0.25,0.75,0.0,B2_PENALTY_155_Ru87Si12_Zr,0.4375,0.0,0.0,0.5,0.0,0.0,0.0,0.0,0.0,0.0,0.0,0.0,0.0625
Ta25-V75,B2_PENALTY_156_Ru75Si25_Zr,0.06653334929154556,3.07386981,3.285422312,-0.857108746,5.5,0.1096308366502065,1.729,0.4091564492953766,-12.2208,Ta25-V75,0.0,0.25,0.75,0.0,B2_PENALTY_156_Ru75Si25_Zr,0.375,0.0,0.0,0.5,0.0,0.0,0.0,0.0,0.0,0.0,0.0,0.0,0.125
Ta25-V75,B2_PENALTY_157_Ru62Si37_Zr,-0.16247439947752376,3.07386981,2.611968248,-0.806319256,5.25,0.1199620550667942,1.708,0.3917728933961614,-9.2752,Ta25-V75,0.0,0.25,0.75,0.0,B2_PENALTY_157_Ru62Si37_Zr,0.3125,0.0,0.0,0.5,0.0,0.0,0.0,0.0,0.0,0.0,0.0,0.0,0.1875
Ta25-V75,B2_PENALTY_158_Ru50Si50_Zr,0.29804024392633893,3.07386981,4.150436873,-0.770078956,5.0,0.127965781170799,1.69,0.3752998800959041,-7.0,Ta25-V75,0.0,0.25,0.75,0.0,B2_PENALTY_158_Ru50Si50_Zr,0.25,0.0,0.0,0.5,0.0,0.0,0.0,0.0,0.0,0.0,0.0,0.0,0.25
Ta25-V75,B2_MULTI_159_A_Ru87_Al12_B_HfTi,-0.1986639713161594,3.07386981,2.518380484,-0.993246203,5.6875,0.0678797217863284,1.7746000000000002,0.3889997943444186,-13.112,Ta25-V75,0.0,0.25,0.75,0.0,B2_MULTI_159_A_Ru87_Al12_B_HfTi,0.4375,0.25,0.25,0.0,0.0625,0.0,0.0,0.0,0.0,0.0,0.0,0.0,0.0
Ta25-V75,B2_MULTI_160_A_Ru75_Al25_B_HfTi,0.03596540755198584,3.07386981,3.186447237,-0.900034303,5.375,0.0654597746128897,1.7392,0.3752803751863399,-13.148,Ta25-V75,0.0,0.25,0.75,0.0,B2_MULTI_160_A_Ru75_Al25_B_HfTi,0.375,0.25,0.25,0.0,0.125,0.0,0.0,0.0,0.0,0.0,0.0,0.0,0.0
Ta25-V75,B2_MULTI_161_A_Ru87_Al12_B_HfZr,-0.16933607442649004,3.07386981,2.593983772,-0.966894404,5.6875,0.0826853853075511,1.7221000000000002,0.4292115911761937,-16.631999999999998,Ta25-V75,0.0,0.25,0.75,0.0,B2_MULTI_161_A_Ru87_Al12_B_HfZr,0.4375,0.25,0.0,0.25,0.0625,0.0,0.0,0.0,0.0,0.0,0.0,0.0,0.0
Ta25-V75,B2_MULTI_162_A_Ru75_Al25_B_HfZr,0.0660455970115674,3.07386981,3.283818469,-0.87583034,5.375,0.0796873228030491,1.6867,0.4123349487976978,-16.188,Ta25-V75,0.0,0.25,0.75,0.0,B2_MULTI_162_A_Ru75_Al25_B_HfZr,0.375,0.25,0.0,0.25,0.125,0.0,0.0,0.0,0.0,0.0,0.0,0.0,0.0
Ta25-V75,B2_MULTI_163_A_Ru87_Al12_B_HfAl,-0.207778426735191,3.07386981,2.495293785,-4.954411074,2.8125,0.0553065594713224,1.8678,0.3451393341825878,-18.8,Ta25-V75,0.0,0.25,0.75,0.0,B2_MULTI_163_A_Ru87_Al12_B_HfAl,0.25,0.0625,0.0,0.0,0.1875,0.0,0.0,0.0,0.0,0.0,0.0,0.0,0.0
Ta25-V75,B2_MULTI_163_A_Ru87_Al13_B_HfAl,-0.20791194102463834,3.07386981,2.494957013,-1.044063929,5.4375,0.0671169315930914,1.7921,0.3795109879832204,-17.512,Ta25-V75,0.0,0.25,0.75,0.0,B2_MULTI_163_A_Ru87_Al13_B_HfAl,0.4375,0.25,0.0,0.0,0.3125,0.0,0.0,0.0,0.0,0.0,0.0,0.0,0.0
Ta25-V75,B2_MULTI_164_A_Ru75_Al25_B_HfAl,0.027903505777774115,3.07386981,3.160855152,-0.932800309,5.125,0.0647257979106258,1.7552475247524757,0.3655934929642944,-16.912067444368198,Ta25-V75,0.0,0.25,0.75,0.0,B2_MULTI_164_A_Ru75_Al25_B_HfAl,0.375,0.25,0.0,0.0,0.375,0.0,0.0,0.0,0.0,0.0,0.0,0.0,0.0
Ta25-V75,B2_MULTI_165_A_Ru87_Al12_B_TiZr,-0.1926703798318407,3.07386981,2.533666714,-0.881935538,5.6875,0.0727621617453034,1.7821000000000002,0.3799613006610016,-14.432,Ta25-V75,0.0,0.25,0.75,0.0,B2_MULTI_165_A_Ru87_Al12_B_TiZr,0.4375,0.0,0.25,0.25,0.0625,0.0,0.0,0.0,0.0,0.0,0.0,0.0,0.0
Ta25-V75,B2_MULTI_166_A_Ru75_Al25_B_TiZr,0.042193318349388824,3.07386981,3.206361714,-0.808063227,5.375,0.0703058182976203,1.7467,0.3666280267519111,-14.288,Ta25-V75,0.0,0.25,0.75,0.0,B2_MULTI_166_A_Ru75_Al25_B_TiZr,0.375,0.0,0.25,0.25,0.125,0.0,0.0,0.0,0.0,0.0,0.0,0.0,0.0
Ta25-V75,B2_MULTI_167_A_Ru87_Al12_B_TiAl,-0.23617507943729163,3.07386981,2.424572308,-5.952786629,1.5,0.0273038199437399,1.694324324324325,0.2239032192052839,-9.817384952520088,Ta25-V75,0.0,0.25,0.75,0.0,B2_MULTI_167_A_Ru87_Al12_B_TiAl,0.0625,0.0,0.0625,0.0,0.25,0.0,0.0,0.0,0.0,0.0,0.0,0.0,0.0
Ta25-V75,B2_MULTI_167_A_Ru87_Al13_B_TiAl,-0.23621662954018222,3.07386981,2.424470144,-1.021190861,5.4375,0.0396803315535911,1.8521,0.309477931361834,-15.312,Ta25-V75,0.0,0.25,0.75,0.0,B2_MULTI_167_A_Ru87_Al13_B_TiAl,0.4375,0.0,0.25,0.0,0.3125,0.0,0.0,0.0,0.0,0.0,0.0,0.0,0.0
Ta25-V75,B2_MULTI_168_A_Ru75_Al25_B_TiAl,-0.00096599422683872,3.07386981,3.070901903,-0.941385339,5.125,0.0380980563492807,1.814653465346535,0.3004965012116891,-15.049504950495049,Ta25-V75,0.0,0.25,0.75,0.0,B2_MULTI_168_A_Ru75_Al25_B_TiAl,0.375,0.0,0.25,0.0,0.375,0.0,0.0,0.0,0.0,0.0,0.0,0.0,0.0
Ta25-V75,B2_MULTI_169_A_Ru87_Al12_B_ZrAl,-0.2010041736048457,3.07386981,2.512434563,-3.978965604,3.1875,0.0773292902137734,1.9146938775510205,0.3828683476015858,-17.35276967930029,Ta25-V75,0.0,0.25,0.75,0.0,B2_MULTI_169_A_Ru87_Al12_B_ZrAl,0.3125,0.0,0.0,0.125,0.0625,0.0,0.0,0.0,0.0,0.0,0.0,0.0,0.0
Ta25-V75,B2_MULTI_169_A_Ru87_Al13_B_ZrAl,-0.20100452820494316,3.07386981,2.512433663,-0.95203949,5.4375,0.0724611766706071,1.7996,0.3698862527859072,-18.832,Ta25-V75,0.0,0.25,0.75,0.0,B2_MULTI_169_A_Ru87_Al13_B_ZrAl,0.4375,0.0,0.0,0.25,0.3125,0.0,0.0,0.0,0.0,0.0,0.0,0.0,0.0
Ta25-V75,B2_MULTI_170_A_Ru75_Al25_B_ZrAl,0.03397692868709961,3.07386981,3.180115415,-0.885427863,5.125,0.0699929276125827,1.762673267326733,0.356461962724668,-18.02960494069209,Ta25-V75,0.0,0.25,0.75,0.0,B2_MULTI_170_A_Ru75_Al25_B_ZrAl,0.375,0.0,0.0,0.25,0.375,0.0,0.0,0.0,0.0,0.0,0.0,0.0,0.0
Ta50-V50,B2_014_RuHf,-0.20522165405886844,3.15902895,2.571059804,-1.190557465,6.0,0.0821917808219178,1.75,0.45,-15.0,Ta50-V50,0.0,0.5,0.5,0.0,B2_014_RuHf,0.5,0.5,0.0,0.0,0.0,0.0,0.0,0.0,0.0,0.0,0.0,0.0,0.0
Ta50-V50,B2_015_RuTi,-0.25693641778626636,3.15902895,2.43976227,-1.048598035,6.0,0.0462633451957295,1.87,0.33,-10.0,Ta50-V50,0.0,0.5,0.5,0.0,B2_015_RuTi,0.5,0.0,0.5,0.0,0.0,0.0,0.0,0.0,0.0,0.0,0.0,0.0,0.0
Ta50-V50,B2_016_RuZr,-0.19615308658901257,3.15902895,2.59472104,-0.959079125,6.0,0.0884353741496598,1.765,0.435,-18.0,Ta50-V50,0.0,0.5,0.5,0.0,B2_016_RuZr,0.5,0.0,0.0,0.5,0.0,0.0,0.0,0.0,0.0,0.0,0.0,0.0,0.0
Ta50-V50,B2_017_RuAl,-0.27780115341677525,3.15902895,2.388477153,-1.00191235,5.5,0.0324909747292418,1.905,0.295,-20.0,Ta50-V50,0.0,0.5,0.5,0.0,B2_017_RuAl,0.5,0.0,0.0,0.0,0.5,0.0,0.0,0.0,0.0,0.0,0.0,0.0,0.0
Ta50-V50,MATRIX_BIN_018_Nb12_Mo87,-0.2264395707816027,3.15902895,2.516452193,-0.074598622,5.875,0.0162666672861703,2.0928,0.1819784602638455,-0.8448,Ta50-V50,0.0,0.5,0.5,0.0,MATRIX_BIN_018_Nb12_Mo87,0.0,0.0,0.0,0.0,0.0,0.875,0.125,0.0,0.0,0.0,0.0,0.0,0.0
Ta50-V50,MATRIX_BIN_019_Nb25_Mo75,0.009275600493770736,3.15902895,3.18846737,-0.093096702,5.75,0.0215352675896663,2.02,0.2424871130596428,-1.5,Ta50-V50,0.0,0.5,0.5,0.0,MATRIX_BIN_019_Nb25_Mo75,0.0,0.0,0.0,0.0,0.0,0.75,0.25,0.0,0.0,0.0,0.0,0.0,0.0
Ta50-V50,MATRIX_BIN_020_Nb50_Mo50,0.2516348211638358,3.15902895,4.068360358,-0.068167471,5.5,0.0245614035087719,1.88,0.28,-2.0,Ta50-V50,0.0,0.5,0.5,0.0,MATRIX_BIN_020_Nb50_Mo50,0.0,0.0,0.0,0.0,0.0,0.5,0.5,0.0,0.0,0.0,0.0,0.0,0.0
Ta50-V50,MATRIX_BIN_021_Nb75_Mo25,0.03644324856211447,3.15902895,3.276290931,-0.003897255,5.25,0.0210127480987559,1.7400000000000002,0.2424871130596428,-1.5,Ta50-V50,0.0,0.5,0.5,0.0,MATRIX_BIN_021_Nb75_Mo25,0.0,0.0,0.0,0.0,0.0,0.25,0.75,0.0,0.0,0.0,0.0,0.0,0.0
Ta50-V50,MATRIX_BIN_022_Nb87_Mo12,-0.18698167091518672,3.15902895,2.618850201,0.026755452,5.125,0.0156705067050018,1.6672000000000002,0.1819784602638455,-0.8448,Ta50-V50,0.0,0.5,0.5,0.0,MATRIX_BIN_022_Nb87_Mo12,0.0,0.0,0.0,0.0,0.0,0.125,0.875,0.0,0.0,0.0,0.0,0.0,0.0
Ta50-V50,MATRIX_BIN_023_Nb12_Ta87,-0.1830939074070237,3.15902895,2.629139739,0.01664066,5.0,0.0,1.512,0.0324961536185438,-0.4224,Ta50-V50,0.0,0.5,0.5,0.0,MATRIX_BIN_023_Nb12_Ta87,0.0,0.0,0.0,0.0,0.0,0.0,0.125,0.875,0.0,0.0,0.0,0.0,0.0
Ta50-V50,MATRIX_BIN_024_Nb25_Ta75,0.048080869728897066,3.15902895,3.314659229,0.02257152,5.0,0.0,1.525,0.0433012701892219,-0.75,Ta50-V50,0.0,0.5,0.5,0.0,MATRIX_BIN_024_Nb25_Ta75,0.0,0.0,0.0,0.0,0.0,0.0,0.25,0.75,0.0,0.0,0.0,0.0,0.0
Ta50-V50,MATRIX_BIN_025_Nb50_Ta50,0.2785893430887656,3.15902895,4.181529649,0.032388069,5.0,0.0,1.55,0.05,-1.0,Ta50-V50,0.0,0.5,0.5,0.0,MATRIX_BIN_025_Nb50_Ta50,0.0,0.0,0.0,0.0,0.0,0.0,0.5,0.5,0.0,0.0,0.0,0.0,0.0
Ta50-V50,MATRIX_BIN_026_Nb75_Ta25,0.05037680617406196,3.15902895,3.322282844,0.043369138,5.0,0.0,1.5750000000000002,0.0433012701892219,-0.75,Ta50-V50,0.0,0.5,0.5,0.0,MATRIX_BIN_026_Nb75_Ta25,0.0,0.0,0.0,0.0,0.0,0.0,0.75,0.25,0.0,0.0,0.0,0.0,0.0
Ta50-V50,MATRIX_BIN_027_Nb87_Ta12,-0.17972448972743435,3.15902895,2.638087089,0.04776952,5.0,0.0,1.588,0.0324961536185438,-0.4224,Ta50-V50,0.0,0.5,0.5,0.0,MATRIX_BIN_027_Nb87_Ta12,0.0,0.0,0.0,0.0,0.0,0.0,0.875,0.125,0.0,0.0,0.0,0.0,0.0
Ta50-V50,MATRIX_BIN_028_Nb12_W87,-0.22112348669683685,3.15902895,2.53003601,-0.064576028,5.875,0.0162666672861703,2.2688,0.2469707675009331,-0.8448,Ta50-V50,0.0,0.5,0.5,0.0,MATRIX_BIN_028_Nb12_W87,0.0,0.0,0.0,0.0,0.0,0.0,0.125,0.0,0.875,0.0,0.0,0.0,0.0
Ta50-V50,MATRIX_BIN_029_Nb25_W75,0.013540188716715867,3.15902895,3.202094355,-0.067975525,5.75,0.0215352675896663,2.17,0.3290896534380866,-1.5,Ta50-V50,0.0,0.5,0.5,0.0,MATRIX_BIN_029_Nb25_W75,0.0,0.0,0.0,0.0,0.0,0.0,0.25,0.0,0.75,0.0,0.0,0.0,0.0
Ta50-V50,MATRIX_BIN_030_Nb50_W50,0.2537386495151078,3.15902895,4.077067638,-0.024208031,5.5,0.0245614035087719,1.98,0.3799999999999999,-2.0,Ta50-V50,0.0,0.5,0.5,0.0,MATRIX_BIN_030_Nb50_W50,0.0,0.0,0.0,0.0,0.0,0.0,0.5,0.0,0.5,0.0,0.0,0.0,0.0
Ta50-V50,MATRIX_BIN_031_Nb75_W25,0.037009804344776506,3.15902895,3.278148285,0.026336168,5.25,0.0210127480987559,1.79,0.3290896534380866,-1.5,Ta50-V50,0.0,0.5,0.5,0.0,MATRIX_BIN_031_Nb75_W25,0.0,0.0,0.0,0.0,0.0,0.0,0.75,0.0,0.25,0.0,0.0,0.0,0.0
Ta50-V50,MATRIX_BIN_032_Nb87_W12,-0.18653286335923241,3.15902895,2.620036168,0.042204846,5.125,0.0156705067050018,1.6912,0.2469707675009331,-0.8448,Ta50-V50,0.0,0.5,0.5,0.0,MATRIX_BIN_032_Nb87_W12,0.0,0.0,0.0,0.0,0.0,0.0,0.875,0.0,0.125,0.0,0.0,0.0,0.0
Ta50-V50,MATRIX_BIN_033_Nb12_V87,-0.2703639180048316,3.15902895,2.406649618,0.08248568,5.0,0.0287916304948704,1.6263999999999998,0.009748846085563,-0.4224,Ta50-V50,0.0,0.5,0.5,0.0,MATRIX_BIN_033_Nb12_V87,0.0,0.0,0.0,0.0,0.0,0.0,0.125,0.0,0.0,0.875,0.0,0.0,0.0
Ta50-V50,MATRIX_BIN_034_Nb25_V75,-0.025076125673682892,3.15902895,3.080793662,0.119704924,5.0,0.0379281198737709,1.6225,0.0129903810567664,-0.75,Ta50-V50,0.0,0.5,0.5,0.0,MATRIX_BIN_034_Nb25_V75,0.0,0.0,0.0,0.0,0.0,0.0,0.25,0.0,0.0,0.75,0.0,0.0,0.0
Ta50-V50,MATRIX_BIN_035_Nb50_V50,0.2343695864159981,3.15902895,3.997687259,0.146260085,5.0,0.0428571428571428,1.615,0.0149999999999999,-1.0,Ta50-V50,0.0,0.5,0.5,0.0,MATRIX_BIN_035_Nb50_V50,0.0,0.0,0.0,0.0,0.0,0.0,0.5,0.0,0.0,0.5,0.0,0.0,0.0
Ta50-V50,MATRIX_BIN_036_Nb75_V25,0.02916542452729905,3.15902895,3.252526823,0.114812331,5.0,0.0363367302287176,1.6075000000000002,0.0129903810567664,-0.75,Ta50-V50,0.0,0.5,0.5,0.0,MATRIX_BIN_036_Nb75_V25,0.0,0.0,0.0,0.0,0.0,0.0,0.75,0.0,0.0,0.25,0.0,0.0,0.0
Ta50-V50,MATRIX_BIN_037_Nb87_V12,-0.19026446041387293,3.15902895,2.61019026,0.086073827,5.0,0.0269752243651442,1.6036,0.009748846085563,-0.4224,Ta50-V50,0.0,0.5,0.5,0.0,MATRIX_BIN_037_Nb87_V12,0.0,0.0,0.0,0.0,0.0,0.0,0.875,0.0,0.0,0.125,0.0,0.0,0.0
Ta50-V50,MATRIX_BIN_038_Mo12_Ta87,-0.1905491131446255,3.15902895,2.609440574,-0.021898875,5.125,0.0156705067050018,1.5792000000000002,0.2144746138823893,-0.8448,Ta50-V50,0.0,0.5,0.5,0.0,MATRIX_BIN_038_Mo12_Ta87,0.0,0.0,0.0,0.0,0.0,0.125,0.0,0.875,0.0,0.0,0.0,0.0,0.0
Ta50-V50,MATRIX_BIN_039_Mo25_Ta75,0.03299437207549673,3.15902895,3.265007474,-0.045341345,5.25,0.0210127480987559,1.665,0.2857883832488648,-1.5,Ta50-V50,0.0,0.5,0.5,0.0,MATRIX_BIN_039_Mo25_Ta75,0.0,0.0,0.0,0.0,0.0,0.25,0.0,0.75,0.0,0.0,0.0,0.0,0.0
Ta50-V50,MATRIX_BIN_040_Mo50_Ta50,0.24878809787437006,3.15902895,4.056611707,-0.115010835,5.5,0.0245614035087719,1.83,0.33,-2.0,Ta50-V50,0.0,0.5,0.5,0.0,MATRIX_BIN_040_Mo50_Ta50,0.0,0.0,0.0,0.0,0.0,0.5,0.0,0.5,0.0,0.0,0.0,0.0,0.0
Ta50-V50,MATRIX_BIN_041_Mo75_Ta25,0.007758527898892163,3.15902895,3.183633813,-0.13445637,5.75,0.0215352675896663,1.995,0.2857883832488648,-1.5,Ta50-V50,0.0,0.5,0.5,0.0,MATRIX_BIN_041_Mo75_Ta25,0.0,0.0,0.0,0.0,0.0,0.75,0.0,0.25,0.0,0.0,0.0,0.0,0.0
Ta50-V50,MATRIX_BIN_042_Mo87_Ta12,-0.22721469587139345,3.15902895,2.514476987,-0.10635318,5.875,0.0162666672861703,2.0808,0.2144746138823893,-0.8448,Ta50-V50,0.0,0.5,0.5,0.0,MATRIX_BIN_042_Mo87_Ta12,0.0,0.0,0.0,0.0,0.0,0.875,0.0,0.125,0.0,0.0,0.0,0.0,0.0
Ta50-V50,MATRIX_BIN_043_Mo12_W87,-0.22683204735942117,3.15902895,2.515451896,-0.03228228,6.0,0.0,2.336,0.0649923072370876,-0.4224,Ta50-V50,0.0,0.5,0.5,0.0,MATRIX_BIN_043_Mo12_W87,0.0,0.0,0.0,0.0,0.0,0.125,0.0,0.0,0.875,0.0,0.0,0.0,0.0
Ta50-V50,MATRIX_BIN_044_Mo25_W75,0.00250185677535661,3.15902895,3.166942287,-0.031021756,6.0,0.0,2.31,0.0866025403784437,-0.75,Ta50-V50,0.0,0.5,0.5,0.0,MATRIX_BIN_044_Mo25_W75,0.0,0.0,0.0,0.0,0.0,0.25,0.0,0.0,0.75,0.0,0.0,0.0,0.0
Ta50-V50,MATRIX_BIN_045_Mo50_W50,0.23103629061491182,3.15902895,3.984201707,-0.031400886,6.0,0.0,2.26,0.0999999999999998,-1.0,Ta50-V50,0.0,0.5,0.5,0.0,MATRIX_BIN_045_Mo50_W50,0.0,0.0,0.0,0.0,0.0,0.5,0.0,0.0,0.5,0.0,0.0,0.0,0.0
Ta50-V50,MATRIX_BIN_046_Mo75_W25,-0.00046122652104590257,3.15902895,3.157572258,-0.029765179,6.0,0.0,2.21,0.0866025403784437,-0.75,Ta50-V50,0.0,0.5,0.5,0.0,MATRIX_BIN_046_Mo75_W25,0.0,0.0,0.0,0.0,0.0,0.75,0.0,0.0,0.25,0.0,0.0,0.0,0.0
Ta50-V50,MATRIX_BIN_047_Mo87_W12,-0.23133852844209213,3.15902895,2.503991537,-0.029998622,6.0,0.0,2.184,0.0649923072370876,-0.4224,Ta50-V50,0.0,0.5,0.5,0.0,MATRIX_BIN_047_Mo87_W12,0.0,0.0,0.0,0.0,0.0,0.875,0.0,0.0,0.125,0.0,0.0,0.0,0.0
Ta50-V50,MATRIX_BIN_048_Mo12_V87,-0.2800405251728434,3.15902895,2.383028597,-0.006338223,5.125,0.0120713795016878,1.6936,0.1722296141782824,-0.4224,Ta50-V50,0.0,0.5,0.5,0.0,MATRIX_BIN_048_Mo12_V87,0.0,0.0,0.0,0.0,0.0,0.125,0.0,0.0,0.0,0.875,0.0,0.0,0.0
Ta50-V50,MATRIX_BIN_049_Mo25_V75,-0.043957537070373906,3.15902895,3.023152221,-0.037424369,5.25,0.0160078632862187,1.7625,0.2294967320028763,-0.75,Ta50-V50,0.0,0.5,0.5,0.0,MATRIX_BIN_049_Mo25_V75,0.0,0.0,0.0,0.0,0.0,0.25,0.0,0.0,0.0,0.75,0.0,0.0,0.0
Ta50-V50,MATRIX_BIN_050_Mo50_V50,0.20013023801487081,3.15902895,3.861543353,-0.097449414,5.5,0.0183150183150182,1.895,0.2650000000000001,-1.0,Ta50-V50,0.0,0.5,0.5,0.0,MATRIX_BIN_050_Mo50_V50,0.0,0.0,0.0,0.0,0.0,0.5,0.0,0.0,0.0,0.5,0.0,0.0,0.0
Ta50-V50,MATRIX_BIN_051_Mo75_V25,-0.016443300683192538,3.15902895,3.107507677,-0.114008179,5.75,0.0157173394516231,2.0275,0.2294967320028763,-0.75,Ta50-V50,0.0,0.5,0.5,0.0,MATRIX_BIN_051_Mo75_V25,0.0,0.0,0.0,0.0,0.0,0.75,0.0,0.0,0.0,0.25,0.0,0.0,0.0
Ta50-V50,MATRIX_BIN_052_Mo87_V12,-0.23906360045834407,3.15902895,2.484453351,-0.088360288,5.875,0.0117399398910924,2.0964,0.1722296141782824,-0.4224,Ta50-V50,0.0,0.5,0.5,0.0,MATRIX_BIN_052_Mo87_V12,0.0,0.0,0.0,0.0,0.0,0.875,0.0,0.0,0.0,0.125,0.0,0.0,0.0
Ta50-V50,MATRIX_BIN_053_Ta12_W87,-0.22178021344994447,3.15902895,2.528354403,-0.093051999,5.875,0.0162666672861703,2.2568,0.279466921119477,-0.4224,Ta50-V50,0.0,0.5,0.5,0.0,MATRIX_BIN_053_Ta12_W87,0.0,0.0,0.0,0.0,0.0,0.0,0.0,0.125,0.875,0.0,0.0,0.0,0.0
Ta50-V50,MATRIX_BIN_054_Ta25_W75,0.012196073068827385,3.15902895,3.197793083,-0.107372831,5.75,0.0215352675896663,2.145,0.3723909236273086,-0.75,Ta50-V50,0.0,0.5,0.5,0.0,MATRIX_BIN_054_Ta25_W75,0.0,0.0,0.0,0.0,0.0,0.0,0.0,0.25,0.75,0.0,0.0,0.0,0.0
Ta50-V50,MATRIX_BIN_055_Ta50_W50,0.25162932184604175,3.15902895,4.068337625,-0.070797609,5.5,0.0245614035087719,1.93,0.4299999999999999,-1.0,Ta50-V50,0.0,0.5,0.5,0.0,MATRIX_BIN_055_Ta50_W50,0.0,0.0,0.0,0.0,0.0,0.0,0.0,0.5,0.5,0.0,0.0,0.0,0.0
Ta50-V50,MATRIX_BIN_056_Ta75_W25,0.034091273151816086,3.15902895,3.268591838,-0.021707099,5.25,0.0210127480987559,1.715,0.3723909236273086,-0.75,Ta50-V50,0.0,0.5,0.5,0.0,MATRIX_BIN_056_Ta75_W25,0.0,0.0,0.0,0.0,0.0,0.0,0.0,0.75,0.25,0.0,0.0,0.0,0.0
Ta50-V50,MATRIX_BIN_057_Ta87_W12,-0.19005348302851607,3.15902895,2.610746034,-0.005622646,5.125,0.0156705067050018,1.6032,0.279466921119477,-0.4224,Ta50-V50,0.0,0.5,0.5,0.0,MATRIX_BIN_057_Ta87_W12,0.0,0.0,0.0,0.0,0.0,0.0,0.0,0.875,0.125,0.0,0.0,0.0,0.0
Ta50-V50,MATRIX_BIN_058_Ta12_V87,-0.2706713571648624,3.15902895,2.405896049,0.06873568,5.0,0.0287916304948704,1.6143999999999998,0.0422449997041069,0.0,Ta50-V50,0.0,0.5,0.5,0.0,MATRIX_BIN_058_Ta12_V87,0.0,0.0,0.0,0.0,0.0,0.0,0.0,0.125,0.0,0.875,0.0,0.0,0.0
Ta50-V50,MATRIX_BIN_059_Ta25_V75,-0.025321110156520263,3.15902895,3.080038888,0.103170482,5.0,0.0379281198737709,1.5975,0.0562916512459884,0.0,Ta50-V50,0.0,0.5,0.5,0.0,MATRIX_BIN_059_Ta25_V75,0.0,0.0,0.0,0.0,0.0,0.0,0.0,0.25,0.0,0.75,0.0,0.0,0.0
Ta50-V50,MATRIX_BIN_060_Ta50_V50,0.23300906351026454,3.15902895,3.992176831,0.118279576,5.0,0.0428571428571428,1.565,0.0649999999999999,0.0,Ta50-V50,0.0,0.5,0.5,0.0,MATRIX_BIN_060_Ta50_V50,0.0,0.0,0.0,0.0,0.0,0.0,0.0,0.5,0.0,0.5,0.0,0.0,0.0
Ta50-V50,MATRIX_BIN_061_Ta75_V25,0.026616519764264268,3.15902895,3.244245389,0.083356798,5.0,0.0363367302287176,1.5325,0.0562916512459884,0.0,Ta50-V50,0.0,0.5,0.5,0.0,MATRIX_BIN_061_Ta75_V25,0.0,0.0,0.0,0.0,0.0,0.0,0.0,0.75,0.0,0.25,0.0,0.0,0.0
Ta50-V50,MATRIX_BIN_062_Ta87_V12,-0.1935438686783817,3.15902895,2.601565119,0.048231505,5.0,0.0269752243651442,1.5156,0.0422449997041069,0.0,Ta50-V50,0.0,0.5,0.5,0.0,MATRIX_BIN_062_Ta87_V12,0.0,0.0,0.0,0.0,0.0,0.0,0.0,0.875,0.0,0.125,0.0,0.0,0.0
Ta50-V50,MATRIX_BIN_063_W12_V87,-0.2785771186636115,3.15902895,2.38658796,0.007573578,5.125,0.0120713795016878,1.7175999999999998,0.23722192141537,0.0,Ta50-V50,0.0,0.5,0.5,0.0,MATRIX_BIN_063_W12_V87,0.0,0.0,0.0,0.0,0.0,0.0,0.0,0.0,0.125,0.875,0.0,0.0,0.0
Ta50-V50,MATRIX_BIN_064_W25_V75,-0.04087628581124133,3.15902895,3.032485885,-0.010397496,5.25,0.0160078632862187,1.8125,0.3160992723813201,0.0,Ta50-V50,0.0,0.5,0.5,0.0,MATRIX_BIN_064_W25_V75,0.0,0.0,0.0,0.0,0.0,0.0,0.0,0.0,0.25,0.75,0.0,0.0,0.0
Ta50-V50,MATRIX_BIN_065_W50_V50,0.20529758030120124,3.15902895,3.881757122,-0.05491275,5.5,0.0183150183150182,1.995,0.365,0.0,Ta50-V50,0.0,0.5,0.5,0.0,MATRIX_BIN_065_W50_V50,0.0,0.0,0.0,0.0,0.0,0.0,0.0,0.0,0.5,0.5,0.0,0.0,0.0
Ta50-V50,MATRIX_BIN_066_W75_V25,-0.010157434784292216,3.15902895,3.12710346,-0.09208095,5.75,0.0157173394516231,2.1775,0.3160992723813201,0.0,Ta50-V50,0.0,0.5,0.5,0.0,MATRIX_BIN_066_W75_V25,0.0,0.0,0.0,0.0,0.0,0.0,0.0,0.0,0.75,0.25,0.0,0.0,0.0
Ta50-V50,MATRIX_BIN_067_W87_V12,-0.23283733805013956,3.15902895,2.50019019,-0.084931073,5.875,0.0117399398910924,2.2724,0.23722192141537,0.0,Ta50-V50,0.0,0.5,0.5,0.0,MATRIX_BIN_067_W87_V12,0.0,0.0,0.0,0.0,0.0,0.0,0.0,0.0,0.875,0.125,0.0,0.0,0.0
Ta50-V50,MATRIX_TERN_068_Nb33_Mo33_Ta33,0.16458600728430697,3.15902895,3.725584467,-0.065262171,5.333333333,0.0229686657461987,1.7533333333333334,0.2904402788105596,-2.2222222222222228,Ta50-V50,0.0,0.5,0.5,0.0,MATRIX_TERN_068_Nb33_Mo33_Ta33,0.0,0.0,0.0,0.0,0.0,0.333333333,0.333333333,0.333333333,0.0,0.0,0.0,0.0,0.0
Ta50-V50,MATRIX_TERN_069_Nb33_Mo33_W33,0.15095548066033626,3.15902895,3.674833441,-0.049686914,5.666666667,0.0233478654165369,2.0400000000000005,0.3216623488483951,-2.2222222222222223,Ta50-V50,0.0,0.5,0.5,0.0,MATRIX_TERN_069_Nb33_Mo33_W33,0.0,0.0,0.0,0.0,0.0,0.333333333,0.333333333,0.0,0.333333333,0.0,0.0,0.0,0.0
Ta50-V50,MATRIX_TERN_070_Nb33_Mo33_V33,0.13428559476735435,3.15902895,3.613773878,-0.013214523,5.333333333,0.0352382411938744,1.7966666666666669,0.2572072229848058,-1.777777777777778,Ta50-V50,0.0,0.5,0.5,0.0,MATRIX_TERN_070_Nb33_Mo33_V33,0.0,0.0,0.0,0.0,0.0,0.333333333,0.333333333,0.0,0.0,0.333333333,0.0,0.0,0.0
Ta50-V50,MATRIX_TERN_071_Nb33_Ta33_W33,0.16584504912876616,3.15902895,3.730310358,-0.031019427,5.333333333,0.0229686657461987,1.82,0.3840138886377244,-1.777777777777778,Ta50-V50,0.0,0.5,0.5,0.0,MATRIX_TERN_071_Nb33_Ta33_W33,0.0,0.0,0.0,0.0,0.0,0.0,0.333333333,0.333333333,0.333333333,0.0,0.0,0.0,0.0
Ta50-V50,MATRIX_TERN_072_Nb33_Ta33_V33,0.1537277356298685,3.15902895,3.685094771,0.08652521,5.0,0.0398370017569885,1.5766666666666669,0.0555777733351102,-0.8888888888888891,Ta50-V50,0.0,0.5,0.5,0.0,MATRIX_TERN_072_Nb33_Ta33_V33,0.0,0.0,0.0,0.0,0.0,0.0,0.333333333,0.333333333,0.0,0.333333333,0.0,0.0,0.0
Ta50-V50,MATRIX_TERN_073_Nb33_W33_V33,0.13664386399937783,3.15902895,3.622345558,0.018775382,5.333333333,0.0352382411938744,1.8633333333333333,0.351409858838492,-1.3333333333333337,Ta50-V50,0.0,0.5,0.5,0.0,MATRIX_TERN_073_Nb33_W33_V33,0.0,0.0,0.0,0.0,0.0,0.0,0.333333333,0.0,0.333333333,0.333333333,0.0,0.0,0.0
Ta50-V50,MATRIX_TERN_074_Mo33_Ta33_W33,0.14917445257184675,3.15902895,3.668257294,-0.093088097,5.666666667,0.0233478654165369,2.006666666666667,0.3674537007872178,-1.777777777777778,Ta50-V50,0.0,0.5,0.5,0.0,MATRIX_TERN_074_Mo33_Ta33_W33,0.0,0.0,0.0,0.0,0.0,0.333333333,0.0,0.333333333,0.333333333,0.0,0.0,0.0,0.0
Ta50-V50,MATRIX_TERN_075_Mo33_Ta33_V33,0.13258451998739632,3.15902895,3.607604365,-0.042224622,5.333333333,0.0352382411938744,1.7633333333333336,0.2854625875467553,-1.3333333333333337,Ta50-V50,0.0,0.5,0.5,0.0,MATRIX_TERN_075_Mo33_Ta33_V33,0.0,0.0,0.0,0.0,0.0,0.333333333,0.0,0.333333333,0.0,0.333333333,0.0,0.0,0.0
Ta50-V50,MATRIX_TERN_076_Mo33_W33_V33,0.11762831884127578,3.15902895,3.553840738,-0.074437179,5.666666667,0.0171627859511297,2.0500000000000003,0.3080043289739069,-0.8888888888888891,Ta50-V50,0.0,0.5,0.5,0.0,MATRIX_TERN_076_Mo33_W33_V33,0.0,0.0,0.0,0.0,0.0,0.333333333,0.0,0.0,0.333333333,0.333333333,0.0,0.0,0.0
Ta50-V50,MATRIX_TERN_077_Ta33_W33_V33,0.13503155815152487,3.15902895,3.616482912,-0.005449438,5.333333333,0.0352382411938744,1.83,0.3785058343892028,-0.4444444444444445,Ta50-V50,0.0,0.5,0.5,0.0,MATRIX_TERN_077_Ta33_W33_V33,0.0,0.0,0.0,0.0,0.0,0.0,0.0,0.333333333,0.333333333,0.333333333,0.0,0.0,0.0
Ta50-V50,B2_TERN_SOL_078_Ru_Hf87_Nb12,-0.20871049453472162,3.15902895,2.562008656,-1.091011246,6.0625,0.079929319846275,1.7680000000000002,0.4374654272053965,-14.1168,Ta50-V50,0.0,0.5,0.5,0.0,B2_TERN_SOL_078_Ru_Hf87_Nb12,0.5,0.4375,0.0,0.0,0.0,0.0,0.0625,0.0,0.0,0.0,0.0,0.0,0.0
Ta50-V50,B2_TERN_SOL_079_Ru_Hf75_Nb25,0.019476739283608553,3.15902895,3.221161604,-0.990479496,6.125,0.0772310128363896,1.786,0.4237971212738473,-13.1472,Ta50-V50,0.0,0.5,0.5,0.0,B2_TERN_SOL_079_Ru_Hf75_Nb25,0.5,0.375,0.0,0.0,0.0,0.0,0.125,0.0,0.0,0.0,0.0,0.0,0.0
Ta50-V50,B2_TERN_SOL_080_Ru_Hf87_Mo12,-0.21165290135617393,3.15902895,2.554397326,-1.011580317,6.125,0.0808002001785193,1.8016,0.4447172584912801,-14.16,Ta50-V50,0.0,0.5,0.5,0.0,B2_TERN_SOL_080_Ru_Hf87_Mo12,0.5,0.4375,0.0,0.0,0.0,0.0625,0.0,0.0,0.0,0.0,0.0,0.0,0.0
Ta50-V50,B2_TERN_SOL_081_Ru_Hf75_Mo25,0.012925867027230035,3.15902895,3.200127757,-0.833822359,6.25,0.0785362630419332,1.8532,0.4332686926146408,-13.32,Ta50-V50,0.0,0.5,0.5,0.0,B2_TERN_SOL_081_Ru_Hf75_Mo25,0.5,0.375,0.0,0.0,0.0,0.125,0.0,0.0,0.0,0.0,0.0,0.0,0.0
Ta50-V50,B2_TERN_SOL_082_Ru_Hf87_Ta12,-0.20937187788167363,3.15902895,2.560296043,-1.113680888,6.0625,0.079929319846275,1.7620000000000002,0.4404043596514458,-13.68,Ta50-V50,0.0,0.5,0.5,0.0,B2_TERN_SOL_082_Ru_Hf87_Ta12,0.5,0.4375,0.0,0.0,0.0,0.0,0.0,0.0625,0.0,0.0,0.0,0.0,0.0
Ta50-V50,B2_TERN_SOL_083_Ru_Hf75_Ta25,0.018048267248816103,3.15902895,3.216563145,-1.032519678,6.125,0.0772310128363896,1.774,0.4302603862778911,-12.36,Ta50-V50,0.0,0.5,0.5,0.0,B2_TERN_SOL_083_Ru_Hf75_Ta25,0.5,0.375,0.0,0.0,0.0,0.0,0.0,0.125,0.0,0.0,0.0,0.0,0.0
Ta50-V50,B2_TERN_SOL_084_Ru_Hf87_W12,-0.21167195368396424,3.15902895,2.554348108,-1.017173511,6.125,0.0808002001785193,1.8136,0.4567614694783263,-13.92,Ta50-V50,0.0,0.5,0.5,0.0,B2_TERN_SOL_084_Ru_Hf87_W12,0.5,0.4375,0.0,0.0,0.0,0.0,0.0,0.0,0.0625,0.0,0.0,0.0,0.0
Ta50-V50,B2_TERN_SOL_085_Ru_Hf75_W25,0.01316514803394631,3.15902895,3.200893611,-0.836868509,6.25,0.0785362630419332,1.8772,0.4546120983871855,-12.84,Ta50-V50,0.0,0.5,0.5,0.0,B2_TERN_SOL_085_Ru_Hf75_W25,0.5,0.375,0.0,0.0,0.0,0.0,0.0,0.0,0.125,0.0,0.0,0.0,0.0
Ta50-V50,B2_TERN_SOL_086_Ru_Hf87_V12,-0.21491983221968464,3.15902895,2.545970218,-1.063735031,6.0625,0.0824106716944606,1.7698,0.4368317296167943,-13.44,Ta50-V50,0.0,0.5,0.5,0.0,B2_TERN_SOL_086_Ru_Hf87_V12,0.5,0.4375,0.0,0.0,0.0,0.0,0.0,0.0,0.0,0.0625,0.0,0.0,0.0
Ta50-V50,B2_TERN_SOL_087_Ru_Hf75_V25,0.00687216576607488,3.15902895,3.180813173,-0.946727169,6.125,0.0813951555025931,1.7896,0.4223266981851847,-11.88,Ta50-V50,0.0,0.5,0.5,0.0,B2_TERN_SOL_087_Ru_Hf75_V25,0.5,0.375,0.0,0.0,0.0,0.0,0.0,0.0,0.0,0.125,0.0,0.0,0.0
Ta50-V50,B2_TERN_SOL_088_Ru_Ti87_Nb12,-0.25196402411086216,3.15902895,2.452124543,-0.983188993,6.0625,0.04588506177003,1.8736,0.3266910467092724,-9.6112,Ta50-V50,0.0,0.5,0.5,0.0,B2_TERN_SOL_088_Ru_Ti87_Nb12,0.5,0.0,0.4375,0.0,0.0,0.0,0.0625,0.0,0.0,0.0,0.0,0.0,0.0
Ta50-V50,B2_TERN_SOL_089_Ru_Ti75_Nb25,-0.017925620604083432,3.15902895,3.102904429,-0.903188944,6.125,0.0454989552387946,1.8772,0.3233081502220444,-9.1648,Ta50-V50,0.0,0.5,0.5,0.0,B2_TERN_SOL_089_Ru_Ti75_Nb25,0.5,0.0,0.375,0.0,0.0,0.0,0.125,0.0,0.0,0.0,0.0,0.0,0.0
Ta50-V50,B2_TERN_SOL_090_Ru_Ti87_Mo12,-0.2556241165168268,3.15902895,2.443019595,-0.92145562,6.125,0.0449536510398423,1.9072,0.3256196554263886,-9.760000000000002,Ta50-V50,0.0,0.5,0.5,0.0,B2_TERN_SOL_090_Ru_Ti87_Mo12,0.5,0.0,0.4375,0.0,0.0,0.0625,0.0,0.0,0.0,0.0,0.0,0.0,0.0
Ta50-V50,B2_TERN_SOL_091_Ru_Ti75_Mo25,-0.02407303273478915,3.15902895,3.083886002,-0.762838311,6.25,0.0433128345312989,1.9444,0.3168416639269527,-9.52,Ta50-V50,0.0,0.5,0.5,0.0,B2_TERN_SOL_091_Ru_Ti75_Mo25,0.5,0.0,0.375,0.0,0.0,0.125,0.0,0.0,0.0,0.0,0.0,0.0,0.0
Ta50-V50,B2_TERN_SOL_092_Ru_Ti87_Ta12,-0.25260809061633765,3.15902895,2.4505202,-1.012091649,6.0625,0.04588506177003,1.8676,0.3325270515311499,-9.28,Ta50-V50,0.0,0.5,0.5,0.0,B2_TERN_SOL_092_Ru_Ti87_Ta12,0.5,0.0,0.4375,0.0,0.0,0.0,0.0,0.0625,0.0,0.0,0.0,0.0,0.0
Ta50-V50,B2_TERN_SOL_093_Ru_Ti75_Ta25,-0.01924968205262747,3.15902895,3.098798357,-0.958150623,6.125,0.0454989552387946,1.8652,0.3350178502706983,-8.559999999999999,Ta50-V50,0.0,0.5,0.5,0.0,B2_TERN_SOL_093_Ru_Ti75_Ta25,0.5,0.0,0.375,0.0,0.0,0.0,0.0,0.125,0.0,0.0,0.0,0.0,0.0
Ta50-V50,B2_TERN_SOL_094_Ru_Ti87_W12,-0.25532308059756087,3.15902895,2.443767345,-0.933472753,6.125,0.0449536510398423,1.9192,0.338158779273879,-9.52,Ta50-V50,0.0,0.5,0.5,0.0,B2_TERN_SOL_094_Ru_Ti87_W12,0.5,0.0,0.4375,0.0,0.0,0.0,0.0,0.0,0.0625,0.0,0.0,0.0,0.0
Ta50-V50,B2_TERN_SOL_095_Ru_Ti75_W25,-0.024624353921287437,3.15902895,3.082186007,-0.789613358,6.25,0.0433128345312989,1.9684,0.3390596407713546,-9.04,Ta50-V50,0.0,0.5,0.5,0.0,B2_TERN_SOL_095_Ru_Ti75_W25,0.5,0.0,0.375,0.0,0.0,0.0,0.0,0.0,0.125,0.0,0.0,0.0,0.0
Ta50-V50,B2_TERN_SOL_096_Ru_Ti87_V12,-0.25982636033947837,3.15902895,2.432602346,-0.982724607,6.0625,0.0461854444311139,1.8754,0.3252581128888256,-9.04,Ta50-V50,0.0,0.5,0.5,0.0,B2_TERN_SOL_096_Ru_Ti87_V12,0.5,0.0,0.4375,0.0,0.0,0.0,0.0,0.0,0.0,0.0625,0.0,0.0,0.0
Ta50-V50,B2_TERN_SOL_097_Ru_Ti75_V25,-0.03348313655179043,3.15902895,3.05499642,-0.905306641,6.125,0.0454154582679287,1.8808,0.3203550530271062,-8.08,Ta50-V50,0.0,0.5,0.5,0.0,B2_TERN_SOL_097_Ru_Ti75_V25,0.5,0.0,0.375,0.0,0.0,0.0,0.0,0.0,0.0,0.125,0.0,0.0,0.0
Ta50-V50,B2_TERN_SOL_098_Ru_Zr87_Nb12,-0.19897922596950704,3.15902895,2.587326291,-0.890146496,6.0625,0.0860586382926536,1.7812,0.423370476060861,-16.756800000000002,Ta50-V50,0.0,0.5,0.5,0.0,B2_TERN_SOL_098_Ru_Zr87_Nb12,0.5,0.0,0.0,0.4375,0.0,0.0,0.0625,0.0,0.0,0.0,0.0,0.0,0.0
Ta50-V50,B2_TERN_SOL_099_Ru_Zr75_Nb25,0.027981952404794175,3.15902895,3.24867904,-0.818094975,6.125,0.0831528643327092,1.7974,0.4107739524361301,-15.4272,Ta50-V50,0.0,0.5,0.5,0.0,B2_TERN_SOL_099_Ru_Zr75_Nb25,0.5,0.0,0.0,0.375,0.0,0.0,0.125,0.0,0.0,0.0,0.0,0.0,0.0
Ta50-V50,B2_TERN_SOL_100_Ru_Zr87_Mo12,-0.2021209555222469,3.15902895,2.579128061,-0.806967569,6.125,0.0870934949098326,1.8148,0.4298289892503762,-16.8,Ta50-V50,0.0,0.5,0.5,0.0,B2_TERN_SOL_100_Ru_Zr87_Mo12,0.5,0.0,0.0,0.4375,0.0,0.0625,0.0,0.0,0.0,0.0,0.0,0.0,0.0
Ta50-V50,B2_TERN_SOL_101_Ru_Zr75_Mo25,0.02152144355435753,3.15902895,3.227755359,-0.655458039,6.25,0.084783177312234,1.8646000000000005,0.4187133148109814,-15.6,Ta50-V50,0.0,0.5,0.5,0.0,B2_TERN_SOL_101_Ru_Zr75_Mo25,0.5,0.0,0.0,0.375,0.0,0.125,0.0,0.0,0.0,0.0,0.0,0.0,0.0
Ta50-V50,B2_TERN_SOL_102_Ru_Zr87_Ta12,-0.1996396428293324,3.15902895,2.585601013,-0.911972703,6.0625,0.0860586382926536,1.7752,0.4265922643461787,-16.32,Ta50-V50,0.0,0.5,0.5,0.0,B2_TERN_SOL_102_Ru_Zr87_Ta12,0.5,0.0,0.0,0.4375,0.0,0.0,0.0,0.0625,0.0,0.0,0.0,0.0,0.0
Ta50-V50,B2_TERN_SOL_103_Ru_Zr75_Ta25,0.026694035655269916,3.15902895,3.244496924,-0.863325979,6.125,0.0831528643327091,1.7854,0.4177664898002233,-14.64,Ta50-V50,0.0,0.5,0.5,0.0,B2_TERN_SOL_103_Ru_Zr75_Ta25,0.5,0.0,0.0,0.375,0.0,0.0,0.0,0.125,0.0,0.0,0.0,0.0,0.0
Ta50-V50,B2_TERN_SOL_104_Ru_Zr87_W12,-0.20198012167906232,3.15902895,2.579495061,-0.814514579,6.125,0.0870934949098326,1.8268,0.4419205358432667,-16.56,Ta50-V50,0.0,0.5,0.5,0.0,B2_TERN_SOL_104_Ru_Zr87_W12,0.5,0.0,0.0,0.4375,0.0,0.0,0.0,0.0,0.0625,0.0,0.0,0.0,0.0
Ta50-V50,B2_TERN_SOL_105_Ru_Zr75_W25,0.022039125945334068,3.15902895,3.229426942,-0.661370427,6.25,0.084783177312234,1.8886,0.4401409319752027,-15.12,Ta50-V50,0.0,0.5,0.5,0.0,B2_TERN_SOL_105_Ru_Zr75_W25,0.5,0.0,0.0,0.375,0.0,0.0,0.0,0.0,0.125,0.0,0.0,0.0,0.0
Ta50-V50,B2_TERN_SOL_106_Ru_Zr87_V12,-0.20481565143345928,3.15902895,2.572114963,-0.856520623,6.0625,0.0887380403728719,1.783,0.4226594373724548,-16.08,Ta50-V50,0.0,0.5,0.5,0.0,B2_TERN_SOL_106_Ru_Zr87_V12,0.5,0.0,0.0,0.4375,0.0,0.0,0.0,0.0,0.0,0.0625,0.0,0.0,0.0
Ta50-V50,B2_TERN_SOL_107_Ru_Zr75_V25,0.015500805029786171,3.15902895,3.208378924,-0.759667971,6.125,0.0877123126458997,1.8010000000000002,0.4091564492953766,-14.16,Ta50-V50,0.0,0.5,0.5,0.0,B2_TERN_SOL_107_Ru_Zr75_V25,0.5,0.0,0.0,0.375,0.0,0.0,0.0,0.0,0.0,0.125,0.0,0.0,0.0
Ta50-V50,B2_PENALTY_108_Ru100Al0_Hf,0.4764958121637905,3.15902895,5.135083991,-1.187745448,6.0,0.0821917808219178,1.75,0.45,-15.0,Ta50-V50,0.0,0.5,0.5,0.0,B2_PENALTY_108_Ru100Al0_Hf,0.5,0.5,0.0,0.0,0.0,0.0,0.0,0.0,0.0,0.0,0.0,0.0,0.0
Ta50-V50,B2_PENALTY_109_Ru87Al12_Hf,-0.20217190842527932,3.15902895,2.578995294,-1.06443911,5.6875,0.0794670531912796,1.7146,0.4362027510229618,-15.312,Ta50-V50,0.0,0.5,0.5,0.0,B2_PENALTY_109_Ru87Al12_Hf,0.4375,0.5,0.0,0.0,0.0625,0.0,0.0,0.0,0.0,0.0,0.0,0.0,0.0
Ta50-V50,B2_PENALTY_110_Ru75Al25_Hf,0.032921941818217657,3.15902895,3.264770933,-0.95574225,5.375,0.0765104674756606,1.6792000000000002,0.4189741758151689,-15.048,Ta50-V50,0.0,0.5,0.5,0.0,B2_PENALTY_110_Ru75Al25_Hf,0.375,0.5,0.0,0.0,0.125,0.0,0.0,0.0,0.0,0.0,0.0,0.0,0.0
Ta50-V50,B2_PENALTY_111_Ru62Al37_Hf,-0.19260293137914314,3.15902895,2.60403723,-0.842813539,5.0625,0.072734714189907,1.6379,0.3939322149812072,-14.012,Ta50-V50,0.0,0.5,0.5,0.0,B2_PENALTY_111_Ru62Al37_Hf,0.3125,0.5,0.0,0.0,0.1875,0.0,0.0,0.0,0.0,0.0,0.0,0.0,0.0
Ta50-V50,B2_PENALTY_112_Ru50Al50_Hf,0.2718023473107733,3.15902895,4.152701731,-0.729649314,4.75,0.0691810843061248,1.6025,0.3674489760497368,-12.5,Ta50-V50,0.0,0.5,0.5,0.0,B2_PENALTY_112_Ru50Al50_Hf,0.25,0.5,0.0,0.0,0.25,0.0,0.0,0.0,0.0,0.0,0.0,0.0,0.0
Ta50-V50,B2_PENALTY_113_Ru87Cr12_Hf,-0.2085198199616251,3.15902895,2.562502587,-1.035615577,5.875,0.0853931303142513,1.7176,0.4356446258132884,-12.672,Ta50-V50,0.0,0.5,0.5,0.0,B2_PENALTY_113_Ru87Cr12_Hf,0.4375,0.5,0.0,0.0,0.0,0.0,0.0,0.0,0.0,0.0,0.0625,0.0,0.0
Ta50-V50,B2_PENALTY_114_Ru75Cr25_Hf,0.020799185638315926,3.15902895,3.225424668,-0.878162691,5.75,0.0884389348964152,1.6852000000000005,0.4182976930369089,-10.488,Ta50-V50,0.0,0.5,0.5,0.0,B2_PENALTY_114_Ru75Cr25_Hf,0.375,0.5,0.0,0.0,0.0,0.0,0.0,0.0,0.0,0.0,0.125,0.0,0.0
Ta50-V50,B2_PENALTY_115_Ru62Cr37_Hf,-0.21075283803293357,3.15902895,2.556723432,-0.716377173,5.625,0.0918154837201231,1.6474000000000002,0.3937476857074846,-8.122,Ta50-V50,0.0,0.5,0.5,0.0,B2_PENALTY_115_Ru62Cr37_Hf,0.3125,0.5,0.0,0.0,0.0,0.0,0.0,0.0,0.0,0.0,0.1875,0.0,0.0
Ta50-V50,B2_PENALTY_116_Ru50Cr50_Hf,0.24804892222814565,3.15902895,4.053567315,-0.552796357,5.5,0.09457197487001,1.615,0.3683408747342603,-6.25,Ta50-V50,0.0,0.5,0.5,0.0,B2_PENALTY_116_Ru50Cr50_Hf,0.25,0.5,0.0,0.0,0.0,0.0,0.0,0.0,0.0,0.0,0.25,0.0,0.0
Ta50-V50,B2_PENALTY_117_Ru87Cu12_Hf,-0.20584594306182594,3.15902895,2.569438099,-1.045192975,6.1875,0.0853931303142513,1.7320000000000002,0.4374654272053965,-14.4672,Ta50-V50,0.0,0.5,0.5,0.0,B2_PENALTY_117_Ru87Cu12_Hf,0.4375,0.5,0.0,0.0,0.0,0.0,0.0,0.0,0.0,0.0,0.0,0.0625,0.0
Ta50-V50,B2_PENALTY_118_Ru75Cu25_Hf,0.024153044717885964,3.15902895,3.236261822,-0.923389889,6.375,0.0884389348964152,1.7140000000000002,0.4237971212738473,-13.5888,Ta50-V50,0.0,0.5,0.5,0.0,B2_PENALTY_118_Ru75Cu25_Hf,0.375,0.5,0.0,0.0,0.0,0.0,0.0,0.0,0.0,0.0,0.0,0.125,0.0
Ta50-V50,B2_PENALTY_119_Ru62Cu37_Hf,-0.2062939305690431,3.15902895,2.568274935,-0.799684359,6.5625,0.0918154837201231,1.693,0.4062646920420233,-12.1272,Ta50-V50,0.0,0.5,0.5,0.0,B2_PENALTY_119_Ru62Cu37_Hf,0.3125,0.5,0.0,0.0,0.0,0.0,0.0,0.0,0.0,0.0,0.0,0.1875,0.0
Ta50-V50,B2_PENALTY_120_Ru50Cu50_Hf,0.25364519302602095,3.15902895,4.076680397,-0.677358279,6.75,0.09457197487001,1.675,0.3897114317029974,-10.5,Ta50-V50,0.0,0.5,0.5,0.0,B2_PENALTY_120_Ru50Cu50_Hf,0.25,0.5,0.0,0.0,0.0,0.0,0.0,0.0,0.0,0.0,0.0,0.25,0.0
Ta50-V50,B2_PENALTY_121_Ru87Si12_Hf,-0.2040299062363339,3.15902895,2.574158138,-1.089550642,5.75,0.0937602843775687,1.7320000000000002,0.4374654272053965,-12.3552,Ta50-V50,0.0,0.5,0.5,0.0,B2_PENALTY_121_Ru87Si12_Hf,0.4375,0.5,0.0,0.0,0.0,0.0,0.0,0.0,0.0,0.0,0.0,0.0,0.0625
Ta50-V50,B2_PENALTY_122_Ru75Si25_Hf,0.027899897545047795,3.15902895,3.248412429,-1.009713639,5.5,0.1038426921242283,1.7140000000000002,0.4237971212738473,-9.9408,Ta50-V50,0.0,0.5,0.5,0.0,B2_PENALTY_122_Ru75Si25_Hf,0.375,0.5,0.0,0.0,0.0,0.0,0.0,0.0,0.0,0.0,0.0,0.0,0.125
Ta50-V50,B2_PENALTY_123_Ru62Si37_Hf,-0.2005873120055496,3.15902895,2.583127124,-0.920694427,5.25,0.1142356063938751,1.693,0.4062646920420233,-7.4152,Ta50-V50,0.0,0.5,0.5,0.0,B2_PENALTY_123_Ru62Si37_Hf,0.3125,0.5,0.0,0.0,0.0,0.0,0.0,0.0,0.0,0.0,0.0,0.0,0.1875
Ta50-V50,B2_PENALTY_124_Ru50Si50_Hf,0.26114933579658406,3.15902895,4.107906653,-0.838327211,5.0,0.1222287117389678,1.6750000000000005,0.3897114317029974,-5.5,Ta50-V50,0.0,0.5,0.5,0.0,B2_PENALTY_124_Ru50Si50_Hf,0.25,0.5,0.0,0.0,0.0,0.0,0.0,0.0,0.0,0.0,0.0,0.0,0.25
Ta50-V50,B2_PENALTY_125_Ru100Al0_Ti,0.42848742071910156,3.15902895,4.881705796,-1.057956866,6.0,0.0462633451957295,1.87,0.33,-10.0,Ta50-V50,0.0,0.5,0.5,0.0,B2_PENALTY_125_Ru100Al0_Ti,0.5,0.0,0.5,0.0,0.0,0.0,0.0,0.0,0.0,0.0,0.0,0.0,0.0
Ta50-V50,B2_PENALTY_126_Ru87Al12_Ti,-0.2526545777389665,3.15902895,2.450404438,-0.970267174,5.6875,0.0447291357659921,1.8346,0.3242974560492266,-10.912,Ta50-V50,0.0,0.5,0.5,0.0,B2_PENALTY_126_Ru87Al12_Ti,0.4375,0.0,0.5,0.0,0.0625,0.0,0.0,0.0,0.0,0.0,0.0,0.0,0.0
Ta50-V50,B2_PENALTY_127_Ru75Al25_Ti,-0.018960298468237737,3.15902895,3.09969531,-0.88819063,5.375,0.0428259601061415,1.7992,0.3145335594177512,-11.248,Ta50-V50,0.0,0.5,0.5,0.0,B2_PENALTY_127_Ru75Al25_Ti,0.375,0.0,0.5,0.0,0.125,0.0,0.0,0.0,0.0,0.0,0.0,0.0,0.0
Ta50-V50,B2_PENALTY_128_Ru62Al37_Ti,-0.24426455821229567,3.15902895,2.471374896,-0.804440265,5.0625,0.0400790404298587,1.7579,0.2974669561480737,-10.912,Ta50-V50,0.0,0.5,0.5,0.0,B2_PENALTY_128_Ru62Al37_Ti,0.3125,0.0,0.5,0.0,0.1875,0.0,0.0,0.0,0.0,0.0,0.0,0.0,0.0
Ta50-V50,B2_PENALTY_129_Ru50Al50_Ti,0.2199099160985712,3.15902895,3.939553259,-0.713701673,4.75,0.0371922251866817,1.7225,0.2771619562638422,-10.0,Ta50-V50,0.0,0.5,0.5,0.0,B2_PENALTY_129_Ru50Al50_Ti,0.25,0.0,0.5,0.0,0.25,0.0,0.0,0.0,0.0,0.0,0.0,0.0,0.0
Ta50-V50,B2_PENALTY_130_Ru87Cr12_Ti,-0.2591009148808598,3.15902895,2.434397938,-0.94270459,5.875,0.0499298619726951,1.8376,0.3224317602222213,-8.272,Ta50-V50,0.0,0.5,0.5,0.0,B2_PENALTY_130_Ru87Cr12_Ti,0.4375,0.0,0.5,0.0,0.0,0.0,0.0,0.0,0.0,0.0,0.0625,0.0,0.0
Ta50-V50,B2_PENALTY_131_Ru75Cr25_Ti,-0.03137384227630381,3.15902895,3.061448806,-0.80961964,5.75,0.0532543770850372,1.8052,0.3113277372801852,-6.688,Ta50-V50,0.0,0.5,0.5,0.0,B2_PENALTY_131_Ru75Cr25_Ti,0.375,0.0,0.5,0.0,0.0,0.0,0.0,0.0,0.0,0.0,0.125,0.0,0.0
Ta50-V50,B2_PENALTY_132_Ru62Cr37_Ti,-0.26311764981840446,3.15902895,2.424470344,-0.675679922,5.625,0.0567786551293567,1.7674,0.2933619607242902,-5.022,Ta50-V50,0.0,0.5,0.5,0.0,B2_PENALTY_132_Ru62Cr37_Ti,0.3125,0.0,0.5,0.0,0.0,0.0,0.0,0.0,0.0,0.0,0.1875,0.0,0.0
Ta50-V50,B2_PENALTY_133_Ru50Cr50_Ti,0.19450796594888886,3.15902895,3.839681408,-0.538077974,5.5,0.0595429689109598,1.735,0.2729010809799038,-3.75,Ta50-V50,0.0,0.5,0.5,0.0,B2_PENALTY_133_Ru50Cr50_Ti,0.25,0.0,0.5,0.0,0.0,0.0,0.0,0.0,0.0,0.0,0.25,0.0,0.0
Ta50-V50,B2_PENALTY_134_Ru87Cu12_Ti,-0.2563176804898259,3.15902895,2.441297595,-0.919729937,6.1875,0.0499298619726951,1.852,0.3195246469366644,-10.0672,Ta50-V50,0.0,0.5,0.5,0.0,B2_PENALTY_134_Ru87Cu12_Ti,0.4375,0.0,0.5,0.0,0.0,0.0,0.0,0.0,0.0,0.0,0.0,0.0625,0.0
Ta50-V50,B2_PENALTY_135_Ru75Cu25_Ti,-0.0270638251353228,3.15902895,3.074675013,-0.801717189,6.375,0.0532543770850372,1.834,0.3076426498390625,-9.7888,Ta50-V50,0.0,0.5,0.5,0.0,B2_PENALTY_135_Ru75Cu25_Ti,0.375,0.0,0.5,0.0,0.0,0.0,0.0,0.0,0.0,0.0,0.0,0.125,0.0
Ta50-V50,B2_PENALTY_136_Ru62Cu37_Ti,-0.2567697048501753,3.15902895,2.440175866,-0.680640909,6.5625,0.0567786551293567,1.813,0.2917721713940519,-9.0272,Ta50-V50,0.0,0.5,0.5,0.0,B2_PENALTY_136_Ru62Cu37_Ti,0.3125,0.0,0.5,0.0,0.0,0.0,0.0,0.0,0.0,0.0,0.0,0.1875,0.0
Ta50-V50,B2_PENALTY_137_Ru50Cu50_Ti,0.2029969386404993,3.15902895,3.872743044,-0.557797759,6.75,0.0595429689109598,1.7950000000000002,0.2761792895928295,-8.0,Ta50-V50,0.0,0.5,0.5,0.0,B2_PENALTY_137_Ru50Cu50_Ti,0.25,0.0,0.5,0.0,0.0,0.0,0.0,0.0,0.0,0.0,0.0,0.25,0.0
Ta50-V50,B2_PENALTY_138_Ru87Si12_Ti,-0.2552903380495511,3.15902895,2.443848687,-0.989505902,5.75,0.0607546208741894,1.852,0.3195246469366644,-7.9552,Ta50-V50,0.0,0.5,0.5,0.0,B2_PENALTY_138_Ru87Si12_Ti,0.4375,0.0,0.5,0.0,0.0,0.0,0.0,0.0,0.0,0.0,0.0,0.0,0.0625
Ta50-V50,B2_PENALTY_139_Ru75Si25_Ti,-0.0246684101098126,3.15902895,3.0820502,-0.93611645,5.5,0.0719655963958058,1.834,0.3076426498390625,-6.1408,Ta50-V50,0.0,0.5,0.5,0.0,B2_PENALTY_139_Ru75Si25_Ti,0.375,0.0,0.5,0.0,0.0,0.0,0.0,0.0,0.0,0.0,0.0,0.0,0.125
Ta50-V50,B2_PENALTY_140_Ru62Si37_Ti,-0.2534315651075938,3.15902895,2.448470295,-0.869757039,5.25,0.0826499299050591,1.813,0.2917721713940519,-4.3152,Ta50-V50,0.0,0.5,0.5,0.0,B2_PENALTY_140_Ru62Si37_Ti,0.3125,0.0,0.5,0.0,0.0,0.0,0.0,0.0,0.0,0.0,0.0,0.0,0.1875
Ta50-V50,B2_PENALTY_141_Ru50Si50_Ti,0.20749921061427165,3.15902895,3.890404933,-0.808674347,5.0,0.090393746324797,1.795,0.2761792895928295,-3.0,Ta50-V50,0.0,0.5,0.5,0.0,B2_PENALTY_141_Ru50Si50_Ti,0.25,0.0,0.5,0.0,0.0,0.0,0.0,0.0,0.0,0.0,0.0,0.0,0.25
Ta50-V50,B2_PENALTY_142_Ru100Al0_Zr,0.48731121751308054,3.15902895,5.194385147,-0.960777489,6.0,0.0884353741496598,1.765,0.435,-18.0,Ta50-V50,0.0,0.5,0.5,0.0,B2_PENALTY_142_Ru100Al0_Zr,0.5,0.0,0.0,0.5,0.0,0.0,0.0,0.0,0.0,0.0,0.0,0.0,0.0
Ta50-V50,B2_PENALTY_143_Ru87Al12_Zr,-0.19081754620594982,3.15902895,2.608733784,-0.873588029,5.6875,0.0856069896776228,1.7296,0.421971373436635,-17.951999999999998,Ta50-V50,0.0,0.5,0.5,0.0,B2_PENALTY_143_Ru87Al12_Zr,0.4375,0.0,0.0,0.5,0.0625,0.0,0.0,0.0,0.0,0.0,0.0,0.0,0.0
Ta50-V50,B2_PENALTY_144_Ru75Al25_Zr,0.04437385589519298,3.15902895,3.302387941,-0.797935587,5.375,0.0825630715605787,1.6942000000000002,0.4054483444287324,-17.328,Ta50-V50,0.0,0.5,0.5,0.0,B2_PENALTY_144_Ru75Al25_Zr,0.375,0.0,0.0,0.5,0.125,0.0,0.0,0.0,0.0,0.0,0.0,0.0,0.0
Ta50-V50,B2_PENALTY_145_Ru62Al37_Zr,-0.1813258311658756,3.15902895,2.633831346,-0.726652657,5.0625,0.0787099182537501,1.6529,0.381143791763686,-15.872,Ta50-V50,0.0,0.5,0.5,0.0,B2_PENALTY_145_Ru62Al37_Zr,0.3125,0.0,0.0,0.5,0.1875,0.0,0.0,0.0,0.0,0.0,0.0,0.0,0.0
Ta50-V50,B2_PENALTY_146_Ru50Al50_Zr,0.2827450264779346,3.15902895,4.199293486,-0.654418284,4.75,0.0751158704347694,1.6175000000000002,0.3552024070864386,-14.0,Ta50-V50,0.0,0.5,0.5,0.0,B2_PENALTY_146_Ru50Al50_Zr,0.25,0.0,0.0,0.5,0.25,0.0,0.0,0.0,0.0,0.0,0.0,0.0,0.0
Ta50-V50,B2_PENALTY_147_Ru87Cr12_Zr,-0.19712377176807783,3.15902895,2.592179044,-0.824075051,5.875,0.0915913075118357,1.7326,0.4212875977286776,-15.312,Ta50-V50,0.0,0.5,0.5,0.0,B2_PENALTY_147_Ru87Cr12_Zr,0.4375,0.0,0.0,0.5,0.0,0.0,0.0,0.0,0.0,0.0,0.0625,0.0,0.0
Ta50-V50,B2_PENALTY_148_Ru75Cr25_Zr,0.032074804199147704,3.15902895,3.262005664,-0.675888976,5.75,0.0946071432924222,1.7002000000000002,0.4045268347093924,-12.768,Ta50-V50,0.0,0.5,0.5,0.0,B2_PENALTY_148_Ru75Cr25_Zr,0.375,0.0,0.0,0.5,0.0,0.0,0.0,0.0,0.0,0.0,0.125,0.0,0.0
Ta50-V50,B2_PENALTY_149_Ru62Cr37_Zr,-0.19967801886605302,3.15902895,2.585500791,-0.525764636,5.625,0.097964971374696,1.6624,0.3805788223219995,-9.982,Ta50-V50,0.0,0.5,0.5,0.0,B2_PENALTY_149_Ru62Cr37_Zr,0.3125,0.0,0.0,0.5,0.0,0.0,0.0,0.0,0.0,0.0,0.1875,0.0,0.0
Ta50-V50,B2_PENALTY_150_Ru50Cr50_Zr,0.258853102084578,3.15902895,4.09832298,-0.377855166,5.5,0.100717188245724,1.63,0.355598087733891,-7.75,Ta50-V50,0.0,0.5,0.5,0.0,B2_PENALTY_150_Ru50Cr50_Zr,0.25,0.0,0.0,0.5,0.0,0.0,0.0,0.0,0.0,0.0,0.25,0.0,0.0
Ta50-V50,B2_PENALTY_151_Ru87Cu12_Zr,-0.19466582349290862,3.15902895,2.598620194,-0.842497728,6.1875,0.0915913075118357,1.747,0.4226594373724548,-17.1072,Ta50-V50,0.0,0.5,0.5,0.0,B2_PENALTY_151_Ru87Cu12_Zr,0.4375,0.0,0.0,0.5,0.0,0.0,0.0,0.0,0.0,0.0,0.0,0.0625,0.0
Ta50-V50,B2_PENALTY_152_Ru75Cu25_Zr,0.03545991309193404,3.15902895,3.273069781,-0.744916574,6.375,0.0946071432924222,1.729,0.4091564492953766,-15.8688,Ta50-V50,0.0,0.5,0.5,0.0,B2_PENALTY_152_Ru75Cu25_Zr,0.375,0.0,0.0,0.5,0.0,0.0,0.0,0.0,0.0,0.0,0.0,0.125,0.0
Ta50-V50,B2_PENALTY_153_Ru62Cu37_Zr,-0.1950359177396288,3.15902895,2.597649425,-0.643740809,6.5625,0.097964971374696,1.708,0.3917728933961614,-13.9872,Ta50-V50,0.0,0.5,0.5,0.0,B2_PENALTY_153_Ru62Cu37_Zr,0.3125,0.0,0.0,0.5,0.0,0.0,0.0,0.0,0.0,0.0,0.0,0.1875,0.0
Ta50-V50,B2_PENALTY_154_Ru50Cu50_Zr,0.26506789504914335,3.15902895,4.124319928,-0.545283305,6.75,0.100717188245724,1.6900000000000002,0.3752998800959041,-12.0,Ta50-V50,0.0,0.5,0.5,0.0,B2_PENALTY_154_Ru50Cu50_Zr,0.25,0.0,0.0,0.5,0.0,0.0,0.0,0.0,0.0,0.0,0.0,0.25,0.0
Ta50-V50,B2_PENALTY_155_Ru87Si12_Zr,-0.1928119466112715,3.15902895,2.603487904,-0.898605077,5.75,0.0996987498196708,1.747,0.4226594373724548,-14.9952,Ta50-V50,0.0,0.5,0.5,0.0,B2_PENALTY_155_Ru87Si12_Zr,0.4375,0.0,0.0,0.5,0.0,0.0,0.0,0.0,0.0,0.0,0.0,0.0,0.0625
Ta50-V50,B2_PENALTY_156_Ru75Si25_Zr,0.03922548464142608,3.15902895,3.285422312,-0.857108746,5.5,0.1096308366502065,1.729,0.4091564492953766,-12.2208,Ta50-V50,0.0,0.5,0.5,0.0,B2_PENALTY_156_Ru75Si25_Zr,0.375,0.0,0.0,0.5,0.0,0.0,0.0,0.0,0.0,0.0,0.0,0.0,0.125
Ta50-V50,B2_PENALTY_157_Ru62Si37_Zr,-0.18958966127711505,3.15902895,2.611968248,-0.806319256,5.25,0.1199620550667942,1.708,0.3917728933961614,-9.2752,Ta50-V50,0.0,0.5,0.5,0.0,B2_PENALTY_157_Ru62Si37_Zr,0.3125,0.0,0.0,0.5,0.0,0.0,0.0,0.0,0.0,0.0,0.0,0.0,0.1875
Ta50-V50,B2_PENALTY_158_Ru50Si50_Zr,0.2712668605359454,3.15902895,4.150436873,-0.770078956,5.0,0.127965781170799,1.69,0.3752998800959041,-7.0,Ta50-V50,0.0,0.5,0.5,0.0,B2_PENALTY_158_Ru50Si50_Zr,0.25,0.0,0.0,0.5,0.0,0.0,0.0,0.0,0.0,0.0,0.0,0.0,0.25
Ta50-V50,B2_MULTI_159_A_Ru87_Al12_B_HfTi,-0.2256833767046578,3.15902895,2.518380484,-0.993246203,5.6875,0.0678797217863284,1.7746000000000002,0.3889997943444186,-13.112,Ta50-V50,0.0,0.5,0.5,0.0,B2_MULTI_159_A_Ru87_Al12_B_HfTi,0.4375,0.25,0.25,0.0,0.0625,0.0,0.0,0.0,0.0,0.0,0.0,0.0,0.0
Ta50-V50,B2_MULTI_160_A_Ru75_Al25_B_HfTi,0.008641837489256251,3.15902895,3.186447237,-0.900034303,5.375,0.0654597746128897,1.7392,0.3752803751863399,-13.148,Ta50-V50,0.0,0.5,0.5,0.0,B2_MULTI_160_A_Ru75_Al25_B_HfTi,0.375,0.25,0.25,0.0,0.125,0.0,0.0,0.0,0.0,0.0,0.0,0.0,0.0
Ta50-V50,B2_MULTI_161_A_Ru87_Al12_B_HfZr,-0.19643453102031921,3.15902895,2.593983772,-0.966894404,5.6875,0.0826853853075511,1.7221000000000002,0.4292115911761937,-16.631999999999998,Ta50-V50,0.0,0.5,0.5,0.0,B2_MULTI_161_A_Ru87_Al12_B_HfZr,0.4375,0.25,0.0,0.25,0.0625,0.0,0.0,0.0,0.0,0.0,0.0,0.0,0.0
Ta50-V50,B2_MULTI_162_A_Ru75_Al25_B_HfZr,0.03873738143541769,3.15902895,3.283818469,-0.87583034,5.375,0.0796873228030491,1.6867,0.4123349487976978,-16.188,Ta50-V50,0.0,0.5,0.5,0.0,B2_MULTI_162_A_Ru75_Al25_B_HfZr,0.375,0.25,0.0,0.25,0.125,0.0,0.0,0.0,0.0,0.0,0.0,0.0,0.0
Ta50-V50,B2_MULTI_163_A_Ru87_Al12_B_HfAl,-0.23477088100808605,3.15902895,2.495293785,-4.954411074,2.8125,0.0553065594713224,1.8678,0.3451393341825878,-18.8,Ta50-V50,0.0,0.5,0.5,0.0,B2_MULTI_163_A_Ru87_Al12_B_HfAl,0.25,0.0625,0.0,0.0,0.1875,0.0,0.0,0.0,0.0,0.0,0.0,0.0,0.0
Ta50-V50,B2_MULTI_163_A_Ru87_Al13_B_HfAl,-0.23490399210246504,3.15902895,2.494957013,-1.044063929,5.4375,0.0671169315930914,1.7921,0.3795109879832204,-17.512,Ta50-V50,0.0,0.5,0.5,0.0,B2_MULTI_163_A_Ru87_Al13_B_HfAl,0.4375,0.25,0.0,0.0,0.3125,0.0,0.0,0.0,0.0,0.0,0.0,0.0,0.0
Ta50-V50,B2_MULTI_164_A_Ru75_Al25_B_HfAl,0.000577922623429692,3.15902895,3.160855152,-0.932800309,5.125,0.0647257979106258,1.7552475247524757,0.3655934929642944,-16.912067444368198,Ta50-V50,0.0,0.5,0.5,0.0,B2_MULTI_164_A_Ru75_Al25_B_HfAl,0.375,0.25,0.0,0.0,0.375,0.0,0.0,0.0,0.0,0.0,0.0,0.0,0.0
Ta50-V50,B2_MULTI_165_A_Ru87_Al12_B_TiZr,-0.21970689209849176,3.15902895,2.533666714,-0.881935538,5.6875,0.0727621617453034,1.7821000000000002,0.3799613006610016,-14.432,Ta50-V50,0.0,0.5,0.5,0.0,B2_MULTI_165_A_Ru87_Al12_B_TiZr,0.4375,0.0,0.25,0.25,0.0625,0.0,0.0,0.0,0.0,0.0,0.0,0.0,0.0
Ta50-V50,B2_MULTI_166_A_Ru75_Al25_B_TiZr,0.014871911717121796,3.15902895,3.206361714,-0.808063227,5.375,0.0703058182976203,1.7467,0.3666280267519111,-14.288,Ta50-V50,0.0,0.5,0.5,0.0,B2_MULTI_166_A_Ru75_Al25_B_TiZr,0.375,0.0,0.25,0.25,0.125,0.0,0.0,0.0,0.0,0.0,0.0,0.0,0.0
Ta50-V50,B2_MULTI_167_A_Ru87_Al12_B_TiAl,-0.26307632227415767,3.15902895,2.424572308,-5.952786629,1.5,0.0273038199437399,1.694324324324325,0.2239032192052839,-9.817384952520088,Ta50-V50,0.0,0.5,0.5,0.0,B2_MULTI_167_A_Ru87_Al12_B_TiAl,0.0625,0.0,0.0625,0.0,0.25,0.0,0.0,0.0,0.0,0.0,0.0,0.0,0.0
Ta50-V50,B2_MULTI_167_A_Ru87_Al13_B_TiAl,-0.2631177308828987,3.15902895,2.424470144,-1.021190861,5.4375,0.0396803315535911,1.8521,0.309477931361834,-15.312,Ta50-V50,0.0,0.5,0.5,0.0,B2_MULTI_167_A_Ru87_Al13_B_TiAl,0.4375,0.0,0.25,0.0,0.3125,0.0,0.0,0.0,0.0,0.0,0.0,0.0,0.0
Ta50-V50,B2_MULTI_168_A_Ru75_Al25_B_TiAl,-0.028291500846293564,3.15902895,3.070901903,-0.941385339,5.125,0.0380980563492807,1.814653465346535,0.3004965012116891,-15.049504950495049,Ta50-V50,0.0,0.5,0.5,0.0,B2_MULTI_168_A_Ru75_Al25_B_TiAl,0.375,0.0,0.25,0.0,0.375,0.0,0.0,0.0,0.0,0.0,0.0,0.0,0.0
Ta50-V50,B2_MULTI_169_A_Ru87_Al12_B_ZrAl,-0.2280167669307548,3.15902895,2.512434563,-3.978965604,3.1875,0.0773292902137734,1.9146938775510205,0.3828683476015858,-17.35276967930029,Ta50-V50,0.0,0.5,0.5,0.0,B2_MULTI_169_A_Ru87_Al12_B_ZrAl,0.3125,0.0,0.0,0.125,0.0625,0.0,0.0,0.0,0.0,0.0,0.0,0.0,0.0
Ta50-V50,B2_MULTI_169_A_Ru87_Al13_B_ZrAl,-0.22801712049300615,3.15902895,2.512433663,-0.95203949,5.4375,0.0724611766706071,1.7996,0.3698862527859072,-18.832,Ta50-V50,0.0,0.5,0.5,0.0,B2_MULTI_169_A_Ru87_Al13_B_ZrAl,0.4375,0.0,0.0,0.25,0.3125,0.0,0.0,0.0,0.0,0.0,0.0,0.0,0.0
Ta50-V50,B2_MULTI_170_A_Ru75_Al25_B_ZrAl,0.006652779550635704,3.15902895,3.180115415,-0.885427863,5.125,0.0699929276125827,1.762673267326733,0.356461962724668,-18.02960494069209,Ta50-V50,0.0,0.5,0.5,0.0,B2_MULTI_170_A_Ru75_Al25_B_ZrAl,0.375,0.0,0.0,0.25,0.375,0.0,0.0,0.0,0.0,0.0,0.0,0.0,0.0
Ta75-V25,B2_014_RuHf,-0.22967071840489794,3.23816412,2.571059804,-1.190557465,6.0,0.0821917808219178,1.75,0.45,-15.0,Ta75-V25,0.0,0.75,0.25,0.0,B2_014_RuHf,0.5,0.5,0.0,0.0,0.0,0.0,0.0,0.0,0.0,0.0,0.0,0.0,0.0
Ta75-V25,B2_015_RuTi,-0.28123008125154647,3.23816412,2.43976227,-1.048598035,6.0,0.0462633451957295,1.87,0.33,-10.0,Ta75-V25,0.0,0.75,0.25,0.0,B2_015_RuTi,0.5,0.0,0.5,0.0,0.0,0.0,0.0,0.0,0.0,0.0,0.0,0.0,0.0
Ta75-V25,B2_016_RuZr,-0.2206260066330536,3.23816412,2.59472104,-0.959079125,6.0,0.0884353741496598,1.765,0.435,-18.0,Ta75-V25,0.0,0.75,0.25,0.0,B2_016_RuZr,0.5,0.0,0.0,0.5,0.0,0.0,0.0,0.0,0.0,0.0,0.0,0.0,0.0
Ta75-V25,B2_017_RuAl,-0.3020227968245665,3.23816412,2.388477153,-1.00191235,5.5,0.0324909747292418,1.905,0.295,-20.0,Ta75-V25,0.0,0.75,0.25,0.0,B2_017_RuAl,0.5,0.0,0.0,0.0,0.5,0.0,0.0,0.0,0.0,0.0,0.0,0.0,0.0
Ta75-V25,MATRIX_BIN_018_Nb12_Mo87,-0.2508288607772554,3.23816412,2.516452193,-0.074598622,5.875,0.0162666672861703,2.0928,0.1819784602638455,-0.8448,Ta75-V25,0.0,0.75,0.25,0.0,MATRIX_BIN_018_Nb12_Mo87,0.0,0.0,0.0,0.0,0.0,0.875,0.125,0.0,0.0,0.0,0.0,0.0,0.0
Ta75-V25,MATRIX_BIN_019_Nb25_Mo75,-0.015465878221687126,3.23816412,3.18846737,-0.093096702,5.75,0.0215352675896663,2.02,0.2424871130596428,-1.5,Ta75-V25,0.0,0.75,0.25,0.0,MATRIX_BIN_019_Nb25_Mo75,0.0,0.0,0.0,0.0,0.0,0.75,0.25,0.0,0.0,0.0,0.0,0.0,0.0
Ta75-V25,MATRIX_BIN_020_Nb50_Mo50,0.2272479180764334,3.23816412,4.068360358,-0.068167471,5.5,0.0245614035087719,1.88,0.28,-2.0,Ta75-V25,0.0,0.75,0.25,0.0,MATRIX_BIN_020_Nb50_Mo50,0.0,0.0,0.0,0.0,0.0,0.5,0.5,0.0,0.0,0.0,0.0,0.0,0.0
Ta75-V25,MATRIX_BIN_021_Nb75_Mo25,0.01170529559311258,3.23816412,3.276290931,-0.003897255,5.25,0.0210127480987559,1.7400000000000002,0.2424871130596428,-1.5,Ta75-V25,0.0,0.75,0.25,0.0,MATRIX_BIN_021_Nb75_Mo25,0.0,0.0,0.0,0.0,0.0,0.25,0.75,0.0,0.0,0.0,0.0,0.0,0.0
Ta75-V25,MATRIX_BIN_022_Nb87_Mo12,-0.21147768643128786,3.23816412,2.618850201,0.026755452,5.125,0.0156705067050018,1.6672000000000002,0.1819784602638455,-0.8448,Ta75-V25,0.0,0.75,0.25,0.0,MATRIX_BIN_022_Nb87_Mo12,0.0,0.0,0.0,0.0,0.0,0.125,0.875,0.0,0.0,0.0,0.0,0.0,0.0
Ta75-V25,MATRIX_BIN_023_Nb12_Ta87,-0.20759940021371232,3.23816412,2.629139739,0.01664066,5.0,0.0,1.512,0.0324961536185438,-0.4224,Ta75-V25,0.0,0.75,0.25,0.0,MATRIX_BIN_023_Nb12_Ta87,0.0,0.0,0.0,0.0,0.0,0.0,0.125,0.875,0.0,0.0,0.0,0.0,0.0
Ta75-V25,MATRIX_BIN_024_Nb25_Ta75,0.023347221472611108,3.23816412,3.314659229,0.02257152,5.0,0.0,1.525,0.0433012701892219,-0.75,Ta75-V25,0.0,0.75,0.25,0.0,MATRIX_BIN_024_Nb25_Ta75,0.0,0.0,0.0,0.0,0.0,0.0,0.25,0.75,0.0,0.0,0.0,0.0,0.0
Ta75-V25,MATRIX_BIN_025_Nb50_Ta50,0.2542869175925958,3.23816412,4.181529649,0.032388069,5.0,0.0,1.55,0.05,-1.0,Ta75-V25,0.0,0.75,0.25,0.0,MATRIX_BIN_025_Nb50_Ta50,0.0,0.0,0.0,0.0,0.0,0.0,0.5,0.5,0.0,0.0,0.0,0.0,0.0
Ta75-V25,MATRIX_BIN_026_Nb75_Ta25,0.02564420517735934,3.23816412,3.322282844,0.043369138,5.0,0.0,1.5750000000000002,0.0433012701892219,-0.75,Ta75-V25,0.0,0.75,0.25,0.0,MATRIX_BIN_026_Nb75_Ta25,0.0,0.0,0.0,0.0,0.0,0.0,0.75,0.25,0.0,0.0,0.0,0.0,0.0
Ta75-V25,MATRIX_BIN_027_Nb87_Ta12,-0.2042380455351973,3.23816412,2.638087089,0.04776952,5.0,0.0,1.588,0.0324961536185438,-0.4224,Ta75-V25,0.0,0.75,0.25,0.0,MATRIX_BIN_027_Nb87_Ta12,0.0,0.0,0.0,0.0,0.0,0.0,0.875,0.125,0.0,0.0,0.0,0.0,0.0
Ta75-V25,MATRIX_BIN_028_Nb12_W87,-0.24552827365232213,3.23816412,2.53003601,-0.064576028,5.875,0.0162666672861703,2.2688,0.2469707675009331,-0.8448,Ta75-V25,0.0,0.75,0.25,0.0,MATRIX_BIN_028_Nb12_W87,0.0,0.0,0.0,0.0,0.0,0.0,0.125,0.0,0.875,0.0,0.0,0.0,0.0
Ta75-V25,MATRIX_BIN_029_Nb25_W75,-0.011201340797117662,3.23816412,3.202094355,-0.067975525,5.75,0.0215352675896663,2.17,0.3290896534380866,-1.5,Ta75-V25,0.0,0.75,0.25,0.0,MATRIX_BIN_029_Nb25_W75,0.0,0.0,0.0,0.0,0.0,0.0,0.25,0.0,0.75,0.0,0.0,0.0,0.0
Ta75-V25,MATRIX_BIN_030_Nb50_W50,0.22935801509844658,3.23816412,4.077067638,-0.024208031,5.5,0.0245614035087719,1.98,0.3799999999999999,-2.0,Ta75-V25,0.0,0.75,0.25,0.0,MATRIX_BIN_030_Nb50_W50,0.0,0.0,0.0,0.0,0.0,0.0,0.5,0.0,0.5,0.0,0.0,0.0,0.0
Ta75-V25,MATRIX_BIN_031_Nb75_W25,0.01227202212383797,3.23816412,3.278148285,0.026336168,5.25,0.0210127480987559,1.79,0.3290896534380866,-1.5,Ta75-V25,0.0,0.75,0.25,0.0,MATRIX_BIN_031_Nb75_W25,0.0,0.0,0.0,0.0,0.0,0.0,0.75,0.0,0.25,0.0,0.0,0.0,0.0
Ta75-V25,MATRIX_BIN_032_Nb87_W12,-0.21102998245593615,3.23816412,2.620036168,0.042204846,5.125,0.0156705067050018,1.6912,0.2469707675009331,-0.8448,Ta75-V25,0.0,0.75,0.25,0.0,MATRIX_BIN_032_Nb87_W12,0.0,0.0,0.0,0.0,0.0,0.0,0.875,0.0,0.125,0.0,0.0,0.0,0.0
Ta75-V25,MATRIX_BIN_033_Nb12_V87,-0.2946118474742134,3.23816412,2.406649618,0.08248568,5.0,0.0287916304948704,1.6263999999999998,0.009748846085563,-0.4224,Ta75-V25,0.0,0.75,0.25,0.0,MATRIX_BIN_033_Nb12_V87,0.0,0.0,0.0,0.0,0.0,0.0,0.125,0.0,0.0,0.875,0.0,0.0,0.0
Ta75-V25,MATRIX_BIN_034_Nb25_V75,-0.04980899174489846,3.23816412,3.080793662,0.119704924,5.0,0.0379281198737709,1.6225,0.0129903810567664,-0.75,Ta75-V25,0.0,0.75,0.25,0.0,MATRIX_BIN_034_Nb25_V75,0.0,0.0,0.0,0.0,0.0,0.0,0.25,0.0,0.0,0.75,0.0,0.0,0.0
Ta75-V25,MATRIX_BIN_035_Nb50_V50,0.20993331654221092,3.23816412,3.997687259,0.146260085,5.0,0.0428571428571428,1.615,0.0149999999999999,-1.0,Ta75-V25,0.0,0.75,0.25,0.0,MATRIX_BIN_035_Nb50_V50,0.0,0.0,0.0,0.0,0.0,0.0,0.5,0.0,0.0,0.5,0.0,0.0,0.0
Ta75-V25,MATRIX_BIN_036_Nb75_V25,0.004425631454688166,3.23816412,3.252526823,0.114812331,5.0,0.0363367302287176,1.6075000000000002,0.0129903810567664,-0.75,Ta75-V25,0.0,0.75,0.25,0.0,MATRIX_BIN_036_Nb75_V25,0.0,0.0,0.0,0.0,0.0,0.0,0.75,0.0,0.0,0.25,0.0,0.0,0.0
Ta75-V25,MATRIX_BIN_037_Nb87_V12,-0.21475232832932398,3.23816412,2.61019026,0.086073827,5.0,0.0269752243651442,1.6036,0.009748846085563,-0.4224,Ta75-V25,0.0,0.75,0.25,0.0,MATRIX_BIN_037_Nb87_V12,0.0,0.0,0.0,0.0,0.0,0.0,0.875,0.0,0.0,0.125,0.0,0.0,0.0
Ta75-V25,MATRIX_BIN_038_Mo12_Ta87,-0.21503626831858474,3.23816412,2.609440574,-0.021898875,5.125,0.0156705067050018,1.5792000000000002,0.2144746138823893,-0.8448,Ta75-V25,0.0,0.75,0.25,0.0,MATRIX_BIN_038_Mo12_Ta87,0.0,0.0,0.0,0.0,0.0,0.125,0.0,0.875,0.0,0.0,0.0,0.0,0.0
Ta75-V25,MATRIX_BIN_039_Mo25_Ta75,0.00825546538700173,3.23816412,3.265007474,-0.045341345,5.25,0.0210127480987559,1.665,0.2857883832488648,-1.5,Ta75-V25,0.0,0.75,0.25,0.0,MATRIX_BIN_039_Mo25_Ta75,0.0,0.0,0.0,0.0,0.0,0.25,0.0,0.75,0.0,0.0,0.0,0.0,0.0
Ta75-V25,MATRIX_BIN_040_Mo50_Ta50,0.2243928001106483,3.23816412,4.056611707,-0.115010835,5.5,0.0245614035087719,1.83,0.33,-2.0,Ta75-V25,0.0,0.75,0.25,0.0,MATRIX_BIN_040_Mo50_Ta50,0.0,0.0,0.0,0.0,0.0,0.5,0.0,0.5,0.0,0.0,0.0,0.0,0.0
Ta75-V25,MATRIX_BIN_041_Mo75_Ta25,-0.016982878492573655,3.23816412,3.183633813,-0.13445637,5.75,0.0215352675896663,1.995,0.2857883832488648,-1.5,Ta75-V25,0.0,0.75,0.25,0.0,MATRIX_BIN_041_Mo75_Ta25,0.0,0.0,0.0,0.0,0.0,0.75,0.0,0.25,0.0,0.0,0.0,0.0,0.0
Ta75-V25,MATRIX_BIN_042_Mo87_Ta12,-0.25160169721674236,3.23816412,2.514476987,-0.10635318,5.875,0.0162666672861703,2.0808,0.2144746138823893,-0.8448,Ta75-V25,0.0,0.75,0.25,0.0,MATRIX_BIN_042_Mo87_Ta12,0.0,0.0,0.0,0.0,0.0,0.875,0.0,0.125,0.0,0.0,0.0,0.0,0.0
Ta75-V25,MATRIX_BIN_043_Mo12_W87,-0.25122017944549596,3.23816412,2.515451896,-0.03228228,6.0,0.0,2.336,0.0649923072370876,-0.4224,Ta75-V25,0.0,0.75,0.25,0.0,MATRIX_BIN_043_Mo12_W87,0.0,0.0,0.0,0.0,0.0,0.125,0.0,0.0,0.875,0.0,0.0,0.0,0.0
Ta75-V25,MATRIX_BIN_044_Mo25_W75,-0.02223907878319189,3.23816412,3.166942287,-0.031021756,6.0,0.0,2.31,0.0866025403784437,-0.75,Ta75-V25,0.0,0.75,0.25,0.0,MATRIX_BIN_044_Mo25_W75,0.0,0.0,0.0,0.0,0.0,0.25,0.0,0.0,0.75,0.0,0.0,0.0,0.0
Ta75-V25,MATRIX_BIN_045_Mo50_W50,0.2065909162925596,3.23816412,3.984201707,-0.031400886,6.0,0.0,2.26,0.0999999999999998,-1.0,Ta75-V25,0.0,0.75,0.25,0.0,MATRIX_BIN_045_Mo50_W50,0.0,0.0,0.0,0.0,0.0,0.5,0.0,0.0,0.5,0.0,0.0,0.0,0.0
Ta75-V25,MATRIX_BIN_046_Mo75_W25,-0.02520174604982754,3.23816412,3.157572258,-0.029765179,6.0,0.0,2.21,0.0866025403784437,-0.75,Ta75-V25,0.0,0.75,0.25,0.0,MATRIX_BIN_046_Mo75_W25,0.0,0.0,0.0,0.0,0.0,0.75,0.0,0.0,0.25,0.0,0.0,0.0,0.0
Ta75-V25,MATRIX_BIN_047_Mo87_W12,-0.2557132292660871,3.23816412,2.503991537,-0.029998622,6.0,0.0,2.184,0.0649923072370876,-0.4224,Ta75-V25,0.0,0.75,0.25,0.0,MATRIX_BIN_047_Mo87_W12,0.0,0.0,0.0,0.0,0.0,0.875,0.0,0.0,0.125,0.0,0.0,0.0,0.0
Ta75-V25,MATRIX_BIN_048_Mo12_V87,-0.3042541204516401,3.23816412,2.383028597,-0.006338223,5.125,0.0120713795016878,1.6936,0.1722296141782824,-0.4224,Ta75-V25,0.0,0.75,0.25,0.0,MATRIX_BIN_048_Mo12_V87,0.0,0.0,0.0,0.0,0.0,0.125,0.0,0.0,0.0,0.875,0.0,0.0,0.0
Ta75-V25,MATRIX_BIN_049_Mo25_V75,-0.0686794556576134,3.23816412,3.023152221,-0.037424369,5.25,0.0160078632862187,1.7625,0.2294967320028763,-0.75,Ta75-V25,0.0,0.75,0.25,0.0,MATRIX_BIN_049_Mo25_V75,0.0,0.0,0.0,0.0,0.0,0.25,0.0,0.0,0.0,0.75,0.0,0.0,0.0
Ta75-V25,MATRIX_BIN_050_Mo50_V50,0.17560701912598364,3.23816412,3.861543353,-0.097449414,5.5,0.0183150183150182,1.895,0.2650000000000001,-1.0,Ta75-V25,0.0,0.75,0.25,0.0,MATRIX_BIN_050_Mo50_V50,0.0,0.0,0.0,0.0,0.0,0.5,0.0,0.0,0.0,0.5,0.0,0.0,0.0
Ta75-V25,MATRIX_BIN_051_Mo75_V25,-0.04117970395562199,3.23816412,3.107507677,-0.114008179,5.75,0.0157173394516231,2.0275,0.2294967320028763,-0.75,Ta75-V25,0.0,0.75,0.25,0.0,MATRIX_BIN_051_Mo75_V25,0.0,0.0,0.0,0.0,0.0,0.75,0.0,0.0,0.0,0.25,0.0,0.0,0.0
Ta75-V25,MATRIX_BIN_052_Mo87_V12,-0.26341469539752155,3.23816412,2.484453351,-0.088360288,5.875,0.0117399398910924,2.0964,0.1722296141782824,-0.4224,Ta75-V25,0.0,0.75,0.25,0.0,MATRIX_BIN_052_Mo87_V12,0.0,0.0,0.0,0.0,0.0,0.875,0.0,0.0,0.0,0.125,0.0,0.0,0.0
Ta75-V25,MATRIX_BIN_053_Ta12_W87,-0.24618310482100922,3.23816412,2.528354403,-0.093051999,5.875,0.0162666672861703,2.2568,0.279466921119477,-0.4224,Ta75-V25,0.0,0.75,0.25,0.0,MATRIX_BIN_053_Ta12_W87,0.0,0.0,0.0,0.0,0.0,0.0,0.0,0.125,0.875,0.0,0.0,0.0,0.0
Ta75-V25,MATRIX_BIN_054_Ta25_W75,-0.01254546471539049,3.23816412,3.197793083,-0.107372831,5.75,0.0215352675896663,2.145,0.3723909236273086,-0.75,Ta75-V25,0.0,0.75,0.25,0.0,MATRIX_BIN_054_Ta25_W75,0.0,0.0,0.0,0.0,0.0,0.0,0.0,0.25,0.75,0.0,0.0,0.0,0.0
Ta75-V25,MATRIX_BIN_055_Ta50_W50,0.22724240244467356,3.23816412,4.068337625,-0.070797609,5.5,0.0245614035087719,1.93,0.4299999999999999,-1.0,Ta75-V25,0.0,0.75,0.25,0.0,MATRIX_BIN_055_Ta50_W50,0.0,0.0,0.0,0.0,0.0,0.0,0.0,0.5,0.5,0.0,0.0,0.0,0.0
Ta75-V25,MATRIX_BIN_056_Ta75_W25,0.009352653825164372,3.23816412,3.268591838,-0.021707099,5.25,0.0210127480987559,1.715,0.3723909236273086,-0.75,Ta75-V25,0.0,0.75,0.25,0.0,MATRIX_BIN_056_Ta75_W25,0.0,0.0,0.0,0.0,0.0,0.0,0.0,0.75,0.25,0.0,0.0,0.0,0.0
Ta75-V25,MATRIX_BIN_057_Ta87_W12,-0.21454187856550208,3.23816412,2.610746034,-0.005622646,5.125,0.0156705067050018,1.6032,0.279466921119477,-0.4224,Ta75-V25,0.0,0.75,0.25,0.0,MATRIX_BIN_057_Ta87_W12,0.0,0.0,0.0,0.0,0.0,0.0,0.0,0.875,0.125,0.0,0.0,0.0,0.0
Ta75-V25,MATRIX_BIN_058_Ta12_V87,-0.29491821351275893,3.23816412,2.405896049,0.06873568,5.0,0.0287916304948704,1.6143999999999998,0.0422449997041069,0.0,Ta75-V25,0.0,0.75,0.25,0.0,MATRIX_BIN_058_Ta12_V87,0.0,0.0,0.0,0.0,0.0,0.0,0.0,0.125,0.0,0.875,0.0,0.0,0.0
Ta75-V25,MATRIX_BIN_059_Ta25_V75,-0.050053862403529846,3.23816412,3.080038888,0.103170482,5.0,0.0379281198737709,1.5975,0.0562916512459884,0.0,Ta75-V25,0.0,0.75,0.25,0.0,MATRIX_BIN_059_Ta25_V75,0.0,0.0,0.0,0.0,0.0,0.0,0.0,0.25,0.0,0.75,0.0,0.0,0.0
Ta75-V25,MATRIX_BIN_060_Ta50_V50,0.20856906088106827,3.23816412,3.992176831,0.118279576,5.0,0.0428571428571428,1.565,0.0649999999999999,0.0,Ta75-V25,0.0,0.75,0.25,0.0,MATRIX_BIN_060_Ta50_V50,0.0,0.0,0.0,0.0,0.0,0.0,0.0,0.5,0.0,0.5,0.0,0.0,0.0
Ta75-V25,MATRIX_BIN_061_Ta75_V25,0.0018762372206066241,3.23816412,3.244245389,0.083356798,5.0,0.0363367302287176,1.5325,0.0562916512459884,0.0,Ta75-V25,0.0,0.75,0.25,0.0,MATRIX_BIN_061_Ta75_V25,0.0,0.0,0.0,0.0,0.0,0.0,0.0,0.75,0.0,0.25,0.0,0.0,0.0
Ta75-V25,MATRIX_BIN_062_Ta87_V12,-0.21802346476906578,3.23816412,2.601565119,0.048231505,5.0,0.0269752243651442,1.5156,0.0422449997041069,0.0,Ta75-V25,0.0,0.75,0.25,0.0,MATRIX_BIN_062_Ta87_V12,0.0,0.0,0.0,0.0,0.0,0.0,0.0,0.875,0.0,0.125,0.0,0.0,0.0
Ta75-V25,MATRIX_BIN_063_W12_V87,-0.3027959802985663,3.23816412,2.38658796,0.007573578,5.125,0.0120713795016878,1.7175999999999998,0.23722192141537,0.0,Ta75-V25,0.0,0.75,0.25,0.0,MATRIX_BIN_063_W12_V87,0.0,0.0,0.0,0.0,0.0,0.0,0.0,0.0,0.125,0.875,0.0,0.0,0.0
Ta75-V25,MATRIX_BIN_064_W25_V75,-0.06560029178346724,3.23816412,3.032485885,-0.010397496,5.25,0.0160078632862187,1.8125,0.3160992723813201,0.0,Ta75-V25,0.0,0.75,0.25,0.0,MATRIX_BIN_064_W25_V75,0.0,0.0,0.0,0.0,0.0,0.0,0.0,0.0,0.25,0.75,0.0,0.0,0.0
Ta75-V25,MATRIX_BIN_065_W50_V50,0.18078655089707515,3.23816412,3.881757122,-0.05491275,5.5,0.0183150183150182,1.995,0.365,0.0,Ta75-V25,0.0,0.75,0.25,0.0,MATRIX_BIN_065_W50_V50,0.0,0.0,0.0,0.0,0.0,0.0,0.0,0.0,0.5,0.5,0.0,0.0,0.0
Ta75-V25,MATRIX_BIN_066_W75_V25,-0.034895833868464066,3.23816412,3.12710346,-0.09208095,5.75,0.0157173394516231,2.1775,0.3160992723813201,0.0,Ta75-V25,0.0,0.75,0.25,0.0,MATRIX_BIN_066_W75_V25,0.0,0.0,0.0,0.0,0.0,0.0,0.0,0.0,0.75,0.25,0.0,0.0,0.0
Ta75-V25,MATRIX_BIN_067_W87_V12,-0.2572075163480102,3.23816412,2.50019019,-0.084931073,5.875,0.0117399398910924,2.2724,0.23722192141537,0.0,Ta75-V25,0.0,0.75,0.25,0.0,MATRIX_BIN_067_W87_V12,0.0,0.0,0.0,0.0,0.0,0.0,0.0,0.0,0.875,0.125,0.0,0.0,0.0
Ta75-V25,MATRIX_TERN_068_Nb33_Mo33_Ta33,0.13998792199647228,3.23816412,3.725584467,-0.065262171,5.333333333,0.0229686657461987,1.7533333333333334,0.2904402788105596,-2.2222222222222228,Ta75-V25,0.0,0.75,0.25,0.0,MATRIX_TERN_068_Nb33_Mo33_Ta33,0.0,0.0,0.0,0.0,0.0,0.333333333,0.333333333,0.333333333,0.0,0.0,0.0,0.0,0.0
Ta75-V25,MATRIX_TERN_069_Nb33_Mo33_W33,0.12633284393545588,3.23816412,3.674833441,-0.049686914,5.666666667,0.0233478654165369,2.0400000000000005,0.3216623488483951,-2.2222222222222223,Ta75-V25,0.0,0.75,0.25,0.0,MATRIX_TERN_069_Nb33_Mo33_W33,0.0,0.0,0.0,0.0,0.0,0.333333333,0.333333333,0.0,0.333333333,0.0,0.0,0.0,0.0
Ta75-V25,MATRIX_TERN_070_Nb33_Mo33_V33,0.10963606445640227,3.23816412,3.613773878,-0.013214523,5.333333333,0.0352382411938744,1.7966666666666669,0.2572072229848058,-1.777777777777778,Ta75-V25,0.0,0.75,0.25,0.0,MATRIX_TERN_070_Nb33_Mo33_V33,0.0,0.0,0.0,0.0,0.0,0.333333333,0.333333333,0.0,0.0,0.333333333,0.0,0.0,0.0
Ta75-V25,MATRIX_TERN_071_Nb33_Ta33_W33,0.14124934791789592,3.23816412,3.730310358,-0.031019427,5.333333333,0.0229686657461987,1.82,0.3840138886377244,-1.777777777777778,Ta75-V25,0.0,0.75,0.25,0.0,MATRIX_TERN_071_Nb33_Ta33_W33,0.0,0.0,0.0,0.0,0.0,0.0,0.333333333,0.333333333,0.333333333,0.0,0.0,0.0,0.0
Ta75-V25,MATRIX_TERN_072_Nb33_Ta33_V33,0.12910990562002375,3.23816412,3.685094771,0.08652521,5.0,0.0398370017569885,1.5766666666666669,0.0555777733351102,-0.8888888888888891,Ta75-V25,0.0,0.75,0.25,0.0,MATRIX_TERN_072_Nb33_Ta33_V33,0.0,0.0,0.0,0.0,0.0,0.0,0.333333333,0.333333333,0.0,0.333333333,0.0,0.0,0.0
Ta75-V25,MATRIX_TERN_073_Nb33_W33_V33,0.11199792902617058,3.23816412,3.622345558,0.018775382,5.333333333,0.0352382411938744,1.8633333333333333,0.351409858838492,-1.3333333333333337,Ta75-V25,0.0,0.75,0.25,0.0,MATRIX_TERN_073_Nb33_W33_V33,0.0,0.0,0.0,0.0,0.0,0.0,0.333333333,0.0,0.333333333,0.333333333,0.0,0.0,0.0
Ta75-V25,MATRIX_TERN_074_Mo33_Ta33_W33,0.12454877807721335,3.23816412,3.668257294,-0.093088097,5.666666667,0.0233478654165369,2.006666666666667,0.3674537007872178,-1.777777777777778,Ta75-V25,0.0,0.75,0.25,0.0,MATRIX_TERN_074_Mo33_Ta33_W33,0.0,0.0,0.0,0.0,0.0,0.333333333,0.0,0.333333333,0.333333333,0.0,0.0,0.0,0.0
Ta75-V25,MATRIX_TERN_075_Mo33_Ta33_V33,0.10793243908539797,3.23816412,3.607604365,-0.042224622,5.333333333,0.0352382411938744,1.7633333333333336,0.2854625875467553,-1.3333333333333337,Ta75-V25,0.0,0.75,0.25,0.0,MATRIX_TERN_075_Mo33_Ta33_V33,0.0,0.0,0.0,0.0,0.0,0.333333333,0.0,0.333333333,0.0,0.333333333,0.0,0.0,0.0
Ta75-V25,MATRIX_TERN_076_Mo33_W33_V33,0.09295535695272021,3.23816412,3.553840738,-0.074437179,5.666666667,0.0171627859511297,2.0500000000000003,0.3080043289739069,-0.8888888888888891,Ta75-V25,0.0,0.75,0.25,0.0,MATRIX_TERN_076_Mo33_W33_V33,0.0,0.0,0.0,0.0,0.0,0.333333333,0.0,0.0,0.333333333,0.333333333,0.0,0.0,0.0
Ta75-V25,MATRIX_TERN_077_Ta33_W33_V33,0.11038315765461575,3.23816412,3.616482912,-0.005449438,5.333333333,0.0352382411938744,1.83,0.3785058343892028,-0.4444444444444445,Ta75-V25,0.0,0.75,0.25,0.0,MATRIX_TERN_077_Ta33_W33_V33,0.0,0.0,0.0,0.0,0.0,0.0,0.0,0.333333333,0.333333333,0.333333333,0.0,0.0,0.0
Ta75-V25,B2_TERN_SOL_078_Ru_Hf87_Nb12,-0.23315011125109966,3.23816412,2.562008656,-1.091011246,6.0625,0.079929319846275,1.7680000000000002,0.4374654272053965,-14.1168,Ta75-V25,0.0,0.75,0.25,0.0,B2_TERN_SOL_078_Ru_Hf87_Nb12,0.5,0.4375,0.0,0.0,0.0,0.0,0.0625,0.0,0.0,0.0,0.0,0.0,0.0
Ta75-V25,B2_TERN_SOL_079_Ru_Hf75_Nb25,-0.005264486333867935,3.23816412,3.221161604,-0.990479496,6.125,0.0772310128363896,1.786,0.4237971212738473,-13.1472,Ta75-V25,0.0,0.75,0.25,0.0,B2_TERN_SOL_079_Ru_Hf75_Nb25,0.5,0.375,0.0,0.0,0.0,0.0,0.125,0.0,0.0,0.0,0.0,0.0,0.0
Ta75-V25,B2_TERN_SOL_080_Ru_Hf87_Mo12,-0.2360844335875517,3.23816412,2.554397326,-1.011580317,6.125,0.0808002001785193,1.8016,0.4447172584912801,-14.16,Ta75-V25,0.0,0.75,0.25,0.0,B2_TERN_SOL_080_Ru_Hf87_Mo12,0.5,0.4375,0.0,0.0,0.0,0.0625,0.0,0.0,0.0,0.0,0.0,0.0,0.0
Ta75-V25,B2_TERN_SOL_081_Ru_Hf75_Mo25,-0.011815669039758819,3.23816412,3.200127757,-0.833822359,6.25,0.0785362630419332,1.8532,0.4332686926146408,-13.32,Ta75-V25,0.0,0.75,0.25,0.0,B2_TERN_SOL_081_Ru_Hf75_Mo25,0.5,0.375,0.0,0.0,0.0,0.125,0.0,0.0,0.0,0.0,0.0,0.0,0.0
Ta75-V25,B2_TERN_SOL_082_Ru_Hf87_Ta12,-0.23380968669078012,3.23816412,2.560296043,-1.113680888,6.0625,0.079929319846275,1.7620000000000002,0.4404043596514458,-13.68,Ta75-V25,0.0,0.75,0.25,0.0,B2_TERN_SOL_082_Ru_Hf87_Ta12,0.5,0.4375,0.0,0.0,0.0,0.0,0.0,0.0625,0.0,0.0,0.0,0.0,0.0
Ta75-V25,B2_TERN_SOL_083_Ru_Hf75_Ta25,-0.006693071329947241,3.23816412,3.216563145,-1.032519678,6.125,0.0772310128363896,1.774,0.4302603862778911,-12.36,Ta75-V25,0.0,0.75,0.25,0.0,B2_TERN_SOL_083_Ru_Hf75_Ta25,0.5,0.375,0.0,0.0,0.0,0.0,0.0,0.125,0.0,0.0,0.0,0.0,0.0
Ta75-V25,B2_TERN_SOL_084_Ru_Hf87_W12,-0.2361034332200636,3.23816412,2.554348108,-1.017173511,6.125,0.0808002001785193,1.8136,0.4567614694783263,-13.92,Ta75-V25,0.0,0.75,0.25,0.0,B2_TERN_SOL_084_Ru_Hf87_W12,0.5,0.4375,0.0,0.0,0.0,0.0,0.0,0.0,0.0625,0.0,0.0,0.0,0.0
Ta75-V25,B2_TERN_SOL_085_Ru_Hf75_W25,-0.011576386035666634,3.23816412,3.200893611,-0.836868509,6.25,0.0785362630419332,1.8772,0.4546120983871855,-12.84,Ta75-V25,0.0,0.75,0.25,0.0,B2_TERN_SOL_085_Ru_Hf75_W25,0.5,0.375,0.0,0.0,0.0,0.0,0.0,0.0,0.125,0.0,0.0,0.0,0.0
Ta75-V25,B2_TERN_SOL_086_Ru_Hf87_V12,-0.23934226335391182,3.23816412,2.545970218,-1.063735031,6.0625,0.0824106716944606,1.7698,0.4368317296167943,-13.44,Ta75-V25,0.0,0.75,0.25,0.0,B2_TERN_SOL_086_Ru_Hf87_V12,0.5,0.4375,0.0,0.0,0.0,0.0,0.0,0.0,0.0,0.0625,0.0,0.0,0.0
Ta75-V25,B2_TERN_SOL_087_Ru_Hf75_V25,-0.017869185193268064,3.23816412,3.180813173,-0.946727169,6.125,0.0813951555025931,1.7896,0.4223266981851847,-11.88,Ta75-V25,0.0,0.75,0.25,0.0,B2_TERN_SOL_087_Ru_Hf75_V25,0.5,0.375,0.0,0.0,0.0,0.0,0.0,0.0,0.0,0.125,0.0,0.0,0.0
Ta75-V25,B2_TERN_SOL_088_Ru_Ti87_Nb12,-0.2762740604395239,3.23816412,2.452124543,-0.983188993,6.0625,0.04588506177003,1.8736,0.3266910467092724,-9.6112,Ta75-V25,0.0,0.75,0.25,0.0,B2_TERN_SOL_088_Ru_Ti87_Nb12,0.5,0.0,0.4375,0.0,0.0,0.0,0.0625,0.0,0.0,0.0,0.0,0.0,0.0
Ta75-V25,B2_TERN_SOL_089_Ru_Ti75_Nb25,-0.04266148203722877,3.23816412,3.102904429,-0.903188944,6.125,0.0454989552387946,1.8772,0.3233081502220444,-9.1648,Ta75-V25,0.0,0.75,0.25,0.0,B2_TERN_SOL_089_Ru_Ti75_Nb25,0.5,0.0,0.375,0.0,0.0,0.0,0.125,0.0,0.0,0.0,0.0,0.0,0.0
Ta75-V25,B2_TERN_SOL_090_Ru_Ti87_Mo12,-0.27992213062942645,3.23816412,2.443019595,-0.92145562,6.125,0.0449536510398423,1.9072,0.3256196554263886,-9.760000000000002,Ta75-V25,0.0,0.75,0.25,0.0,B2_TERN_SOL_090_Ru_Ti87_Mo12,0.5,0.0,0.4375,0.0,0.0,0.0625,0.0,0.0,0.0,0.0,0.0,0.0,0.0
Ta75-V25,B2_TERN_SOL_091_Ru_Ti75_Mo25,-0.048806357122393,3.23816412,3.083886002,-0.762838311,6.25,0.0433128345312989,1.9444,0.3168416639269527,-9.52,Ta75-V25,0.0,0.75,0.25,0.0,B2_TERN_SOL_091_Ru_Ti75_Mo25,0.5,0.0,0.375,0.0,0.0,0.125,0.0,0.0,0.0,0.0,0.0,0.0,0.0
Ta75-V25,B2_TERN_SOL_092_Ru_Ti87_Ta12,-0.27691602335212717,3.23816412,2.4505202,-1.012091649,6.0625,0.04588506177003,1.8676,0.3325270515311499,-9.28,Ta75-V25,0.0,0.75,0.25,0.0,B2_TERN_SOL_092_Ru_Ti87_Ta12,0.5,0.0,0.4375,0.0,0.0,0.0,0.0,0.0625,0.0,0.0,0.0,0.0,0.0
Ta75-V25,B2_TERN_SOL_093_Ru_Ti75_Ta25,-0.04398503652367446,3.23816412,3.098798357,-0.958150623,6.125,0.0454989552387946,1.8652,0.3350178502706983,-8.559999999999999,Ta75-V25,0.0,0.75,0.25,0.0,B2_TERN_SOL_093_Ru_Ti75_Ta25,0.5,0.0,0.375,0.0,0.0,0.0,0.0,0.125,0.0,0.0,0.0,0.0,0.0
Ta75-V25,B2_TERN_SOL_094_Ru_Ti87_W12,-0.27962208973951436,3.23816412,2.443767345,-0.933472753,6.125,0.0449536510398423,1.9192,0.338158779273879,-9.52,Ta75-V25,0.0,0.75,0.25,0.0,B2_TERN_SOL_094_Ru_Ti87_W12,0.5,0.0,0.4375,0.0,0.0,0.0,0.0,0.0,0.0625,0.0,0.0,0.0,0.0
Ta75-V25,B2_TERN_SOL_095_Ru_Ti75_W25,-0.049357427948073615,3.23816412,3.082186007,-0.789613358,6.25,0.0433128345312989,1.9684,0.3390596407713546,-9.04,Ta75-V25,0.0,0.75,0.25,0.0,B2_TERN_SOL_095_Ru_Ti75_W25,0.5,0.0,0.375,0.0,0.0,0.0,0.0,0.0,0.125,0.0,0.0,0.0,0.0
Ta75-V25,B2_TERN_SOL_096_Ru_Ti87_V12,-0.2841103680886442,3.23816412,2.432602346,-0.982724607,6.0625,0.0461854444311139,1.8754,0.3252581128888256,-9.04,Ta75-V25,0.0,0.75,0.25,0.0,B2_TERN_SOL_096_Ru_Ti87_V12,0.5,0.0,0.4375,0.0,0.0,0.0,0.0,0.0,0.0,0.0625,0.0,0.0,0.0
Ta75-V25,B2_TERN_SOL_097_Ru_Ti75_V25,-0.05821167244527336,3.23816412,3.05499642,-0.905306641,6.125,0.0454154582679287,1.8808,0.3203550530271062,-8.08,Ta75-V25,0.0,0.75,0.25,0.0,B2_TERN_SOL_097_Ru_Ti75_V25,0.5,0.0,0.375,0.0,0.0,0.0,0.0,0.0,0.0,0.125,0.0,0.0,0.0
Ta75-V25,B2_TERN_SOL_098_Ru_Zr87_Nb12,-0.22344482029222923,3.23816412,2.587326291,-0.890146496,6.0625,0.0860586382926536,1.7812,0.423370476060861,-16.756800000000002,Ta75-V25,0.0,0.75,0.25,0.0,B2_TERN_SOL_098_Ru_Zr87_Nb12,0.5,0.0,0.0,0.4375,0.0,0.0,0.0625,0.0,0.0,0.0,0.0,0.0,0.0
Ta75-V25,B2_TERN_SOL_099_Ru_Zr75_Nb25,0.0032419220692241533,3.23816412,3.24867904,-0.818094975,6.125,0.0831528643327092,1.7974,0.4107739524361301,-15.4272,Ta75-V25,0.0,0.75,0.25,0.0,B2_TERN_SOL_099_Ru_Zr75_Nb25,0.5,0.0,0.0,0.375,0.0,0.0,0.125,0.0,0.0,0.0,0.0,0.0,0.0
Ta75-V25,B2_TERN_SOL_100_Ru_Zr87_Mo12,-0.22657829054985196,3.23816412,2.579128061,-0.806967569,6.125,0.0870934949098326,1.8148,0.4298289892503762,-16.8,Ta75-V25,0.0,0.75,0.25,0.0,B2_TERN_SOL_100_Ru_Zr87_Mo12,0.5,0.0,0.0,0.4375,0.0,0.0625,0.0,0.0,0.0,0.0,0.0,0.0,0.0
Ta75-V25,B2_TERN_SOL_101_Ru_Zr75_Mo25,-0.003219576437289524,3.23816412,3.227755359,-0.655458039,6.25,0.084783177312234,1.8646000000000005,0.4187133148109814,-15.6,Ta75-V25,0.0,0.75,0.25,0.0,B2_TERN_SOL_101_Ru_Zr75_Mo25,0.5,0.0,0.0,0.375,0.0,0.125,0.0,0.0,0.0,0.0,0.0,0.0,0.0
Ta75-V25,B2_TERN_SOL_102_Ru_Zr87_Ta12,-0.22410351107818283,3.23816412,2.585601013,-0.911972703,6.0625,0.0860586382926536,1.7752,0.4265922643461787,-16.32,Ta75-V25,0.0,0.75,0.25,0.0,B2_TERN_SOL_102_Ru_Zr87_Ta12,0.5,0.0,0.0,0.4375,0.0,0.0,0.0,0.0625,0.0,0.0,0.0,0.0,0.0
Ta75-V25,B2_TERN_SOL_103_Ru_Zr75_Ta25,0.0019537668118129402,3.23816412,3.244496924,-0.863325979,6.125,0.0831528643327091,1.7854,0.4177664898002233,-14.64,Ta75-V25,0.0,0.75,0.25,0.0,B2_TERN_SOL_103_Ru_Zr75_Ta25,0.5,0.0,0.0,0.375,0.0,0.0,0.0,0.125,0.0,0.0,0.0,0.0,0.0
Ta75-V25,B2_TERN_SOL_104_Ru_Zr87_W12,-0.22643782954875033,3.23816412,2.579495061,-0.814514579,6.125,0.0870934949098326,1.8268,0.4419205358432667,-16.56,Ta75-V25,0.0,0.75,0.25,0.0,B2_TERN_SOL_104_Ru_Zr87_W12,0.5,0.0,0.0,0.4375,0.0,0.0,0.0,0.0,0.0625,0.0,0.0,0.0,0.0
Ta75-V25,B2_TERN_SOL_105_Ru_Zr75_W25,-0.0027018337789891846,3.23816412,3.229426942,-0.661370427,6.25,0.084783177312234,1.8886,0.4401409319752027,-15.12,Ta75-V25,0.0,0.75,0.25,0.0,B2_TERN_SOL_105_Ru_Zr75_W25,0.5,0.0,0.0,0.375,0.0,0.0,0.0,0.0,0.125,0.0,0.0,0.0,0.0
Ta75-V25,B2_TERN_SOL_106_Ru_Zr87_V12,-0.2292658054752513,3.23816412,2.572114963,-0.856520623,6.0625,0.0887380403728719,1.783,0.4226594373724548,-16.08,Ta75-V25,0.0,0.75,0.25,0.0,B2_TERN_SOL_106_Ru_Zr87_V12,0.5,0.0,0.0,0.4375,0.0,0.0,0.0,0.0,0.0,0.0625,0.0,0.0,0.0
Ta75-V25,B2_TERN_SOL_107_Ru_Zr75_V25,-0.009240672340727545,3.23816412,3.208378924,-0.759667971,6.125,0.0877123126458997,1.8010000000000002,0.4091564492953766,-14.16,Ta75-V25,0.0,0.75,0.25,0.0,B2_TERN_SOL_107_Ru_Zr75_V25,0.5,0.0,0.0,0.375,0.0,0.0,0.0,0.0,0.0,0.125,0.0,0.0,0.0
Ta75-V25,B2_PENALTY_108_Ru100Al0_Hf,0.45309056792620345,3.23816412,5.135083991,-1.187745448,6.0,0.0821917808219178,1.75,0.45,-15.0,Ta75-V25,0.0,0.75,0.25,0.0,B2_PENALTY_108_Ru100Al0_Hf,0.5,0.5,0.0,0.0,0.0,0.0,0.0,0.0,0.0,0.0,0.0,0.0,0.0
Ta75-V25,B2_PENALTY_109_Ru87Al12_Hf,-0.22662910850048099,3.23816412,2.578995294,-1.06443911,5.6875,0.0794670531912796,1.7146,0.4362027510229618,-15.312,Ta75-V25,0.0,0.75,0.25,0.0,B2_PENALTY_109_Ru87Al12_Hf,0.4375,0.5,0.0,0.0,0.0625,0.0,0.0,0.0,0.0,0.0,0.0,0.0,0.0
Ta75-V25,B2_PENALTY_110_Ru75Al25_Hf,0.008183016678822702,3.23816412,3.264770933,-0.95574225,5.375,0.0765104674756606,1.6792000000000002,0.4189741758151689,-15.048,Ta75-V25,0.0,0.75,0.25,0.0,B2_PENALTY_110_Ru75Al25_Hf,0.375,0.5,0.0,0.0,0.125,0.0,0.0,0.0,0.0,0.0,0.0,0.0,0.0
Ta75-V25,B2_PENALTY_111_Ru62Al37_Hf,-0.21708491440473893,3.23816412,2.60403723,-0.842813539,5.0625,0.072734714189907,1.6379,0.3939322149812072,-14.012,Ta75-V25,0.0,0.75,0.25,0.0,B2_PENALTY_111_Ru62Al37_Hf,0.3125,0.5,0.0,0.0,0.1875,0.0,0.0,0.0,0.0,0.0,0.0,0.0,0.0
Ta75-V25,B2_PENALTY_112_Ru50Al50_Hf,0.24747780014875007,3.23816412,4.152701731,-0.729649314,4.75,0.0691810843061248,1.6025,0.3674489760497368,-12.5,Ta75-V25,0.0,0.75,0.25,0.0,B2_PENALTY_112_Ru50Al50_Hf,0.25,0.5,0.0,0.0,0.25,0.0,0.0,0.0,0.0,0.0,0.0,0.0,0.0
Ta75-V25,B2_PENALTY_113_Ru87Cr12_Hf,-0.23295995689069335,3.23816412,2.562502587,-1.035615577,5.875,0.0853931303142513,1.7176,0.4356446258132884,-12.672,Ta75-V25,0.0,0.75,0.25,0.0,B2_PENALTY_113_Ru87Cr12_Hf,0.4375,0.5,0.0,0.0,0.0,0.0,0.0,0.0,0.0,0.0,0.0625,0.0,0.0
Ta75-V25,B2_PENALTY_114_Ru75Cr25_Hf,-0.00394191289633134,3.23816412,3.225424668,-0.878162691,5.75,0.0884389348964152,1.6852000000000005,0.4182976930369089,-10.488,Ta75-V25,0.0,0.75,0.25,0.0,B2_PENALTY_114_Ru75Cr25_Hf,0.375,0.5,0.0,0.0,0.0,0.0,0.0,0.0,0.0,0.0,0.125,0.0,0.0
Ta75-V25,B2_PENALTY_115_Ru62Cr37_Hf,-0.23518685458005584,3.23816412,2.556723432,-0.716377173,5.625,0.0918154837201231,1.6474000000000002,0.3937476857074846,-8.122,Ta75-V25,0.0,0.75,0.25,0.0,B2_PENALTY_115_Ru62Cr37_Hf,0.3125,0.5,0.0,0.0,0.0,0.0,0.0,0.0,0.0,0.0,0.1875,0.0,0.0
Ta75-V25,B2_PENALTY_116_Ru50Cr50_Hf,0.22365146118412949,3.23816412,4.053567315,-0.552796357,5.5,0.09457197487001,1.615,0.3683408747342603,-6.25,Ta75-V25,0.0,0.75,0.25,0.0,B2_PENALTY_116_Ru50Cr50_Hf,0.25,0.5,0.0,0.0,0.0,0.0,0.0,0.0,0.0,0.0,0.25,0.0,0.0
Ta75-V25,B2_PENALTY_117_Ru87Cu12_Hf,-0.2302933278771102,3.23816412,2.569438099,-1.045192975,6.1875,0.0853931303142513,1.7320000000000002,0.4374654272053965,-14.4672,Ta75-V25,0.0,0.75,0.25,0.0,B2_PENALTY_117_Ru87Cu12_Hf,0.4375,0.5,0.0,0.0,0.0,0.0,0.0,0.0,0.0,0.0,0.0,0.0625,0.0
Ta75-V25,B2_PENALTY_118_Ru75Cu25_Hf,-0.0005876344920897947,3.23816412,3.236261822,-0.923389889,6.375,0.0884389348964152,1.7140000000000002,0.4237971212738473,-13.5888,Ta75-V25,0.0,0.75,0.25,0.0,B2_PENALTY_118_Ru75Cu25_Hf,0.375,0.5,0.0,0.0,0.0,0.0,0.0,0.0,0.0,0.0,0.0,0.125,0.0
Ta75-V25,B2_PENALTY_119_Ru62Cu37_Hf,-0.23074010719983357,3.23816412,2.568274935,-0.799684359,6.5625,0.0918154837201231,1.693,0.4062646920420233,-12.1272,Ta75-V25,0.0,0.75,0.25,0.0,B2_PENALTY_119_Ru62Cu37_Hf,0.3125,0.5,0.0,0.0,0.0,0.0,0.0,0.0,0.0,0.0,0.0,0.1875,0.0
Ta75-V25,B2_PENALTY_120_Ru50Cu50_Hf,0.22926427897442067,3.23816412,4.076680397,-0.677358279,6.75,0.09457197487001,1.675,0.3897114317029974,-10.5,Ta75-V25,0.0,0.75,0.25,0.0,B2_PENALTY_120_Ru50Cu50_Hf,0.25,0.5,0.0,0.0,0.0,0.0,0.0,0.0,0.0,0.0,0.0,0.25,0.0
Ta75-V25,B2_PENALTY_121_Ru87Si12_Hf,-0.22848216341964567,3.23816412,2.574158138,-1.089550642,5.75,0.0937602843775687,1.7320000000000002,0.4374654272053965,-12.3552,Ta75-V25,0.0,0.75,0.25,0.0,B2_PENALTY_121_Ru87Si12_Hf,0.4375,0.5,0.0,0.0,0.0,0.0,0.0,0.0,0.0,0.0,0.0,0.0,0.0625
Ta75-V25,B2_PENALTY_122_Ru75Si25_Hf,0.003159851401608755,3.23816412,3.248412429,-1.009713639,5.5,0.1038426921242283,1.7140000000000002,0.4237971212738473,-9.9408,Ta75-V25,0.0,0.75,0.25,0.0,B2_PENALTY_122_Ru75Si25_Hf,0.375,0.5,0.0,0.0,0.0,0.0,0.0,0.0,0.0,0.0,0.0,0.0,0.125
Ta75-V25,B2_PENALTY_123_Ru62Si37_Hf,-0.225048694024765,3.23816412,2.583127124,-0.920694427,5.25,0.1142356063938751,1.693,0.4062646920420233,-7.4152,Ta75-V25,0.0,0.75,0.25,0.0,B2_PENALTY_123_Ru62Si37_Hf,0.3125,0.5,0.0,0.0,0.0,0.0,0.0,0.0,0.0,0.0,0.0,0.0,0.1875
Ta75-V25,B2_PENALTY_124_Ru50Si50_Hf,0.236791220742572,3.23816412,4.107906653,-0.838327211,5.0,0.1222287117389678,1.6750000000000005,0.3897114317029974,-5.5,Ta75-V25,0.0,0.75,0.25,0.0,B2_PENALTY_124_Ru50Si50_Hf,0.25,0.5,0.0,0.0,0.0,0.0,0.0,0.0,0.0,0.0,0.0,0.0,0.25
Ta75-V25,B2_PENALTY_125_Ru100Al0_Ti,0.40481970598111244,3.23816412,4.881705796,-1.057956866,6.0,0.0462633451957295,1.87,0.33,-10.0,Ta75-V25,0.0,0.75,0.25,0.0,B2_PENALTY_125_Ru100Al0_Ti,0.5,0.0,0.5,0.0,0.0,0.0,0.0,0.0,0.0,0.0,0.0,0.0,0.0
Ta75-V25,B2_PENALTY_126_Ru87Al12_Ti,-0.2769623584450434,3.23816412,2.450404438,-0.970267174,5.6875,0.0447291357659921,1.8346,0.3242974560492266,-10.912,Ta75-V25,0.0,0.75,0.25,0.0,B2_PENALTY_126_Ru87Al12_Ti,0.4375,0.0,0.5,0.0,0.0625,0.0,0.0,0.0,0.0,0.0,0.0,0.0,0.0
Ta75-V25,B2_PENALTY_127_Ru75Al25_Ti,-0.04369576559068619,3.23816412,3.09969531,-0.88819063,5.375,0.0428259601061415,1.7992,0.3145335594177512,-11.248,Ta75-V25,0.0,0.75,0.25,0.0,B2_PENALTY_127_Ru75Al25_Ti,0.375,0.0,0.5,0.0,0.125,0.0,0.0,0.0,0.0,0.0,0.0,0.0,0.0
Ta75-V25,B2_PENALTY_128_Ru62Al37_Ti,-0.268599346410001,3.23816412,2.471374896,-0.804440265,5.0625,0.0400790404298587,1.7579,0.2974669561480737,-10.912,Ta75-V25,0.0,0.75,0.25,0.0,B2_PENALTY_128_Ru62Al37_Ti,0.3125,0.0,0.5,0.0,0.1875,0.0,0.0,0.0,0.0,0.0,0.0,0.0,0.0
Ta75-V25,B2_PENALTY_129_Ru50Al50_Ti,0.19543515074919757,3.23816412,3.939553259,-0.713701673,4.75,0.0371922251866817,1.7225,0.2771619562638422,-10.0,Ta75-V25,0.0,0.75,0.25,0.0,B2_PENALTY_129_Ru50Al50_Ti,0.25,0.0,0.5,0.0,0.25,0.0,0.0,0.0,0.0,0.0,0.0,0.0,0.0
Ta75-V25,B2_PENALTY_130_Ru87Cr12_Ti,-0.2833873561123762,3.23816412,2.434397938,-0.94270459,5.875,0.0499298619726951,1.8376,0.3224317602222213,-8.272,Ta75-V25,0.0,0.75,0.25,0.0,B2_PENALTY_130_Ru87Cr12_Ti,0.4375,0.0,0.5,0.0,0.0,0.0,0.0,0.0,0.0,0.0,0.0625,0.0,0.0
Ta75-V25,B2_PENALTY_131_Ru75Cr25_Ti,-0.056103546702259706,3.23816412,3.061448806,-0.80961964,5.75,0.0532543770850372,1.8052,0.3113277372801852,-6.688,Ta75-V25,0.0,0.75,0.25,0.0,B2_PENALTY_131_Ru75Cr25_Ti,0.375,0.0,0.5,0.0,0.0,0.0,0.0,0.0,0.0,0.0,0.125,0.0,0.0
Ta75-V25,B2_PENALTY_132_Ru62Cr37_Ti,-0.28739053568547634,3.23816412,2.424470344,-0.675679922,5.625,0.0567786551293567,1.7674,0.2933619607242902,-5.022,Ta75-V25,0.0,0.75,0.25,0.0,B2_PENALTY_132_Ru62Cr37_Ti,0.3125,0.0,0.5,0.0,0.0,0.0,0.0,0.0,0.0,0.0,0.1875,0.0,0.0
Ta75-V25,B2_PENALTY_133_Ru50Cr50_Ti,0.16997186096260342,3.23816412,3.839681408,-0.538077974,5.5,0.0595429689109598,1.735,0.2729010809799038,-3.75,Ta75-V25,0.0,0.75,0.25,0.0,B2_PENALTY_133_Ru50Cr50_Ti,0.25,0.0,0.5,0.0,0.0,0.0,0.0,0.0,0.0,0.0,0.25,0.0,0.0
Ta75-V25,B2_PENALTY_134_Ru87Cu12_Ti,-0.2806133978843099,3.23816412,2.441297595,-0.919729937,6.1875,0.0499298619726951,1.852,0.3195246469366644,-10.0672,Ta75-V25,0.0,0.75,0.25,0.0,B2_PENALTY_134_Ru87Cu12_Ti,0.4375,0.0,0.5,0.0,0.0,0.0,0.0,0.0,0.0,0.0,0.0,0.0625,0.0
Ta75-V25,B2_PENALTY_135_Ru75Cu25_Ti,-0.05179574627377098,3.23816412,3.074675013,-0.801717189,6.375,0.0532543770850372,1.834,0.3076426498390625,-9.7888,Ta75-V25,0.0,0.75,0.25,0.0,B2_PENALTY_135_Ru75Cu25_Ti,0.375,0.0,0.5,0.0,0.0,0.0,0.0,0.0,0.0,0.0,0.0,0.125,0.0
Ta75-V25,B2_PENALTY_136_Ru62Cu37_Ti,-0.28106392219114995,3.23816412,2.440175866,-0.680640909,6.5625,0.0567786551293567,1.813,0.2917721713940519,-9.0272,Ta75-V25,0.0,0.75,0.25,0.0,B2_PENALTY_136_Ru62Cu37_Ti,0.3125,0.0,0.5,0.0,0.0,0.0,0.0,0.0,0.0,0.0,0.0,0.1875,0.0
Ta75-V25,B2_PENALTY_137_Ru50Cu50_Ti,0.17848044120520876,3.23816412,3.872743044,-0.557797759,6.75,0.0595429689109598,1.7950000000000002,0.2761792895928295,-8.0,Ta75-V25,0.0,0.75,0.25,0.0,B2_PENALTY_137_Ru50Cu50_Ti,0.25,0.0,0.5,0.0,0.0,0.0,0.0,0.0,0.0,0.0,0.0,0.25,0.0
Ta75-V25,B2_PENALTY_138_Ru87Si12_Ti,-0.2795894553498496,3.23816412,2.443848687,-0.989505902,5.75,0.0607546208741894,1.852,0.3195246469366644,-7.9552,Ta75-V25,0.0,0.75,0.25,0.0,B2_PENALTY_138_Ru87Si12_Ti,0.4375,0.0,0.5,0.0,0.0,0.0,0.0,0.0,0.0,0.0,0.0,0.0,0.0625
Ta75-V25,B2_PENALTY_139_Ru75Si25_Ti,-0.04940146396807636,3.23816412,3.0820502,-0.93611645,5.5,0.0719655963958058,1.834,0.3076426498390625,-6.1408,Ta75-V25,0.0,0.75,0.25,0.0,B2_PENALTY_139_Ru75Si25_Ti,0.375,0.0,0.5,0.0,0.0,0.0,0.0,0.0,0.0,0.0,0.0,0.0,0.125
Ta75-V25,B2_PENALTY_140_Ru62Si37_Ti,-0.27773680084549623,3.23816412,2.448470295,-0.869757039,5.25,0.0826499299050591,1.813,0.2917721713940519,-4.3152,Ta75-V25,0.0,0.75,0.25,0.0,B2_PENALTY_140_Ru62Si37_Ti,0.3125,0.0,0.5,0.0,0.0,0.0,0.0,0.0,0.0,0.0,0.0,0.0,0.1875
Ta75-V25,B2_PENALTY_141_Ru50Si50_Ti,0.18299347545087186,3.23816412,3.890404933,-0.808674347,5.0,0.090393746324797,1.795,0.2761792895928295,-3.0,Ta75-V25,0.0,0.75,0.25,0.0,B2_PENALTY_141_Ru50Si50_Ti,0.25,0.0,0.5,0.0,0.0,0.0,0.0,0.0,0.0,0.0,0.0,0.0,0.25
Ta75-V25,B2_PENALTY_142_Ru100Al0_Zr,0.4639690715251412,3.23816412,5.194385147,-0.960777489,6.0,0.0884353741496598,1.765,0.435,-18.0,Ta75-V25,0.0,0.75,0.25,0.0,B2_PENALTY_142_Ru100Al0_Zr,0.5,0.0,0.0,0.5,0.0,0.0,0.0,0.0,0.0,0.0,0.0,0.0,0.0
Ta75-V25,B2_PENALTY_143_Ru87Al12_Zr,-0.2153040283359119,3.23816412,2.608733784,-0.873588029,5.6875,0.0856069896776228,1.7296,0.421971373436635,-17.951999999999998,Ta75-V25,0.0,0.75,0.25,0.0,B2_PENALTY_143_Ru87Al12_Zr,0.4375,0.0,0.0,0.5,0.0625,0.0,0.0,0.0,0.0,0.0,0.0,0.0,0.0
Ta75-V25,B2_PENALTY_144_Ru75Al25_Zr,0.019638654474735822,3.23816412,3.302387941,-0.797935587,5.375,0.0825630715605787,1.6942000000000002,0.4054483444287324,-17.328,Ta75-V25,0.0,0.75,0.25,0.0,B2_PENALTY_144_Ru75Al25_Zr,0.375,0.0,0.0,0.5,0.125,0.0,0.0,0.0,0.0,0.0,0.0,0.0,0.0
Ta75-V25,B2_PENALTY_145_Ru62Al37_Zr,-0.20583557242140418,3.23816412,2.633831346,-0.726652657,5.0625,0.0787099182537501,1.6529,0.381143791763686,-15.872,Ta75-V25,0.0,0.75,0.25,0.0,B2_PENALTY_145_Ru62Al37_Zr,0.3125,0.0,0.0,0.5,0.1875,0.0,0.0,0.0,0.0,0.0,0.0,0.0,0.0
Ta75-V25,B2_PENALTY_146_Ru50Al50_Zr,0.25845642877335684,3.23816412,4.199293486,-0.654418284,4.75,0.0751158704347694,1.6175000000000002,0.3552024070864386,-14.0,Ta75-V25,0.0,0.75,0.25,0.0,B2_PENALTY_146_Ru50Al50_Zr,0.25,0.0,0.0,0.5,0.25,0.0,0.0,0.0,0.0,0.0,0.0,0.0,0.0
Ta75-V25,B2_PENALTY_147_Ru87Cr12_Zr,-0.22159418676715134,3.23816412,2.592179044,-0.824075051,5.875,0.0915913075118357,1.7326,0.4212875977286776,-15.312,Ta75-V25,0.0,0.75,0.25,0.0,B2_PENALTY_147_Ru87Cr12_Zr,0.4375,0.0,0.0,0.5,0.0,0.0,0.0,0.0,0.0,0.0,0.0625,0.0,0.0
Ta75-V25,B2_PENALTY_148_Ru75Cr25_Zr,0.00733566808014323,3.23816412,3.262005664,-0.675888976,5.75,0.0946071432924222,1.7002000000000002,0.4045268347093924,-12.768,Ta75-V25,0.0,0.75,0.25,0.0,B2_PENALTY_148_Ru75Cr25_Zr,0.375,0.0,0.0,0.5,0.0,0.0,0.0,0.0,0.0,0.0,0.125,0.0,0.0
Ta75-V25,B2_PENALTY_149_Ru62Cr37_Zr,-0.2241417866495788,3.23816412,2.585500791,-0.525764636,5.625,0.097964971374696,1.6624,0.3805788223219995,-9.982,Ta75-V25,0.0,0.75,0.25,0.0,B2_PENALTY_149_Ru62Cr37_Zr,0.3125,0.0,0.0,0.5,0.0,0.0,0.0,0.0,0.0,0.0,0.1875,0.0,0.0
Ta75-V25,B2_PENALTY_150_Ru50Cr50_Zr,0.2344879363312722,3.23816412,4.09832298,-0.377855166,5.5,0.100717188245724,1.63,0.355598087733891,-7.75,Ta75-V25,0.0,0.75,0.25,0.0,B2_PENALTY_150_Ru50Cr50_Zr,0.25,0.0,0.0,0.5,0.0,0.0,0.0,0.0,0.0,0.0,0.25,0.0,0.0
Ta75-V25,B2_PENALTY_151_Ru87Cu12_Zr,-0.21914255918828526,3.23816412,2.598620194,-0.842497728,6.1875,0.0915913075118357,1.747,0.4226594373724548,-17.1072,Ta75-V25,0.0,0.75,0.25,0.0,B2_PENALTY_151_Ru87Cu12_Zr,0.4375,0.0,0.0,0.5,0.0,0.0,0.0,0.0,0.0,0.0,0.0,0.0625,0.0
Ta75-V25,B2_PENALTY_152_Ru75Cu25_Zr,0.010721673197652744,3.23816412,3.273069781,-0.744916574,6.375,0.0946071432924222,1.729,0.4091564492953766,-15.8688,Ta75-V25,0.0,0.75,0.25,0.0,B2_PENALTY_152_Ru75Cu25_Zr,0.375,0.0,0.0,0.5,0.0,0.0,0.0,0.0,0.0,0.0,0.0,0.125,0.0
Ta75-V25,B2_PENALTY_153_Ru62Cu37_Zr,-0.21951170648650314,3.23816412,2.597649425,-0.643740809,6.5625,0.097964971374696,1.708,0.3917728933961614,-13.9872,Ta75-V25,0.0,0.75,0.25,0.0,B2_PENALTY_153_Ru62Cu37_Zr,0.3125,0.0,0.0,0.5,0.0,0.0,0.0,0.0,0.0,0.0,0.0,0.1875,0.0
Ta75-V25,B2_PENALTY_154_Ru50Cu50_Zr,0.2407219634630576,3.23816412,4.124319928,-0.545283305,6.75,0.100717188245724,1.6900000000000002,0.3752998800959041,-12.0,Ta75-V25,0.0,0.75,0.25,0.0,B2_PENALTY_154_Ru50Cu50_Zr,0.25,0.0,0.0,0.5,0.0,0.0,0.0,0.0,0.0,0.0,0.0,0.25,0.0
Ta75-V25,B2_PENALTY_155_Ru87Si12_Zr,-0.21729340035746023,3.23816412,2.603487904,-0.898605077,5.75,0.0996987498196708,1.747,0.4226594373724548,-14.9952,Ta75-V25,0.0,0.75,0.25,0.0,B2_PENALTY_155_Ru87Si12_Zr,0.4375,0.0,0.0,0.5,0.0,0.0,0.0,0.0,0.0,0.0,0.0,0.0,0.0625
Ta75-V25,B2_PENALTY_156_Ru75Si25_Zr,0.014488408329561055,3.23816412,3.285422312,-0.857108746,5.5,0.1096308366502065,1.729,0.4091564492953766,-12.2208,Ta75-V25,0.0,0.75,0.25,0.0,B2_PENALTY_156_Ru75Si25_Zr,0.375,0.0,0.0,0.5,0.0,0.0,0.0,0.0,0.0,0.0,0.0,0.0,0.125
Ta75-V25,B2_PENALTY_157_Ru62Si37_Zr,-0.214079214831195,3.23816412,2.611968248,-0.806319256,5.25,0.1199620550667942,1.708,0.3917728933961614,-9.2752,Ta75-V25,0.0,0.75,0.25,0.0,B2_PENALTY_157_Ru62Si37_Zr,0.3125,0.0,0.0,0.5,0.0,0.0,0.0,0.0,0.0,0.0,0.0,0.0,0.1875
Ta75-V25,B2_PENALTY_158_Ru50Si50_Zr,0.2469405923704074,3.23816412,4.150436873,-0.770078956,5.0,0.127965781170799,1.69,0.3752998800959041,-7.0,Ta75-V25,0.0,0.75,0.25,0.0,B2_PENALTY_158_Ru50Si50_Zr,0.25,0.0,0.0,0.5,0.0,0.0,0.0,0.0,0.0,0.0,0.0,0.0,0.25
Ta75-V25,B2_MULTI_159_A_Ru87_Al12_B_HfTi,-0.250074892323374,3.23816412,2.518380484,-0.993246203,5.6875,0.0678797217863284,1.7746000000000002,0.3889997943444186,-13.112,Ta75-V25,0.0,0.75,0.25,0.0,B2_MULTI_159_A_Ru87_Al12_B_HfTi,0.4375,0.25,0.25,0.0,0.0625,0.0,0.0,0.0,0.0,0.0,0.0,0.0,0.0
Ta75-V25,B2_MULTI_160_A_Ru75_Al25_B_HfTi,-0.016099614475092398,3.23816412,3.186447237,-0.900034303,5.375,0.0654597746128897,1.7392,0.3752803751863399,-13.148,Ta75-V25,0.0,0.75,0.25,0.0,B2_MULTI_160_A_Ru75_Al25_B_HfTi,0.375,0.25,0.25,0.0,0.125,0.0,0.0,0.0,0.0,0.0,0.0,0.0,0.0
Ta75-V25,B2_MULTI_161_A_Ru87_Al12_B_HfZr,-0.22090672593664054,3.23816412,2.593983772,-0.966894404,5.6875,0.0826853853075511,1.7221000000000002,0.4292115911761937,-16.631999999999998,Ta75-V25,0.0,0.75,0.25,0.0,B2_MULTI_161_A_Ru87_Al12_B_HfZr,0.4375,0.25,0.0,0.25,0.0625,0.0,0.0,0.0,0.0,0.0,0.0,0.0,0.0
Ta75-V25,B2_MULTI_162_A_Ru75_Al25_B_HfZr,0.01400014439688958,3.23816412,3.283818469,-0.87583034,5.375,0.0796873228030491,1.6867,0.4123349487976978,-16.188,Ta75-V25,0.0,0.75,0.25,0.0,B2_MULTI_162_A_Ru75_Al25_B_HfZr,0.375,0.25,0.0,0.25,0.125,0.0,0.0,0.0,0.0,0.0,0.0,0.0,0.0
Ta75-V25,B2_MULTI_163_A_Ru87_Al12_B_HfAl,-0.2591351841450383,3.23816412,2.495293785,-4.954411074,2.8125,0.0553065594713224,1.8678,0.3451393341825878,-18.8,Ta75-V25,0.0,0.75,0.25,0.0,B2_MULTI_163_A_Ru87_Al12_B_HfAl,0.25,0.0625,0.0,0.0,0.1875,0.0,0.0,0.0,0.0,0.0,0.0,0.0,0.0
Ta75-V25,B2_MULTI_163_A_Ru87_Al13_B_HfAl,-0.2592678890812475,3.23816412,2.494957013,-1.044063929,5.4375,0.0671169315930914,1.7921,0.3795109879832204,-17.512,Ta75-V25,0.0,0.75,0.25,0.0,B2_MULTI_163_A_Ru87_Al13_B_HfAl,0.4375,0.25,0.0,0.0,0.3125,0.0,0.0,0.0,0.0,0.0,0.0,0.0,0.0
Ta75-V25,B2_MULTI_164_A_Ru75_Al25_B_HfAl,-0.024162755170398894,3.23816412,3.160855152,-0.932800309,5.125,0.0647257979106258,1.7552475247524757,0.3655934929642944,-16.912067444368198,Ta75-V25,0.0,0.75,0.25,0.0,B2_MULTI_164_A_Ru75_Al25_B_HfAl,0.375,0.25,0.0,0.0,0.375,0.0,0.0,0.0,0.0,0.0,0.0,0.0,0.0
Ta75-V25,B2_MULTI_165_A_Ru87_Al12_B_TiZr,-0.2441157498414652,3.23816412,2.533666714,-0.881935538,5.6875,0.0727621617453034,1.7821000000000002,0.3799613006610016,-14.432,Ta75-V25,0.0,0.75,0.25,0.0,B2_MULTI_165_A_Ru87_Al12_B_TiZr,0.4375,0.0,0.25,0.25,0.0625,0.0,0.0,0.0,0.0,0.0,0.0,0.0,0.0
Ta75-V25,B2_MULTI_166_A_Ru75_Al25_B_TiZr,-0.009869587559791344,3.23816412,3.206361714,-0.808063227,5.375,0.0703058182976203,1.7467,0.3666280267519111,-14.288,Ta75-V25,0.0,0.75,0.25,0.0,B2_MULTI_166_A_Ru75_Al25_B_TiZr,0.375,0.0,0.25,0.25,0.125,0.0,0.0,0.0,0.0,0.0,0.0,0.0,0.0
Ta75-V25,B2_MULTI_167_A_Ru87_Al12_B_TiAl,-0.28734934862131634,3.23816412,2.424572308,-5.952786629,1.5,0.0273038199437399,1.694324324324325,0.2239032192052839,-9.817384952520088,Ta75-V25,0.0,0.75,0.25,0.0,B2_MULTI_167_A_Ru87_Al12_B_TiAl,0.0625,0.0,0.0625,0.0,0.25,0.0,0.0,0.0,0.0,0.0,0.0,0.0,0.0
Ta75-V25,B2_MULTI_167_A_Ru87_Al13_B_TiAl,-0.2873906164743965,3.23816412,2.424470144,-1.021190861,5.4375,0.0396803315535911,1.8521,0.309477931361834,-15.312,Ta75-V25,0.0,0.75,0.25,0.0,B2_MULTI_167_A_Ru87_Al13_B_TiAl,0.4375,0.0,0.25,0.0,0.3125,0.0,0.0,0.0,0.0,0.0,0.0,0.0,0.0
Ta75-V25,B2_MULTI_168_A_Ru75_Al25_B_TiAl,-0.05302281396017649,3.23816412,3.070901903,-0.941385339,5.125,0.0380980563492807,1.814653465346535,0.3004965012116891,-15.049504950495049,Ta75-V25,0.0,0.75,0.25,0.0,B2_MULTI_168_A_Ru75_Al25_B_TiAl,0.375,0.0,0.25,0.0,0.375,0.0,0.0,0.0,0.0,0.0,0.0,0.0,0.0
Ta75-V25,B2_MULTI_169_A_Ru87_Al12_B_ZrAl,-0.25240139227430775,3.23816412,2.512434563,-3.978965604,3.1875,0.0773292902137734,1.9146938775510205,0.3828683476015858,-17.35276967930029,Ta75-V25,0.0,0.75,0.25,0.0,B2_MULTI_169_A_Ru87_Al12_B_ZrAl,0.3125,0.0,0.0,0.125,0.0625,0.0,0.0,0.0,0.0,0.0,0.0,0.0,0.0
Ta75-V25,B2_MULTI_169_A_Ru87_Al13_B_ZrAl,-0.25240174478744276,3.23816412,2.512433663,-0.95203949,5.4375,0.0724611766706071,1.7996,0.3698862527859072,-18.832,Ta75-V25,0.0,0.75,0.25,0.0,B2_MULTI_169_A_Ru87_Al13_B_ZrAl,0.4375,0.0,0.0,0.25,0.3125,0.0,0.0,0.0,0.0,0.0,0.0,0.0,0.0
Ta75-V25,B2_MULTI_170_A_Ru75_Al25_B_ZrAl,-0.018088556188134312,3.23816412,3.180115415,-0.885427863,5.125,0.0699929276125827,1.762673267326733,0.356461962724668,-18.02960494069209,Ta75-V25,0.0,0.75,0.25,0.0,B2_MULTI_170_A_Ru75_Al25_B_ZrAl,0.375,0.0,0.0,0.25,0.375,0.0,0.0,0.0,0.0,0.0,0.0,0.0,0.0
